2026-03-01T14:55:07.764223,(2(0)-1772394907:764223),CdhCore.version.FrameworkVersion,16789504,v4.1.1
2026-03-01T14:55:07.764228,(2(0)-1772394907:764228),CdhCore.version.ProjectVersion,16789505,ef106fd-dirty
2026-03-01T14:55:08.764925,(2(0)-1772394908:764925),GncDeployment.rateGroup2.RgMaxTime,268443648,76 us
2026-03-01T14:55:08.764991,(2(0)-1772394908:764991),GncDeployment.systemResources.CPU_00,268509189,21.83 percent
2026-03-01T14:55:08.765003,(2(0)-1772394908:765003),ComCcsds.commsBufferManager.HiBuffs,33562626,1
2026-03-01T14:55:08.765110,(2(0)-1772394908:765110),ComCcsds.commsBufferManager.CurrBuffs,33562625,1
2026-03-01T14:55:08.765112,(2(0)-1772394908:765112),ComCcsds.commsBufferManager.TotalBuffs,33562624,50
2026-03-01T14:55:08.765113,(2(0)-1772394908:765113),ComCcsds.commsBufferManager.NoBuffs,33562627,0
2026-03-01T14:55:08.765114,(2(0)-1772394908:765114),ComCcsds.commsBufferManager.EmptyBuffs,33562628,0
2026-03-01T14:55:08.765116,(2(0)-1772394908:765116),DataProducts.dpBufferManager.HiBuffs,67121154,0
2026-03-01T14:55:08.765117,(2(0)-1772394908:765117),DataProducts.dpBufferManager.CurrBuffs,67121153,0
2026-03-01T14:55:08.765118,(2(0)-1772394908:765118),DataProducts.dpBufferManager.TotalBuffs,67121152,10
2026-03-01T14:55:08.765119,(2(0)-1772394908:765119),DataProducts.dpBufferManager.NoBuffs,67121155,0
2026-03-01T14:55:08.765120,(2(0)-1772394908:765120),DataProducts.dpBufferManager.EmptyBuffs,67121156,0
2026-03-01T14:55:08.765123,(2(0)-1772394908:765123),GncDeployment.systemResources.CPU_01,268509190,20.36 percent
2026-03-01T14:55:08.765138,(2(0)-1772394908:765138),GncDeployment.rateGroup3.RgMaxTime,268447744,294 us
2026-03-01T14:55:08.765143,(2(0)-1772394908:765143),GncDeployment.systemResources.CPU_02,268509191,17.23 percent
2026-03-01T14:55:08.765162,(2(0)-1772394908:765162),GncDeployment.systemResources.CPU_03,268509192,15.03 percent
2026-03-01T14:55:08.765178,(2(0)-1772394908:765178),GncDeployment.systemResources.CPU_04,268509193,10.30 percent
2026-03-01T14:55:08.765192,(2(0)-1772394908:765192),DataProducts.dpMgr.NumSuccessfulAllocations,67112960,0
2026-03-01T14:55:08.765195,(2(0)-1772394908:765195),DataProducts.dpMgr.NumFailedAllocations,67112961,0
2026-03-01T14:55:08.765196,(2(0)-1772394908:765196),GncDeployment.systemResources.CPU_05,268509194,8.23 percent
2026-03-01T14:55:08.765197,(2(0)-1772394908:765197),DataProducts.dpMgr.NumDataProducts,67112962,0
2026-03-01T14:55:08.765199,(2(0)-1772394908:765199),DataProducts.dpMgr.NumBytes,67112963,0
2026-03-01T14:55:08.765213,(2(0)-1772394908:765213),GncDeployment.systemResources.CPU_06,268509195,4.91 percent
2026-03-01T14:55:08.765223,(2(0)-1772394908:765223),DataProducts.dpWriter.NumBuffersReceived,67117056,0
2026-03-01T14:55:08.765225,(2(0)-1772394908:765225),DataProducts.dpWriter.NumBytesWritten,67117057,0
2026-03-01T14:55:08.765227,(2(0)-1772394908:765227),DataProducts.dpWriter.NumSuccessfulWrites,67117058,0
2026-03-01T14:55:08.765228,(2(0)-1772394908:765228),DataProducts.dpWriter.NumFailedWrites,67117059,0
2026-03-01T14:55:08.765230,(2(0)-1772394908:765230),DataProducts.dpWriter.NumErrors,67117060,0
2026-03-01T14:55:08.765231,(2(0)-1772394908:765231),GncDeployment.systemResources.CPU_07,268509196,3.71 percent
2026-03-01T14:55:08.765234,(2(0)-1772394908:765234),GncDeployment.systemResources.CPU,268509188,12.70 percent
2026-03-01T14:55:08.765246,(2(0)-1772394908:765246),GncDeployment.systemResources.MEMORY_TOTAL,268509184,4452032 KB
2026-03-01T14:55:08.765248,(2(0)-1772394908:765248),GncDeployment.systemResources.MEMORY_USED,268509185,4332336 KB
2026-03-01T14:55:08.765264,(2(0)-1772394908:765264),GncDeployment.systemResources.NON_VOLATILE_FREE,268509187,135996376 KB
2026-03-01T14:55:08.765266,(2(0)-1772394908:765266),GncDeployment.systemResources.NON_VOLATILE_TOTAL,268509186,239362496 KB
2026-03-01T14:55:08.765289,(2(0)-1772394908:765289),GncDeployment.rateGroup1.RgMaxTime,268439552,445 us
2026-03-01T14:55:08.765308,(2(0)-1772394908:765308),ComCcsds.comQueue.comQueueDepth,33554432,['2', '0']
2026-03-01T14:55:08.765311,(2(0)-1772394908:765311),ComCcsds.comQueue.buffQueueDepth,33554433,['0']
2026-03-01T14:55:10.765923,(2(0)-1772394910:765923),GncDeployment.systemResources.CPU_00,268509189,41.00 percent
2026-03-01T14:55:09.765398,(2(0)-1772394909:765398),GncDeployment.systemResources.CPU_01,268509190,32.32 percent
2026-03-01T14:55:09.765404,(2(0)-1772394909:765404),GncDeployment.systemResources.CPU_02,268509191,22.00 percent
2026-03-01T14:55:09.765409,(2(0)-1772394909:765409),GncDeployment.systemResources.CPU_03,268509192,21.00 percent
2026-03-01T14:55:09.765414,(2(0)-1772394909:765414),GncDeployment.systemResources.CPU_04,268509193,10.00 percent
2026-03-01T14:55:09.765420,(2(0)-1772394909:765420),GncDeployment.systemResources.CPU_05,268509194,12.00 percent
2026-03-01T14:55:09.765424,(2(0)-1772394909:765424),GncDeployment.systemResources.CPU_06,268509195,16.00 percent
2026-03-01T14:55:09.765429,(2(0)-1772394909:765429),GncDeployment.systemResources.CPU_07,268509196,6.00 percent
2026-03-01T14:55:09.765430,(2(0)-1772394909:765430),GncDeployment.systemResources.CPU,268509188,18.58 percent
2026-03-01T14:55:09.765433,(2(0)-1772394909:765433),GncDeployment.systemResources.MEMORY_TOTAL,268509184,4476416 KB
2026-03-01T14:55:09.765434,(2(0)-1772394909:765434),GncDeployment.systemResources.MEMORY_USED,268509185,4376128 KB
2026-03-01T14:55:09.765438,(2(0)-1772394909:765438),GncDeployment.systemResources.NON_VOLATILE_FREE,268509187,135996484 KB
2026-03-01T14:55:09.765439,(2(0)-1772394909:765439),GncDeployment.systemResources.NON_VOLATILE_TOTAL,268509186,239362496 KB
2026-03-01T14:55:09.765442,(2(0)-1772394909:765442),ComCcsds.comQueue.comQueueDepth,33554432,['0', '1']
2026-03-01T14:55:09.765443,(2(0)-1772394909:765443),ComCcsds.comQueue.buffQueueDepth,33554433,['0']
2026-03-01T14:55:11.771011,(2(0)-1772394911:771011),GncDeployment.systemResources.CPU_00,268509189,61.00 percent
2026-03-01T14:55:11.771029,(2(0)-1772394911:771029),GncDeployment.systemResources.CPU_01,268509190,58.00 percent
2026-03-01T14:55:11.771036,(2(0)-1772394911:771036),GncDeployment.systemResources.CPU_02,268509191,57.58 percent
2026-03-01T14:55:11.771066,(2(0)-1772394911:771066),GncDeployment.systemResources.CPU_03,268509192,51.02 percent
2026-03-01T14:55:11.771073,(2(0)-1772394911:771073),GncDeployment.systemResources.CPU_04,268509193,38.00 percent
2026-03-01T14:55:11.771079,(2(0)-1772394911:771079),GncDeployment.systemResources.CPU_05,268509194,53.00 percent
2026-03-01T14:55:11.771085,(2(0)-1772394911:771085),GncDeployment.systemResources.CPU_06,268509195,26.73 percent
2026-03-01T14:55:11.771113,(2(0)-1772394911:771113),GncDeployment.systemResources.CPU_07,268509196,18.18 percent
2026-03-01T14:55:11.771115,(2(0)-1772394911:771115),GncDeployment.systemResources.CPU,268509188,45.44 percent
2026-03-01T14:55:11.771119,(2(0)-1772394911:771119),GncDeployment.systemResources.MEMORY_TOTAL,268509184,4122528 KB
2026-03-01T14:55:11.771120,(2(0)-1772394911:771120),GncDeployment.systemResources.MEMORY_USED,268509185,3983952 KB
2026-03-01T14:55:11.771127,(2(0)-1772394911:771127),GncDeployment.systemResources.NON_VOLATILE_FREE,268509187,136000168 KB
2026-03-01T14:55:11.771128,(2(0)-1772394911:771128),GncDeployment.systemResources.NON_VOLATILE_TOTAL,268509186,239362496 KB
2026-03-01T14:55:11.771138,(2(0)-1772394911:771138),GncDeployment.rateGroup1.RgMaxTime,268439552,626 us
2026-03-01T14:55:11.771176,(2(0)-1772394911:771176),ComCcsds.comQueue.comQueueDepth,33554432,['0', '0']
2026-03-01T14:55:11.771177,(2(0)-1772394911:771177),ComCcsds.comQueue.buffQueueDepth,33554433,['0']
2026-03-01T14:55:12.776103,(2(0)-1772394912:776103),GncDeployment.rateGroup2.RgMaxTime,268443648,154 us
2026-03-01T14:55:12.776047,(2(0)-1772394912:776047),GncDeployment.systemResources.CPU_00,268509189,63.64 percent
2026-03-01T14:55:12.776068,(2(0)-1772394912:776068),GncDeployment.systemResources.CPU_01,268509190,60.61 percent
2026-03-01T14:55:12.776084,(2(0)-1772394912:776084),GncDeployment.systemResources.CPU_02,268509191,57.00 percent
2026-03-01T14:55:12.776099,(2(0)-1772394912:776099),GncDeployment.systemResources.CPU_03,268509192,54.46 percent
2026-03-01T14:55:12.776115,(2(0)-1772394912:776115),GncDeployment.systemResources.CPU_04,268509193,19.00 percent
2026-03-01T14:55:12.776130,(2(0)-1772394912:776130),GncDeployment.systemResources.CPU_05,268509194,14.00 percent
2026-03-01T14:55:12.776146,(2(0)-1772394912:776146),GncDeployment.systemResources.CPU_06,268509195,12.00 percent
2026-03-01T14:55:12.776160,(2(0)-1772394912:776160),GncDeployment.systemResources.CPU_07,268509196,9.90 percent
2026-03-01T14:55:12.776161,(2(0)-1772394912:776161),GncDeployment.systemResources.CPU,268509188,36.32 percent
2026-03-01T14:55:12.776173,(2(0)-1772394912:776173),GncDeployment.systemResources.MEMORY_TOTAL,268509184,4091264 KB
2026-03-01T14:55:12.776174,(2(0)-1772394912:776174),GncDeployment.systemResources.MEMORY_USED,268509185,3970848 KB
2026-03-01T14:55:12.776189,(2(0)-1772394912:776189),GncDeployment.systemResources.NON_VOLATILE_FREE,268509187,136000024 KB
2026-03-01T14:55:12.776191,(2(0)-1772394912:776191),GncDeployment.systemResources.NON_VOLATILE_TOTAL,268509186,239362496 KB
2026-03-01T14:55:12.776258,(2(0)-1772394912:776258),ComCcsds.comQueue.comQueueDepth,33554432,['0', '1']
2026-03-01T14:55:12.776261,(2(0)-1772394912:776261),ComCcsds.comQueue.buffQueueDepth,33554433,['0']
2026-03-01T14:55:12.776274,(2(0)-1772394912:776274),ComCcsds.commsBufferManager.HiBuffs,33562626,2
2026-03-01T14:55:12.776305,(2(0)-1772394912:776305),GncDeployment.rateGroup3.RgMaxTime,268447744,358 us
2026-03-01T14:55:13.780095,(2(0)-1772394913:780095),GncDeployment.systemResources.CPU_00,268509189,57.00 percent
2026-03-01T14:55:13.780115,(2(0)-1772394913:780115),GncDeployment.systemResources.CPU_01,268509190,58.42 percent
2026-03-01T14:55:13.780129,(2(0)-1772394913:780129),GncDeployment.systemResources.CPU_02,268509191,47.47 percent
2026-03-01T14:55:13.780144,(2(0)-1772394913:780144),GncDeployment.systemResources.CPU_03,268509192,52.00 percent
2026-03-01T14:55:13.780159,(2(0)-1772394913:780159),GncDeployment.systemResources.CPU_04,268509193,20.00 percent
2026-03-01T14:55:13.780175,(2(0)-1772394913:780175),GncDeployment.systemResources.CPU_05,268509194,13.00 percent
2026-03-01T14:55:13.780189,(2(0)-1772394913:780189),GncDeployment.systemResources.CPU_06,268509195,4.00 percent
2026-03-01T14:55:13.780203,(2(0)-1772394913:780203),GncDeployment.systemResources.CPU_07,268509196,2.00 percent
2026-03-01T14:55:13.780205,(2(0)-1772394913:780205),GncDeployment.systemResources.CPU,268509188,31.74 percent
2026-03-01T14:55:13.780213,(2(0)-1772394913:780213),GncDeployment.systemResources.MEMORY_TOTAL,268509184,4080528 KB
2026-03-01T14:55:13.780214,(2(0)-1772394913:780214),GncDeployment.systemResources.MEMORY_USED,268509185,3925120 KB
2026-03-01T14:55:13.780229,(2(0)-1772394913:780229),GncDeployment.systemResources.NON_VOLATILE_FREE,268509187,135999828 KB
2026-03-01T14:55:13.780230,(2(0)-1772394913:780230),GncDeployment.systemResources.NON_VOLATILE_TOTAL,268509186,239362496 KB
2026-03-01T14:55:13.780257,(2(0)-1772394913:780257),ComCcsds.comQueue.comQueueDepth,33554432,['0', '1']
2026-03-01T14:55:13.780260,(2(0)-1772394913:780260),ComCcsds.comQueue.buffQueueDepth,33554433,['0']
2026-03-01T14:55:14.785143,(2(0)-1772394914:785143),GncDeployment.systemResources.CPU_00,268509189,37.00 percent
2026-03-01T14:55:14.785156,(2(0)-1772394914:785156),GncDeployment.systemResources.CPU_01,268509190,25.51 percent
2026-03-01T14:55:14.785167,(2(0)-1772394914:785167),GncDeployment.systemResources.CPU_02,268509191,27.00 percent
2026-03-01T14:55:14.785175,(2(0)-1772394914:785175),GncDeployment.systemResources.CPU_03,268509192,23.00 percent
2026-03-01T14:55:14.785184,(2(0)-1772394914:785184),GncDeployment.systemResources.CPU_04,268509193,32.00 percent
2026-03-01T14:55:14.785192,(2(0)-1772394914:785192),GncDeployment.systemResources.CPU_05,268509194,47.52 percent
2026-03-01T14:55:14.785198,(2(0)-1772394914:785198),GncDeployment.systemResources.CPU_06,268509195,22.00 percent
2026-03-01T14:55:14.785209,(2(0)-1772394914:785209),GncDeployment.systemResources.CPU_07,268509196,11.88 percent
2026-03-01T14:55:14.785210,(2(0)-1772394914:785210),GncDeployment.systemResources.CPU,268509188,28.24 percent
2026-03-01T14:55:14.785215,(2(0)-1772394914:785215),GncDeployment.systemResources.MEMORY_TOTAL,268509184,4128080 KB
2026-03-01T14:55:14.785215,(2(0)-1772394914:785215),GncDeployment.systemResources.MEMORY_USED,268509185,3963008 KB
2026-03-01T14:55:14.785223,(2(0)-1772394914:785223),GncDeployment.systemResources.NON_VOLATILE_FREE,268509187,135999776 KB
2026-03-01T14:55:14.785224,(2(0)-1772394914:785224),GncDeployment.systemResources.NON_VOLATILE_TOTAL,268509186,239362496 KB
2026-03-01T14:55:14.785237,(2(0)-1772394914:785237),ComCcsds.comQueue.comQueueDepth,33554432,['0', '1']
2026-03-01T14:55:14.785239,(2(0)-1772394914:785239),ComCcsds.comQueue.buffQueueDepth,33554433,['0']
2026-03-01T14:55:16.792315,(2(0)-1772394916:792315),GncDeployment.systemResources.CPU_00,268509189,33.33 percent
2026-03-01T14:55:16.792338,(2(0)-1772394916:792338),GncDeployment.systemResources.CPU_01,268509190,34.00 percent
2026-03-01T14:55:15.787257,(2(0)-1772394915:787257),GncDeployment.systemResources.CPU_02,268509191,22.00 percent
2026-03-01T14:55:15.787269,(2(0)-1772394915:787269),GncDeployment.systemResources.CPU_03,268509192,22.22 percent
2026-03-01T14:55:15.787281,(2(0)-1772394915:787281),GncDeployment.systemResources.CPU_04,268509193,25.25 percent
2026-03-01T14:55:15.787291,(2(0)-1772394915:787291),GncDeployment.systemResources.CPU_05,268509194,11.22 percent
2026-03-01T14:55:15.787302,(2(0)-1772394915:787302),GncDeployment.systemResources.CPU_06,268509195,7.92 percent
2026-03-01T14:55:15.787313,(2(0)-1772394915:787313),GncDeployment.systemResources.CPU_07,268509196,4.00 percent
2026-03-01T14:55:15.787314,(2(0)-1772394915:787314),GncDeployment.systemResources.CPU,268509188,19.75 percent
2026-03-01T14:55:15.787321,(2(0)-1772394915:787321),GncDeployment.systemResources.MEMORY_TOTAL,268509184,4154208 KB
2026-03-01T14:55:15.787323,(2(0)-1772394915:787323),GncDeployment.systemResources.MEMORY_USED,268509185,3990208 KB
2026-03-01T14:55:15.787340,(2(0)-1772394915:787340),GncDeployment.systemResources.NON_VOLATILE_FREE,268509187,135999776 KB
2026-03-01T14:55:15.787340,(2(0)-1772394915:787340),GncDeployment.systemResources.NON_VOLATILE_TOTAL,268509186,239362496 KB
2026-03-01T14:55:15.787355,(2(0)-1772394915:787355),ComCcsds.comQueue.comQueueDepth,33554432,['0', '1']
2026-03-01T14:55:15.787358,(2(0)-1772394915:787358),ComCcsds.comQueue.buffQueueDepth,33554433,['0']
2026-03-01T14:55:17.792636,(2(0)-1772394917:792636),GncDeployment.systemResources.CPU_00,268509189,33.33 percent
2026-03-01T14:55:16.792362,(2(0)-1772394916:792362),GncDeployment.systemResources.CPU_02,268509191,30.00 percent
2026-03-01T14:55:16.792418,(2(0)-1772394916:792418),GncDeployment.systemResources.CPU_03,268509192,24.75 percent
2026-03-01T14:55:16.792436,(2(0)-1772394916:792436),GncDeployment.systemResources.CPU_04,268509193,28.71 percent
2026-03-01T14:55:16.792457,(2(0)-1772394916:792457),GncDeployment.systemResources.CPU_05,268509194,17.82 percent
2026-03-01T14:55:16.792475,(2(0)-1772394916:792475),GncDeployment.systemResources.CPU_06,268509195,8.00 percent
2026-03-01T14:55:16.792499,(2(0)-1772394916:792499),GncDeployment.systemResources.CPU_07,268509196,3.00 percent
2026-03-01T14:55:16.792501,(2(0)-1772394916:792501),GncDeployment.systemResources.CPU,268509188,22.45 percent
2026-03-01T14:55:16.792513,(2(0)-1772394916:792513),GncDeployment.systemResources.MEMORY_TOTAL,268509184,4160112 KB
2026-03-01T14:55:16.792514,(2(0)-1772394916:792514),GncDeployment.systemResources.MEMORY_USED,268509185,3994736 KB
2026-03-01T14:55:16.792542,(2(0)-1772394916:792542),GncDeployment.systemResources.NON_VOLATILE_FREE,268509187,135999608 KB
2026-03-01T14:55:16.792544,(2(0)-1772394916:792544),GncDeployment.systemResources.NON_VOLATILE_TOTAL,268509186,239362496 KB
2026-03-01T14:55:16.792554,(2(0)-1772394916:792554),ComCcsds.comQueue.comQueueDepth,33554432,['0', '1']
2026-03-01T14:55:16.792557,(2(0)-1772394916:792557),ComCcsds.comQueue.buffQueueDepth,33554433,['0']
2026-03-01T14:55:17.792669,(2(0)-1772394917:792669),GncDeployment.systemResources.CPU_01,268509190,32.00 percent
2026-03-01T14:55:17.792696,(2(0)-1772394917:792696),GncDeployment.systemResources.CPU_02,268509191,25.25 percent
2026-03-01T14:55:17.792721,(2(0)-1772394917:792721),GncDeployment.systemResources.CPU_03,268509192,22.22 percent
2026-03-01T14:55:17.792752,(2(0)-1772394917:792752),GncDeployment.systemResources.CPU_04,268509193,15.15 percent
2026-03-01T14:55:17.792773,(2(0)-1772394917:792773),GncDeployment.systemResources.CPU_05,268509194,11.00 percent
2026-03-01T14:55:17.792793,(2(0)-1772394917:792793),GncDeployment.systemResources.CPU_06,268509195,3.03 percent
2026-03-01T14:55:17.792811,(2(0)-1772394917:792811),GncDeployment.systemResources.CPU_07,268509196,2.00 percent
2026-03-01T14:55:17.792813,(2(0)-1772394917:792813),GncDeployment.systemResources.CPU,268509188,18.00 percent
2026-03-01T14:55:17.792828,(2(0)-1772394917:792828),GncDeployment.systemResources.MEMORY_TOTAL,268509184,4190112 KB
2026-03-01T14:55:17.792830,(2(0)-1772394917:792830),GncDeployment.systemResources.MEMORY_USED,268509185,4019744 KB
2026-03-01T14:55:17.792858,(2(0)-1772394917:792858),GncDeployment.systemResources.NON_VOLATILE_FREE,268509187,135998300 KB
2026-03-01T14:55:17.792859,(2(0)-1772394917:792859),GncDeployment.systemResources.NON_VOLATILE_TOTAL,268509186,239362496 KB
2026-03-01T14:55:17.792876,(2(0)-1772394917:792876),ComCcsds.comQueue.comQueueDepth,33554432,['0', '1']
2026-03-01T14:55:17.792880,(2(0)-1772394917:792880),ComCcsds.comQueue.buffQueueDepth,33554433,['0']
2026-03-01T14:55:18.796558,(2(0)-1772394918:796558),GncDeployment.systemResources.CPU_00,268509189,28.00 percent
2026-03-01T14:55:18.796584,(2(0)-1772394918:796584),GncDeployment.systemResources.CPU_01,268509190,28.00 percent
2026-03-01T14:55:18.796603,(2(0)-1772394918:796603),GncDeployment.systemResources.CPU_02,268509191,19.19 percent
2026-03-01T14:55:18.796622,(2(0)-1772394918:796622),GncDeployment.systemResources.CPU_03,268509192,24.00 percent
2026-03-01T14:55:18.796644,(2(0)-1772394918:796644),GncDeployment.systemResources.CPU_04,268509193,15.00 percent
2026-03-01T14:55:18.796665,(2(0)-1772394918:796665),GncDeployment.systemResources.CPU_05,268509194,6.00 percent
2026-03-01T14:55:18.796692,(2(0)-1772394918:796692),GncDeployment.systemResources.CPU_06,268509195,4.00 percent
2026-03-01T14:55:18.796714,(2(0)-1772394918:796714),GncDeployment.systemResources.CPU_07,268509196,2.97 percent
2026-03-01T14:55:18.796716,(2(0)-1772394918:796716),GncDeployment.systemResources.CPU,268509188,15.90 percent
2026-03-01T14:55:18.796731,(2(0)-1772394918:796731),GncDeployment.systemResources.MEMORY_TOTAL,268509184,4199568 KB
2026-03-01T14:55:18.796733,(2(0)-1772394918:796733),GncDeployment.systemResources.MEMORY_USED,268509185,4031664 KB
2026-03-01T14:55:18.796746,(2(0)-1772394918:796746),GncDeployment.systemResources.NON_VOLATILE_FREE,268509187,135998216 KB
2026-03-01T14:55:18.796748,(2(0)-1772394918:796748),GncDeployment.systemResources.NON_VOLATILE_TOTAL,268509186,239362496 KB
2026-03-01T14:55:18.796786,(2(0)-1772394918:796786),ComCcsds.comQueue.comQueueDepth,33554432,['0', '1']
2026-03-01T14:55:18.796789,(2(0)-1772394918:796789),ComCcsds.comQueue.buffQueueDepth,33554433,['0']
2026-03-01T14:55:19.801643,(2(0)-1772394919:801643),GncDeployment.systemResources.CPU_00,268509189,32.00 percent
2026-03-01T14:55:19.801666,(2(0)-1772394919:801666),GncDeployment.systemResources.CPU_01,268509190,29.29 percent
2026-03-01T14:55:19.801681,(2(0)-1772394919:801681),GncDeployment.systemResources.CPU_02,268509191,25.74 percent
2026-03-01T14:55:19.801695,(2(0)-1772394919:801695),GncDeployment.systemResources.CPU_03,268509192,20.00 percent
2026-03-01T14:55:19.801708,(2(0)-1772394919:801708),GncDeployment.systemResources.CPU_04,268509193,17.00 percent
2026-03-01T14:55:19.801723,(2(0)-1772394919:801723),GncDeployment.systemResources.CPU_05,268509194,9.00 percent
2026-03-01T14:55:19.801739,(2(0)-1772394919:801739),GncDeployment.systemResources.CPU_06,268509195,5.94 percent
2026-03-01T14:55:19.801750,(2(0)-1772394919:801750),GncDeployment.systemResources.CPU_07,268509196,1.01 percent
2026-03-01T14:55:19.801752,(2(0)-1772394919:801752),GncDeployment.systemResources.CPU,268509188,17.50 percent
2026-03-01T14:55:19.801761,(2(0)-1772394919:801761),GncDeployment.systemResources.MEMORY_TOTAL,268509184,4206992 KB
2026-03-01T14:55:19.801762,(2(0)-1772394919:801762),GncDeployment.systemResources.MEMORY_USED,268509185,4030848 KB
2026-03-01T14:55:19.801779,(2(0)-1772394919:801779),GncDeployment.systemResources.NON_VOLATILE_FREE,268509187,135998236 KB
2026-03-01T14:55:19.801780,(2(0)-1772394919:801780),GncDeployment.systemResources.NON_VOLATILE_TOTAL,268509186,239362496 KB
2026-03-01T14:55:19.801813,(2(0)-1772394919:801813),ComCcsds.comQueue.comQueueDepth,33554432,['0', '1']
2026-03-01T14:55:19.801817,(2(0)-1772394919:801817),ComCcsds.comQueue.buffQueueDepth,33554433,['0']
2026-03-01T14:55:20.802872,(2(0)-1772394920:802872),GncDeployment.systemResources.CPU_00,268509189,28.28 percent
2026-03-01T14:55:20.802891,(2(0)-1772394920:802891),GncDeployment.systemResources.CPU_01,268509190,27.27 percent
2026-03-01T14:55:20.802902,(2(0)-1772394920:802902),GncDeployment.systemResources.CPU_02,268509191,21.00 percent
2026-03-01T14:55:20.802913,(2(0)-1772394920:802913),GncDeployment.systemResources.CPU_03,268509192,23.23 percent
2026-03-01T14:55:20.802925,(2(0)-1772394920:802925),GncDeployment.systemResources.CPU_04,268509193,16.16 percent
2026-03-01T14:55:20.802937,(2(0)-1772394920:802937),GncDeployment.systemResources.CPU_05,268509194,10.00 percent
2026-03-01T14:55:20.802948,(2(0)-1772394920:802948),GncDeployment.systemResources.CPU_06,268509195,5.00 percent
2026-03-01T14:55:20.802958,(2(0)-1772394920:802958),GncDeployment.systemResources.CPU_07,268509196,3.00 percent
2026-03-01T14:55:20.802960,(2(0)-1772394920:802960),GncDeployment.systemResources.CPU,268509188,16.74 percent
2026-03-01T14:55:20.802968,(2(0)-1772394920:802968),GncDeployment.systemResources.MEMORY_TOTAL,268509184,4230672 KB
2026-03-01T14:55:20.802969,(2(0)-1772394920:802969),GncDeployment.systemResources.MEMORY_USED,268509185,4104720 KB
2026-03-01T14:55:20.802987,(2(0)-1772394920:802987),GncDeployment.systemResources.NON_VOLATILE_FREE,268509187,135998800 KB
2026-03-01T14:55:20.802988,(2(0)-1772394920:802988),GncDeployment.systemResources.NON_VOLATILE_TOTAL,268509186,239362496 KB
2026-03-01T14:55:20.803005,(2(0)-1772394920:803005),ComCcsds.comQueue.comQueueDepth,33554432,['0', '1']
2026-03-01T14:55:20.803007,(2(0)-1772394920:803007),ComCcsds.comQueue.buffQueueDepth,33554433,['0']
2026-03-01T14:55:21.808040,(2(0)-1772394921:808040),GncDeployment.systemResources.CPU_00,268509189,45.00 percent
2026-03-01T14:55:21.808064,(2(0)-1772394921:808064),GncDeployment.systemResources.CPU_01,268509190,37.00 percent
2026-03-01T14:55:21.808085,(2(0)-1772394921:808085),GncDeployment.systemResources.CPU_02,268509191,31.31 percent
2026-03-01T14:55:21.808108,(2(0)-1772394921:808108),GncDeployment.systemResources.CPU_03,268509192,28.71 percent
2026-03-01T14:55:21.808129,(2(0)-1772394921:808129),GncDeployment.systemResources.CPU_04,268509193,15.84 percent
2026-03-01T14:55:21.808148,(2(0)-1772394921:808148),GncDeployment.systemResources.CPU_05,268509194,10.00 percent
2026-03-01T14:55:21.808165,(2(0)-1772394921:808165),GncDeployment.systemResources.CPU_06,268509195,8.00 percent
2026-03-01T14:55:21.808180,(2(0)-1772394921:808180),GncDeployment.systemResources.CPU_07,268509196,4.95 percent
2026-03-01T14:55:21.808182,(2(0)-1772394921:808182),GncDeployment.systemResources.CPU,268509188,22.60 percent
2026-03-01T14:55:21.808198,(2(0)-1772394921:808198),GncDeployment.systemResources.MEMORY_TOTAL,268509184,4228928 KB
2026-03-01T14:55:21.808200,(2(0)-1772394921:808200),GncDeployment.systemResources.MEMORY_USED,268509185,4119344 KB
2026-03-01T14:55:21.808222,(2(0)-1772394921:808222),GncDeployment.systemResources.NON_VOLATILE_FREE,268509187,135998748 KB
2026-03-01T14:55:21.808224,(2(0)-1772394921:808224),GncDeployment.systemResources.NON_VOLATILE_TOTAL,268509186,239362496 KB
2026-03-01T14:55:21.808289,(2(0)-1772394921:808289),ComCcsds.comQueue.comQueueDepth,33554432,['0', '1']
2026-03-01T14:55:21.808292,(2(0)-1772394921:808292),ComCcsds.comQueue.buffQueueDepth,33554433,['0']
2026-03-01T14:55:22.813079,(2(0)-1772394922:813079),GncDeployment.systemResources.CPU_00,268509189,25.00 percent
2026-03-01T14:55:22.813106,(2(0)-1772394922:813106),GncDeployment.systemResources.CPU_01,268509190,20.00 percent
2026-03-01T14:55:22.813127,(2(0)-1772394922:813127),GncDeployment.systemResources.CPU_02,268509191,20.79 percent
2026-03-01T14:55:22.813155,(2(0)-1772394922:813155),GncDeployment.systemResources.CPU_03,268509192,18.00 percent
2026-03-01T14:55:22.813173,(2(0)-1772394922:813173),GncDeployment.systemResources.CPU_04,268509193,17.82 percent
2026-03-01T14:55:22.813192,(2(0)-1772394922:813192),GncDeployment.systemResources.CPU_05,268509194,6.00 percent
2026-03-01T14:55:22.813210,(2(0)-1772394922:813210),GncDeployment.systemResources.CPU_06,268509195,2.00 percent
2026-03-01T14:55:22.813227,(2(0)-1772394922:813227),GncDeployment.systemResources.CPU_07,268509196,1.98 percent
2026-03-01T14:55:22.813230,(2(0)-1772394922:813230),GncDeployment.systemResources.CPU,268509188,13.95 percent
2026-03-01T14:55:22.813246,(2(0)-1772394922:813246),GncDeployment.systemResources.MEMORY_TOTAL,268509184,4233856 KB
2026-03-01T14:55:22.813248,(2(0)-1772394922:813248),GncDeployment.systemResources.MEMORY_USED,268509185,4116064 KB
2026-03-01T14:55:22.813295,(2(0)-1772394922:813295),GncDeployment.systemResources.NON_VOLATILE_FREE,268509187,135998748 KB
2026-03-01T14:55:22.813296,(2(0)-1772394922:813296),GncDeployment.systemResources.NON_VOLATILE_TOTAL,268509186,239362496 KB
2026-03-01T14:55:22.813313,(2(0)-1772394922:813313),ComCcsds.comQueue.comQueueDepth,33554432,['0', '1']
2026-03-01T14:55:22.813316,(2(0)-1772394922:813316),ComCcsds.comQueue.buffQueueDepth,33554433,['0']
2026-03-01T14:55:23.818160,(2(0)-1772394923:818160),GncDeployment.systemResources.CPU_00,268509189,21.21 percent
2026-03-01T14:55:23.818211,(2(0)-1772394923:818211),GncDeployment.systemResources.CPU_01,268509190,18.00 percent
2026-03-01T14:55:23.818250,(2(0)-1772394923:818250),GncDeployment.systemResources.CPU_02,268509191,16.16 percent
2026-03-01T14:55:23.818286,(2(0)-1772394923:818286),GncDeployment.systemResources.CPU_03,268509192,12.00 percent
2026-03-01T14:55:23.818324,(2(0)-1772394923:818324),GncDeployment.systemResources.CPU_04,268509193,23.23 percent
2026-03-01T14:55:23.818358,(2(0)-1772394923:818358),GncDeployment.systemResources.CPU_05,268509194,12.00 percent
2026-03-01T14:55:23.818388,(2(0)-1772394923:818388),GncDeployment.systemResources.CPU_06,268509195,8.00 percent
2026-03-01T14:55:23.818426,(2(0)-1772394923:818426),GncDeployment.systemResources.CPU_07,268509196,5.00 percent
2026-03-01T14:55:23.818430,(2(0)-1772394923:818430),GncDeployment.systemResources.CPU,268509188,14.45 percent
2026-03-01T14:55:23.818457,(2(0)-1772394923:818457),GncDeployment.systemResources.MEMORY_TOTAL,268509184,4216160 KB
2026-03-01T14:55:23.818460,(2(0)-1772394923:818460),GncDeployment.systemResources.MEMORY_USED,268509185,4124816 KB
2026-03-01T14:55:23.818508,(2(0)-1772394923:818508),GncDeployment.systemResources.NON_VOLATILE_FREE,268509187,135998576 KB
2026-03-01T14:55:23.818510,(2(0)-1772394923:818510),GncDeployment.systemResources.NON_VOLATILE_TOTAL,268509186,239362496 KB
2026-03-01T14:55:23.818538,(2(0)-1772394923:818538),ComCcsds.comQueue.comQueueDepth,33554432,['0', '1']
2026-03-01T14:55:23.818544,(2(0)-1772394923:818544),ComCcsds.comQueue.buffQueueDepth,33554433,['0']
2026-03-01T14:55:24.819165,(2(0)-1772394924:819165),GncDeployment.systemResources.CPU_00,268509189,29.00 percent
2026-03-01T14:55:24.819191,(2(0)-1772394924:819191),GncDeployment.systemResources.CPU_01,268509190,25.25 percent
2026-03-01T14:55:24.819214,(2(0)-1772394924:819214),GncDeployment.systemResources.CPU_02,268509191,20.79 percent
2026-03-01T14:55:24.819235,(2(0)-1772394924:819235),GncDeployment.systemResources.CPU_03,268509192,16.16 percent
2026-03-01T14:55:24.819258,(2(0)-1772394924:819258),GncDeployment.systemResources.CPU_04,268509193,11.11 percent
2026-03-01T14:55:24.819275,(2(0)-1772394924:819275),GncDeployment.systemResources.CPU_05,268509194,4.95 percent
2026-03-01T14:55:24.819296,(2(0)-1772394924:819296),GncDeployment.systemResources.CPU_06,268509195,2.97 percent
2026-03-01T14:55:24.819313,(2(0)-1772394924:819313),GncDeployment.systemResources.CPU_07,268509196,1.00 percent
2026-03-01T14:55:24.819315,(2(0)-1772394924:819315),GncDeployment.systemResources.CPU,268509188,13.90 percent
2026-03-01T14:55:24.819331,(2(0)-1772394924:819331),GncDeployment.systemResources.MEMORY_TOTAL,268509184,4226000 KB
2026-03-01T14:55:24.819333,(2(0)-1772394924:819333),GncDeployment.systemResources.MEMORY_USED,268509185,4125264 KB
2026-03-01T14:55:24.819369,(2(0)-1772394924:819369),GncDeployment.systemResources.NON_VOLATILE_FREE,268509187,135998556 KB
2026-03-01T14:55:24.819372,(2(0)-1772394924:819372),GncDeployment.systemResources.NON_VOLATILE_TOTAL,268509186,239362496 KB
2026-03-01T14:55:24.819389,(2(0)-1772394924:819389),ComCcsds.comQueue.comQueueDepth,33554432,['0', '1']
2026-03-01T14:55:24.819393,(2(0)-1772394924:819393),ComCcsds.comQueue.buffQueueDepth,33554433,['0']
2026-03-01T14:55:25.820605,(2(0)-1772394925:820605),GncDeployment.systemResources.CPU_00,268509189,34.34 percent
2026-03-01T14:55:25.820632,(2(0)-1772394925:820632),GncDeployment.systemResources.CPU_01,268509190,24.00 percent
2026-03-01T14:55:25.820648,(2(0)-1772394925:820648),GncDeployment.systemResources.CPU_02,268509191,20.20 percent
2026-03-01T14:55:25.820666,(2(0)-1772394925:820666),GncDeployment.systemResources.CPU_03,268509192,17.00 percent
2026-03-01T14:55:25.820681,(2(0)-1772394925:820681),GncDeployment.systemResources.CPU_04,268509193,9.90 percent
2026-03-01T14:55:25.820698,(2(0)-1772394925:820698),GncDeployment.systemResources.CPU_05,268509194,3.03 percent
2026-03-01T14:55:25.820713,(2(0)-1772394925:820713),GncDeployment.systemResources.CPU_06,268509195,2.00 percent
2026-03-01T14:55:25.820728,(2(0)-1772394925:820728),GncDeployment.systemResources.CPU_07,268509196,2.00 percent
2026-03-01T14:55:25.820729,(2(0)-1772394925:820729),GncDeployment.systemResources.CPU,268509188,14.06 percent
2026-03-01T14:55:25.820743,(2(0)-1772394925:820743),GncDeployment.systemResources.MEMORY_TOTAL,268509184,4222576 KB
2026-03-01T14:55:25.820744,(2(0)-1772394925:820744),GncDeployment.systemResources.MEMORY_USED,268509185,4108592 KB
2026-03-01T14:55:25.820775,(2(0)-1772394925:820775),GncDeployment.systemResources.NON_VOLATILE_FREE,268509187,135997392 KB
2026-03-01T14:55:25.820776,(2(0)-1772394925:820776),GncDeployment.systemResources.NON_VOLATILE_TOTAL,268509186,239362496 KB
2026-03-01T14:55:25.820802,(2(0)-1772394925:820802),ComCcsds.comQueue.comQueueDepth,33554432,['0', '1']
2026-03-01T14:55:25.820805,(2(0)-1772394925:820805),ComCcsds.comQueue.buffQueueDepth,33554433,['0']
2026-03-01T14:55:27.825755,(2(0)-1772394927:825755),GncDeployment.systemResources.CPU_00,268509189,26.00 percent
2026-03-01T14:55:26.824381,(2(0)-1772394926:824381),GncDeployment.systemResources.CPU_01,268509190,22.00 percent
2026-03-01T14:55:26.824404,(2(0)-1772394926:824404),GncDeployment.systemResources.CPU_02,268509191,19.00 percent
2026-03-01T14:55:26.824426,(2(0)-1772394926:824426),GncDeployment.systemResources.CPU_03,268509192,14.00 percent
2026-03-01T14:55:26.824448,(2(0)-1772394926:824448),GncDeployment.systemResources.CPU_04,268509193,12.12 percent
2026-03-01T14:55:26.824470,(2(0)-1772394926:824470),GncDeployment.systemResources.CPU_05,268509194,6.93 percent
2026-03-01T14:55:26.824492,(2(0)-1772394926:824492),GncDeployment.systemResources.CPU_06,268509195,4.00 percent
2026-03-01T14:55:26.824513,(2(0)-1772394926:824513),GncDeployment.systemResources.CPU_07,268509196,4.00 percent
2026-03-01T14:55:26.824515,(2(0)-1772394926:824515),GncDeployment.systemResources.CPU,268509188,13.41 percent
2026-03-01T14:55:26.824533,(2(0)-1772394926:824533),GncDeployment.systemResources.MEMORY_TOTAL,268509184,4229792 KB
2026-03-01T14:55:26.824535,(2(0)-1772394926:824535),GncDeployment.systemResources.MEMORY_USED,268509185,4122288 KB
2026-03-01T14:55:26.824570,(2(0)-1772394926:824570),GncDeployment.systemResources.NON_VOLATILE_FREE,268509187,135997260 KB
2026-03-01T14:55:26.824572,(2(0)-1772394926:824572),GncDeployment.systemResources.NON_VOLATILE_TOTAL,268509186,239362496 KB
2026-03-01T14:55:26.824611,(2(0)-1772394926:824611),ComCcsds.comQueue.comQueueDepth,33554432,['0', '1']
2026-03-01T14:55:26.824615,(2(0)-1772394926:824615),ComCcsds.comQueue.buffQueueDepth,33554433,['0']
2026-03-01T14:55:28.830796,(2(0)-1772394928:830796),GncDeployment.systemResources.CPU_00,268509189,31.68 percent
2026-03-01T14:55:28.830824,(2(0)-1772394928:830824),GncDeployment.systemResources.CPU_01,268509190,25.00 percent
2026-03-01T14:55:27.825819,(2(0)-1772394927:825819),GncDeployment.systemResources.CPU_02,268509191,17.17 percent
2026-03-01T14:55:27.825843,(2(0)-1772394927:825843),GncDeployment.systemResources.CPU_03,268509192,15.00 percent
2026-03-01T14:55:27.825867,(2(0)-1772394927:825867),GncDeployment.systemResources.CPU_04,268509193,29.70 percent
2026-03-01T14:55:27.825891,(2(0)-1772394927:825891),GncDeployment.systemResources.CPU_05,268509194,15.84 percent
2026-03-01T14:55:27.825915,(2(0)-1772394927:825915),GncDeployment.systemResources.CPU_06,268509195,8.00 percent
2026-03-01T14:55:27.825938,(2(0)-1772394927:825938),GncDeployment.systemResources.CPU_07,268509196,5.00 percent
2026-03-01T14:55:27.825940,(2(0)-1772394927:825940),GncDeployment.systemResources.CPU,268509188,17.24 percent
2026-03-01T14:55:27.825958,(2(0)-1772394927:825958),GncDeployment.systemResources.MEMORY_TOTAL,268509184,4241808 KB
2026-03-01T14:55:27.825960,(2(0)-1772394927:825960),GncDeployment.systemResources.MEMORY_USED,268509185,4138224 KB
2026-03-01T14:55:27.825984,(2(0)-1772394927:825984),GncDeployment.systemResources.NON_VOLATILE_FREE,268509187,135997252 KB
2026-03-01T14:55:27.825986,(2(0)-1772394927:825986),GncDeployment.systemResources.NON_VOLATILE_TOTAL,268509186,239362496 KB
2026-03-01T14:55:27.825995,(2(0)-1772394927:825995),ComCcsds.comQueue.comQueueDepth,33554432,['0', '1']
2026-03-01T14:55:27.825999,(2(0)-1772394927:825999),ComCcsds.comQueue.buffQueueDepth,33554433,['0']
2026-03-01T14:55:28.830846,(2(0)-1772394928:830846),GncDeployment.systemResources.CPU_02,268509191,23.00 percent
2026-03-01T14:55:28.830909,(2(0)-1772394928:830909),GncDeployment.systemResources.CPU_03,268509192,19.19 percent
2026-03-01T14:55:28.830930,(2(0)-1772394928:830930),GncDeployment.systemResources.CPU_04,268509193,13.00 percent
2026-03-01T14:55:28.830949,(2(0)-1772394928:830949),GncDeployment.systemResources.CPU_05,268509194,4.08 percent
2026-03-01T14:55:28.830976,(2(0)-1772394928:830976),GncDeployment.systemResources.CPU_06,268509195,4.00 percent
2026-03-01T14:55:28.830996,(2(0)-1772394928:830996),GncDeployment.systemResources.CPU_07,268509196,1.98 percent
2026-03-01T14:55:28.830998,(2(0)-1772394928:830998),GncDeployment.systemResources.CPU,268509188,15.24 percent
2026-03-01T14:55:28.831012,(2(0)-1772394928:831012),GncDeployment.systemResources.MEMORY_TOTAL,268509184,4254928 KB
2026-03-01T14:55:28.831014,(2(0)-1772394928:831014),GncDeployment.systemResources.MEMORY_USED,268509185,4157008 KB
2026-03-01T14:55:28.831046,(2(0)-1772394928:831046),GncDeployment.systemResources.NON_VOLATILE_FREE,268509187,135997248 KB
2026-03-01T14:55:28.831047,(2(0)-1772394928:831047),GncDeployment.systemResources.NON_VOLATILE_TOTAL,268509186,239362496 KB
2026-03-01T14:55:28.831065,(2(0)-1772394928:831065),ComCcsds.comQueue.comQueueDepth,33554432,['0', '1']
2026-03-01T14:55:28.831068,(2(0)-1772394928:831068),ComCcsds.comQueue.buffQueueDepth,33554433,['0']
2026-03-01T14:55:29.831534,(2(0)-1772394929:831534),GncDeployment.systemResources.CPU_00,268509189,32.65 percent
2026-03-01T14:55:29.831563,(2(0)-1772394929:831563),GncDeployment.systemResources.CPU_01,268509190,28.00 percent
2026-03-01T14:55:29.831582,(2(0)-1772394929:831582),GncDeployment.systemResources.CPU_02,268509191,28.00 percent
2026-03-01T14:55:29.831611,(2(0)-1772394929:831611),GncDeployment.systemResources.CPU_03,268509192,24.00 percent
2026-03-01T14:55:29.831626,(2(0)-1772394929:831626),GncDeployment.systemResources.CPU_04,268509193,6.00 percent
2026-03-01T14:55:29.831643,(2(0)-1772394929:831643),GncDeployment.systemResources.CPU_05,268509194,3.92 percent
2026-03-01T14:55:29.831661,(2(0)-1772394929:831661),GncDeployment.systemResources.CPU_06,268509195,1.00 percent
2026-03-01T14:55:29.831678,(2(0)-1772394929:831678),GncDeployment.systemResources.CPU_07,268509196,1.00 percent
2026-03-01T14:55:29.831680,(2(0)-1772394929:831680),GncDeployment.systemResources.CPU,268509188,15.57 percent
2026-03-01T14:55:29.831694,(2(0)-1772394929:831694),GncDeployment.systemResources.MEMORY_TOTAL,268509184,4265248 KB
2026-03-01T14:55:29.831695,(2(0)-1772394929:831695),GncDeployment.systemResources.MEMORY_USED,268509185,4170464 KB
2026-03-01T14:55:29.831728,(2(0)-1772394929:831728),GncDeployment.systemResources.NON_VOLATILE_FREE,268509187,135997248 KB
2026-03-01T14:55:29.831729,(2(0)-1772394929:831729),GncDeployment.systemResources.NON_VOLATILE_TOTAL,268509186,239362496 KB
2026-03-01T14:55:29.831749,(2(0)-1772394929:831749),ComCcsds.comQueue.comQueueDepth,33554432,['0', '1']
2026-03-01T14:55:29.831760,(2(0)-1772394929:831760),ComCcsds.comQueue.buffQueueDepth,33554433,['0']
2026-03-01T14:55:30.833579,(2(0)-1772394930:833579),GncDeployment.systemResources.CPU_00,268509189,26.00 percent
2026-03-01T14:55:30.833610,(2(0)-1772394930:833610),GncDeployment.systemResources.CPU_01,268509190,29.29 percent
2026-03-01T14:55:30.833644,(2(0)-1772394930:833644),GncDeployment.systemResources.CPU_02,268509191,20.00 percent
2026-03-01T14:55:30.833668,(2(0)-1772394930:833668),GncDeployment.systemResources.CPU_03,268509192,17.00 percent
2026-03-01T14:55:30.833690,(2(0)-1772394930:833690),GncDeployment.systemResources.CPU_04,268509193,6.00 percent
2026-03-01T14:55:30.833713,(2(0)-1772394930:833713),GncDeployment.systemResources.CPU_05,268509194,3.03 percent
2026-03-01T14:55:30.833740,(2(0)-1772394930:833740),GncDeployment.systemResources.CPU_06,268509195,3.00 percent
2026-03-01T14:55:30.833762,(2(0)-1772394930:833762),GncDeployment.systemResources.CPU_07,268509196,1.00 percent
2026-03-01T14:55:30.833764,(2(0)-1772394930:833764),GncDeployment.systemResources.CPU,268509188,13.17 percent
2026-03-01T14:55:30.833783,(2(0)-1772394930:833783),GncDeployment.systemResources.MEMORY_TOTAL,268509184,4268560 KB
2026-03-01T14:55:30.833785,(2(0)-1772394930:833785),GncDeployment.systemResources.MEMORY_USED,268509185,4186032 KB
2026-03-01T14:55:30.833819,(2(0)-1772394930:833819),GncDeployment.systemResources.NON_VOLATILE_FREE,268509187,135997248 KB
2026-03-01T14:55:30.833821,(2(0)-1772394930:833821),GncDeployment.systemResources.NON_VOLATILE_TOTAL,268509186,239362496 KB
2026-03-01T14:55:30.833842,(2(0)-1772394930:833842),ComCcsds.comQueue.comQueueDepth,33554432,['0', '1']
2026-03-01T14:55:30.833847,(2(0)-1772394930:833847),ComCcsds.comQueue.buffQueueDepth,33554433,['0']
2026-03-01T14:55:31.836282,(2(0)-1772394931:836282),GncDeployment.systemResources.CPU_00,268509189,22.00 percent
2026-03-01T14:55:31.836338,(2(0)-1772394931:836338),GncDeployment.systemResources.CPU_01,268509190,24.00 percent
2026-03-01T14:55:31.836363,(2(0)-1772394931:836363),GncDeployment.systemResources.CPU_02,268509191,21.00 percent
2026-03-01T14:55:31.836386,(2(0)-1772394931:836386),GncDeployment.systemResources.CPU_03,268509192,14.00 percent
2026-03-01T14:55:31.836415,(2(0)-1772394931:836415),GncDeployment.systemResources.CPU_04,268509193,3.00 percent
2026-03-01T14:55:31.836434,(2(0)-1772394931:836434),GncDeployment.systemResources.CPU_05,268509194,1.00 percent
2026-03-01T14:55:31.836455,(2(0)-1772394931:836455),GncDeployment.systemResources.CPU_06,268509195,1.00 percent
2026-03-01T14:55:31.836473,(2(0)-1772394931:836473),GncDeployment.systemResources.CPU_07,268509196,0.00 percent
2026-03-01T14:55:31.836475,(2(0)-1772394931:836475),GncDeployment.systemResources.CPU,268509188,10.75 percent
2026-03-01T14:55:31.836495,(2(0)-1772394931:836495),GncDeployment.systemResources.MEMORY_TOTAL,268509184,4271968 KB
2026-03-01T14:55:31.836496,(2(0)-1772394931:836496),GncDeployment.systemResources.MEMORY_USED,268509185,4183008 KB
2026-03-01T14:55:31.836529,(2(0)-1772394931:836529),GncDeployment.systemResources.NON_VOLATILE_FREE,268509187,135997236 KB
2026-03-01T14:55:31.836530,(2(0)-1772394931:836530),GncDeployment.systemResources.NON_VOLATILE_TOTAL,268509186,239362496 KB
2026-03-01T14:55:31.836548,(2(0)-1772394931:836548),ComCcsds.comQueue.comQueueDepth,33554432,['0', '1']
2026-03-01T14:55:31.836551,(2(0)-1772394931:836551),ComCcsds.comQueue.buffQueueDepth,33554433,['0']
2026-03-01T14:55:32.838041,(2(0)-1772394932:838041),GncDeployment.systemResources.CPU_00,268509189,27.00 percent
2026-03-01T14:55:32.838124,(2(0)-1772394932:838124),ComCcsds.commsBufferManager.CurrBuffs,33562625,2
2026-03-01T14:55:32.838065,(2(0)-1772394932:838065),GncDeployment.systemResources.CPU_01,268509190,29.29 percent
2026-03-01T14:55:32.838082,(2(0)-1772394932:838082),GncDeployment.systemResources.CPU_02,268509191,21.21 percent
2026-03-01T14:55:32.838097,(2(0)-1772394932:838097),GncDeployment.systemResources.CPU_03,268509192,16.16 percent
2026-03-01T14:55:32.838112,(2(0)-1772394932:838112),GncDeployment.systemResources.CPU_04,268509193,8.00 percent
2026-03-01T14:55:32.838125,(2(0)-1772394932:838125),GncDeployment.systemResources.CPU_05,268509194,4.95 percent
2026-03-01T14:55:32.838144,(2(0)-1772394932:838144),GncDeployment.systemResources.CPU_06,268509195,1.00 percent
2026-03-01T14:55:32.838158,(2(0)-1772394932:838158),GncDeployment.systemResources.CPU_07,268509196,0.99 percent
2026-03-01T14:55:32.838159,(2(0)-1772394932:838159),GncDeployment.systemResources.CPU,268509188,13.58 percent
2026-03-01T14:55:32.838168,(2(0)-1772394932:838168),GncDeployment.systemResources.MEMORY_TOTAL,268509184,4278352 KB
2026-03-01T14:55:32.838170,(2(0)-1772394932:838170),GncDeployment.systemResources.MEMORY_USED,268509185,4186960 KB
2026-03-01T14:55:32.838187,(2(0)-1772394932:838187),GncDeployment.systemResources.NON_VOLATILE_FREE,268509187,135997236 KB
2026-03-01T14:55:32.838189,(2(0)-1772394932:838189),GncDeployment.systemResources.NON_VOLATILE_TOTAL,268509186,239362496 KB
2026-03-01T14:55:32.838212,(2(0)-1772394932:838212),ComCcsds.comQueue.comQueueDepth,33554432,['0', '1']
2026-03-01T14:55:32.838214,(2(0)-1772394932:838214),ComCcsds.comQueue.buffQueueDepth,33554433,['0']
2026-03-01T14:55:33.843062,(2(0)-1772394933:843062),GncDeployment.systemResources.CPU_00,268509189,80.81 percent
2026-03-01T14:55:33.843082,(2(0)-1772394933:843082),GncDeployment.systemResources.CPU_01,268509190,81.00 percent
2026-03-01T14:55:33.843100,(2(0)-1772394933:843100),GncDeployment.systemResources.CPU_02,268509191,77.00 percent
2026-03-01T14:55:33.843113,(2(0)-1772394933:843113),GncDeployment.systemResources.CPU_03,268509192,74.26 percent
2026-03-01T14:55:33.843126,(2(0)-1772394933:843126),GncDeployment.systemResources.CPU_04,268509193,26.00 percent
2026-03-01T14:55:33.843139,(2(0)-1772394933:843139),GncDeployment.systemResources.CPU_05,268509194,13.00 percent
2026-03-01T14:55:33.843154,(2(0)-1772394933:843154),GncDeployment.systemResources.CPU_06,268509195,5.94 percent
2026-03-01T14:55:33.843169,(2(0)-1772394933:843169),GncDeployment.systemResources.CPU_07,268509196,3.00 percent
2026-03-01T14:55:33.843171,(2(0)-1772394933:843171),GncDeployment.systemResources.CPU,268509188,45.13 percent
2026-03-01T14:55:33.843180,(2(0)-1772394933:843180),GncDeployment.systemResources.MEMORY_TOTAL,268509184,4232816 KB
2026-03-01T14:55:33.843182,(2(0)-1772394933:843182),GncDeployment.systemResources.MEMORY_USED,268509185,4102304 KB
2026-03-01T14:55:33.843198,(2(0)-1772394933:843198),GncDeployment.systemResources.NON_VOLATILE_FREE,268509187,135997644 KB
2026-03-01T14:55:33.843199,(2(0)-1772394933:843199),GncDeployment.systemResources.NON_VOLATILE_TOTAL,268509186,239362496 KB
2026-03-01T14:55:33.843222,(2(0)-1772394933:843222),ComCcsds.comQueue.comQueueDepth,33554432,['0', '1']
2026-03-01T14:55:33.843224,(2(0)-1772394933:843224),ComCcsds.comQueue.buffQueueDepth,33554433,['0']
2026-03-01T14:55:34.848046,(2(0)-1772394934:848046),GncDeployment.systemResources.CPU_00,268509189,44.00 percent
2026-03-01T14:55:34.848084,(2(0)-1772394934:848084),GncDeployment.systemResources.CPU_01,268509190,45.54 percent
2026-03-01T14:55:34.848099,(2(0)-1772394934:848099),GncDeployment.systemResources.CPU_02,268509191,38.38 percent
2026-03-01T14:55:34.848113,(2(0)-1772394934:848113),GncDeployment.systemResources.CPU_03,268509192,39.39 percent
2026-03-01T14:55:34.848127,(2(0)-1772394934:848127),GncDeployment.systemResources.CPU_04,268509193,29.00 percent
2026-03-01T14:55:34.848141,(2(0)-1772394934:848141),GncDeployment.systemResources.CPU_05,268509194,16.16 percent
2026-03-01T14:55:34.848154,(2(0)-1772394934:848154),GncDeployment.systemResources.CPU_06,268509195,10.89 percent
2026-03-01T14:55:34.848169,(2(0)-1772394934:848169),GncDeployment.systemResources.CPU_07,268509196,6.00 percent
2026-03-01T14:55:34.848171,(2(0)-1772394934:848171),GncDeployment.systemResources.CPU,268509188,28.67 percent
2026-03-01T14:55:34.848179,(2(0)-1772394934:848179),GncDeployment.systemResources.MEMORY_TOTAL,268509184,4238256 KB
2026-03-01T14:55:34.848181,(2(0)-1772394934:848181),GncDeployment.systemResources.MEMORY_USED,268509185,4080112 KB
2026-03-01T14:55:34.848195,(2(0)-1772394934:848195),GncDeployment.systemResources.NON_VOLATILE_FREE,268509187,135997676 KB
2026-03-01T14:55:34.848197,(2(0)-1772394934:848197),GncDeployment.systemResources.NON_VOLATILE_TOTAL,268509186,239362496 KB
2026-03-01T14:55:34.848210,(2(0)-1772394934:848210),ComCcsds.comQueue.comQueueDepth,33554432,['0', '1']
2026-03-01T14:55:34.848214,(2(0)-1772394934:848214),ComCcsds.comQueue.buffQueueDepth,33554433,['0']
2026-03-01T14:55:35.853138,(2(0)-1772394935:853138),GncDeployment.systemResources.CPU_00,268509189,25.00 percent
2026-03-01T14:55:35.853160,(2(0)-1772394935:853160),GncDeployment.systemResources.CPU_01,268509190,24.24 percent
2026-03-01T14:55:35.853176,(2(0)-1772394935:853176),GncDeployment.systemResources.CPU_02,268509191,19.80 percent
2026-03-01T14:55:35.853193,(2(0)-1772394935:853193),GncDeployment.systemResources.CPU_03,268509192,17.00 percent
2026-03-01T14:55:35.853209,(2(0)-1772394935:853209),GncDeployment.systemResources.CPU_04,268509193,24.00 percent
2026-03-01T14:55:35.853223,(2(0)-1772394935:853223),GncDeployment.systemResources.CPU_05,268509194,13.86 percent
2026-03-01T14:55:35.853237,(2(0)-1772394935:853237),GncDeployment.systemResources.CPU_06,268509195,8.08 percent
2026-03-01T14:55:35.853252,(2(0)-1772394935:853252),GncDeployment.systemResources.CPU_07,268509196,5.00 percent
2026-03-01T14:55:35.853254,(2(0)-1772394935:853254),GncDeployment.systemResources.CPU,268509188,17.12 percent
2026-03-01T14:55:35.853267,(2(0)-1772394935:853267),GncDeployment.systemResources.MEMORY_TOTAL,268509184,4210320 KB
2026-03-01T14:55:35.853269,(2(0)-1772394935:853269),GncDeployment.systemResources.MEMORY_USED,268509185,4047456 KB
2026-03-01T14:55:35.853289,(2(0)-1772394935:853289),GncDeployment.systemResources.NON_VOLATILE_FREE,268509187,135997484 KB
2026-03-01T14:55:35.853290,(2(0)-1772394935:853290),GncDeployment.systemResources.NON_VOLATILE_TOTAL,268509186,239362496 KB
2026-03-01T14:55:35.853313,(2(0)-1772394935:853313),ComCcsds.comQueue.comQueueDepth,33554432,['0', '1']
2026-03-01T14:55:35.853316,(2(0)-1772394935:853316),ComCcsds.comQueue.buffQueueDepth,33554433,['0']
2026-03-01T14:55:36.858134,(2(0)-1772394936:858134),GncDeployment.systemResources.CPU_00,268509189,26.00 percent
2026-03-01T14:55:36.858171,(2(0)-1772394936:858171),ComCcsds.commsBufferManager.CurrBuffs,33562625,1
2026-03-01T14:55:36.858153,(2(0)-1772394936:858153),GncDeployment.systemResources.CPU_01,268509190,25.00 percent
2026-03-01T14:55:36.858170,(2(0)-1772394936:858170),GncDeployment.systemResources.CPU_02,268509191,18.00 percent
2026-03-01T14:55:36.858185,(2(0)-1772394936:858185),GncDeployment.systemResources.CPU_03,268509192,18.00 percent
2026-03-01T14:55:36.858200,(2(0)-1772394936:858200),GncDeployment.systemResources.CPU_04,268509193,27.00 percent
2026-03-01T14:55:36.858215,(2(0)-1772394936:858215),GncDeployment.systemResources.CPU_05,268509194,15.84 percent
2026-03-01T14:55:36.858228,(2(0)-1772394936:858228),GncDeployment.systemResources.CPU_06,268509195,7.92 percent
2026-03-01T14:55:36.858241,(2(0)-1772394936:858241),GncDeployment.systemResources.CPU_07,268509196,4.90 percent
2026-03-01T14:55:36.858243,(2(0)-1772394936:858243),GncDeployment.systemResources.CPU,268509188,17.83 percent
2026-03-01T14:55:36.858251,(2(0)-1772394936:858251),GncDeployment.systemResources.MEMORY_TOTAL,268509184,4220640 KB
2026-03-01T14:55:36.858253,(2(0)-1772394936:858253),GncDeployment.systemResources.MEMORY_USED,268509185,4043936 KB
2026-03-01T14:55:36.858270,(2(0)-1772394936:858270),GncDeployment.systemResources.NON_VOLATILE_FREE,268509187,135997480 KB
2026-03-01T14:55:36.858272,(2(0)-1772394936:858272),GncDeployment.systemResources.NON_VOLATILE_TOTAL,268509186,239362496 KB
2026-03-01T14:55:36.858294,(2(0)-1772394936:858294),ComCcsds.comQueue.comQueueDepth,33554432,['0', '1']
2026-03-01T14:55:36.858296,(2(0)-1772394936:858296),ComCcsds.comQueue.buffQueueDepth,33554433,['0']
2026-03-01T14:55:37.863198,(2(0)-1772394937:863198),GncDeployment.systemResources.CPU_00,268509189,25.25 percent
2026-03-01T14:55:37.863219,(2(0)-1772394937:863219),GncDeployment.systemResources.CPU_01,268509190,23.23 percent
2026-03-01T14:55:37.863235,(2(0)-1772394937:863235),GncDeployment.systemResources.CPU_02,268509191,20.00 percent
2026-03-01T14:55:37.863250,(2(0)-1772394937:863250),GncDeployment.systemResources.CPU_03,268509192,19.00 percent
2026-03-01T14:55:37.863264,(2(0)-1772394937:863264),GncDeployment.systemResources.CPU_04,268509193,20.79 percent
2026-03-01T14:55:37.863279,(2(0)-1772394937:863279),GncDeployment.systemResources.CPU_05,268509194,11.11 percent
2026-03-01T14:55:37.863292,(2(0)-1772394937:863292),GncDeployment.systemResources.CPU_06,268509195,6.00 percent
2026-03-01T14:55:37.863314,(2(0)-1772394937:863314),GncDeployment.systemResources.CPU_07,268509196,3.03 percent
2026-03-01T14:55:37.863320,(2(0)-1772394937:863320),GncDeployment.systemResources.CPU,268509188,16.05 percent
2026-03-01T14:55:37.863356,(2(0)-1772394937:863356),GncDeployment.systemResources.MEMORY_TOTAL,268509184,4223792 KB
2026-03-01T14:55:37.863358,(2(0)-1772394937:863358),GncDeployment.systemResources.MEMORY_USED,268509185,4066864 KB
2026-03-01T14:55:37.863381,(2(0)-1772394937:863381),GncDeployment.systemResources.NON_VOLATILE_FREE,268509187,135997480 KB
2026-03-01T14:55:37.863382,(2(0)-1772394937:863382),GncDeployment.systemResources.NON_VOLATILE_TOTAL,268509186,239362496 KB
2026-03-01T14:55:37.863417,(2(0)-1772394937:863417),ComCcsds.comQueue.comQueueDepth,33554432,['0', '1']
2026-03-01T14:55:37.863420,(2(0)-1772394937:863420),ComCcsds.comQueue.buffQueueDepth,33554433,['0']
2026-03-01T14:55:38.867802,(2(0)-1772394938:867802),GncDeployment.systemResources.CPU_00,268509189,28.28 percent
2026-03-01T14:55:38.867826,(2(0)-1772394938:867826),GncDeployment.systemResources.CPU_01,268509190,23.76 percent
2026-03-01T14:55:38.867848,(2(0)-1772394938:867848),GncDeployment.systemResources.CPU_02,268509191,18.00 percent
2026-03-01T14:55:38.867873,(2(0)-1772394938:867873),GncDeployment.systemResources.CPU_03,268509192,16.83 percent
2026-03-01T14:55:38.867891,(2(0)-1772394938:867891),GncDeployment.systemResources.CPU_04,268509193,14.00 percent
2026-03-01T14:55:38.867909,(2(0)-1772394938:867909),GncDeployment.systemResources.CPU_05,268509194,6.00 percent
2026-03-01T14:55:38.867923,(2(0)-1772394938:867923),GncDeployment.systemResources.CPU_06,268509195,2.02 percent
2026-03-01T14:55:38.867937,(2(0)-1772394938:867937),GncDeployment.systemResources.CPU_07,268509196,2.00 percent
2026-03-01T14:55:38.867939,(2(0)-1772394938:867939),GncDeployment.systemResources.CPU,268509188,13.86 percent
2026-03-01T14:55:38.867950,(2(0)-1772394938:867950),GncDeployment.systemResources.MEMORY_TOTAL,268509184,4223056 KB
2026-03-01T14:55:38.867952,(2(0)-1772394938:867952),GncDeployment.systemResources.MEMORY_USED,268509185,4062944 KB
2026-03-01T14:55:38.867970,(2(0)-1772394938:867970),GncDeployment.systemResources.NON_VOLATILE_FREE,268509187,135997472 KB
2026-03-01T14:55:38.867972,(2(0)-1772394938:867972),GncDeployment.systemResources.NON_VOLATILE_TOTAL,268509186,239362496 KB
2026-03-01T14:55:38.868001,(2(0)-1772394938:868001),ComCcsds.comQueue.comQueueDepth,33554432,['0', '1']
2026-03-01T14:55:38.868015,(2(0)-1772394938:868015),ComCcsds.comQueue.buffQueueDepth,33554433,['0']
2026-03-01T14:55:40.872191,(2(0)-1772394940:872191),GncDeployment.systemResources.CPU_00,268509189,35.00 percent
2026-03-01T14:55:39.871653,(2(0)-1772394939:871653),GncDeployment.systemResources.CPU_01,268509190,16.00 percent
2026-03-01T14:55:39.871674,(2(0)-1772394939:871674),GncDeployment.systemResources.CPU_02,268509191,26.26 percent
2026-03-01T14:55:39.871693,(2(0)-1772394939:871693),GncDeployment.systemResources.CPU_03,268509192,17.17 percent
2026-03-01T14:55:39.871710,(2(0)-1772394939:871710),GncDeployment.systemResources.CPU_04,268509193,10.00 percent
2026-03-01T14:55:39.871727,(2(0)-1772394939:871727),GncDeployment.systemResources.CPU_05,268509194,9.00 percent
2026-03-01T14:55:39.871742,(2(0)-1772394939:871742),GncDeployment.systemResources.CPU_06,268509195,2.97 percent
2026-03-01T14:55:39.871763,(2(0)-1772394939:871763),GncDeployment.systemResources.CPU_07,268509196,1.98 percent
2026-03-01T14:55:39.871765,(2(0)-1772394939:871765),GncDeployment.systemResources.CPU,268509188,13.17 percent
2026-03-01T14:55:39.871783,(2(0)-1772394939:871783),GncDeployment.systemResources.MEMORY_TOTAL,268509184,4238672 KB
2026-03-01T14:55:39.871785,(2(0)-1772394939:871785),GncDeployment.systemResources.MEMORY_USED,268509185,4074784 KB
2026-03-01T14:55:39.871817,(2(0)-1772394939:871817),GncDeployment.systemResources.NON_VOLATILE_FREE,268509187,135997392 KB
2026-03-01T14:55:39.871818,(2(0)-1772394939:871818),GncDeployment.systemResources.NON_VOLATILE_TOTAL,268509186,239362496 KB
2026-03-01T14:55:39.871834,(2(0)-1772394939:871834),ComCcsds.comQueue.comQueueDepth,33554432,['0', '1']
2026-03-01T14:55:39.871837,(2(0)-1772394939:871837),ComCcsds.comQueue.buffQueueDepth,33554433,['0']
2026-03-01T14:55:40.872227,(2(0)-1772394940:872227),GncDeployment.systemResources.CPU_01,268509190,32.65 percent
2026-03-01T14:55:40.872267,(2(0)-1772394940:872267),GncDeployment.systemResources.CPU_02,268509191,32.00 percent
2026-03-01T14:55:40.872276,(2(0)-1772394940:872276),GncDeployment.systemResources.CPU_03,268509192,27.00 percent
2026-03-01T14:55:40.872301,(2(0)-1772394940:872301),GncDeployment.systemResources.CPU_04,268509193,33.67 percent
2026-03-01T14:55:40.872309,(2(0)-1772394940:872309),GncDeployment.systemResources.CPU_05,268509194,24.75 percent
2026-03-01T14:55:40.872329,(2(0)-1772394940:872329),GncDeployment.systemResources.CPU_06,268509195,16.16 percent
2026-03-01T14:55:40.872336,(2(0)-1772394940:872336),GncDeployment.systemResources.CPU_07,268509196,10.00 percent
2026-03-01T14:55:40.872337,(2(0)-1772394940:872337),GncDeployment.systemResources.CPU,268509188,26.41 percent
2026-03-01T14:55:40.872341,(2(0)-1772394940:872341),GncDeployment.systemResources.MEMORY_TOTAL,268509184,4308512 KB
2026-03-01T14:55:40.872342,(2(0)-1772394940:872342),GncDeployment.systemResources.MEMORY_USED,268509185,4208688 KB
2026-03-01T14:55:40.872348,(2(0)-1772394940:872348),GncDeployment.systemResources.NON_VOLATILE_FREE,268509187,135997260 KB
2026-03-01T14:55:40.872349,(2(0)-1772394940:872349),GncDeployment.systemResources.NON_VOLATILE_TOTAL,268509186,239362496 KB
2026-03-01T14:55:40.872362,(2(0)-1772394940:872362),ComCcsds.comQueue.comQueueDepth,33554432,['0', '1']
2026-03-01T14:55:40.872364,(2(0)-1772394940:872364),ComCcsds.comQueue.buffQueueDepth,33554433,['0']
2026-03-01T14:55:42.878379,(2(0)-1772394942:878379),GncDeployment.systemResources.CPU_00,268509189,22.22 percent
2026-03-01T14:55:42.878401,(2(0)-1772394942:878401),GncDeployment.systemResources.CPU_01,268509190,19.19 percent
2026-03-01T14:55:41.877353,(2(0)-1772394941:877353),GncDeployment.systemResources.CPU_02,268509191,17.00 percent
2026-03-01T14:55:41.877377,(2(0)-1772394941:877377),GncDeployment.systemResources.CPU_03,268509192,18.00 percent
2026-03-01T14:55:41.877403,(2(0)-1772394941:877403),GncDeployment.systemResources.CPU_04,268509193,23.76 percent
2026-03-01T14:55:41.877433,(2(0)-1772394941:877433),GncDeployment.systemResources.CPU_05,268509194,17.17 percent
2026-03-01T14:55:41.877466,(2(0)-1772394941:877466),GncDeployment.systemResources.CPU_06,268509195,11.76 percent
2026-03-01T14:55:41.877494,(2(0)-1772394941:877494),GncDeployment.systemResources.CPU_07,268509196,5.94 percent
2026-03-01T14:55:41.877497,(2(0)-1772394941:877497),GncDeployment.systemResources.CPU,268509188,18.33 percent
2026-03-01T14:55:41.877518,(2(0)-1772394941:877518),GncDeployment.systemResources.MEMORY_TOTAL,268509184,4300880 KB
2026-03-01T14:55:41.877519,(2(0)-1772394941:877519),GncDeployment.systemResources.MEMORY_USED,268509185,4187552 KB
2026-03-01T14:55:41.877545,(2(0)-1772394941:877545),GncDeployment.systemResources.NON_VOLATILE_FREE,268509187,135997252 KB
2026-03-01T14:55:41.877547,(2(0)-1772394941:877547),GncDeployment.systemResources.NON_VOLATILE_TOTAL,268509186,239362496 KB
2026-03-01T14:55:41.877563,(2(0)-1772394941:877563),ComCcsds.comQueue.comQueueDepth,33554432,['0', '1']
2026-03-01T14:55:41.877566,(2(0)-1772394941:877566),ComCcsds.comQueue.buffQueueDepth,33554433,['0']
2026-03-01T14:55:43.878872,(2(0)-1772394943:878872),GncDeployment.systemResources.CPU_00,268509189,29.00 percent
2026-03-01T14:55:43.878894,(2(0)-1772394943:878894),GncDeployment.systemResources.CPU_01,268509190,26.26 percent
2026-03-01T14:55:43.878911,(2(0)-1772394943:878911),GncDeployment.systemResources.CPU_02,268509191,24.24 percent
2026-03-01T14:55:43.878927,(2(0)-1772394943:878927),GncDeployment.systemResources.CPU_03,268509192,18.81 percent
2026-03-01T14:55:43.878943,(2(0)-1772394943:878943),GncDeployment.systemResources.CPU_04,268509193,43.43 percent
2026-03-01T14:55:43.878957,(2(0)-1772394943:878957),GncDeployment.systemResources.CPU_05,268509194,35.71 percent
2026-03-01T14:55:43.878971,(2(0)-1772394943:878971),GncDeployment.systemResources.CPU_06,268509195,21.00 percent
2026-03-01T14:55:43.878985,(2(0)-1772394943:878985),GncDeployment.systemResources.CPU_07,268509196,17.00 percent
2026-03-01T14:55:43.878988,(2(0)-1772394943:878988),GncDeployment.systemResources.CPU,268509188,26.93 percent
2026-03-01T14:55:43.878999,(2(0)-1772394943:878999),GncDeployment.systemResources.MEMORY_TOTAL,268509184,4342192 KB
2026-03-01T14:55:43.879001,(2(0)-1772394943:879001),GncDeployment.systemResources.MEMORY_USED,268509185,4224400 KB
2026-03-01T14:55:43.879020,(2(0)-1772394943:879020),GncDeployment.systemResources.NON_VOLATILE_FREE,268509187,135997428 KB
2026-03-01T14:55:43.879021,(2(0)-1772394943:879021),GncDeployment.systemResources.NON_VOLATILE_TOTAL,268509186,239362496 KB
2026-03-01T14:55:43.879232,(2(0)-1772394943:879232),ComCcsds.comQueue.comQueueDepth,33554432,['0', '0']
2026-03-01T14:55:43.879235,(2(0)-1772394943:879235),ComCcsds.comQueue.buffQueueDepth,33554433,['0']
2026-03-01T14:55:44.882751,(2(0)-1772394944:882751),GncDeployment.systemResources.CPU_00,268509189,34.69 percent
2026-03-01T14:55:45.887774,(2(0)-1772394945:887774),GncDeployment.systemResources.CPU_00,268509189,27.72 percent
2026-03-01T14:55:45.887784,(2(0)-1772394945:887784),GncDeployment.systemResources.CPU_01,268509190,24.00 percent
2026-03-01T14:55:45.887792,(2(0)-1772394945:887792),GncDeployment.systemResources.CPU_02,268509191,20.79 percent
2026-03-01T14:55:45.887799,(2(0)-1772394945:887799),GncDeployment.systemResources.CPU_03,268509192,19.00 percent
2026-03-01T14:55:45.887806,(2(0)-1772394945:887806),GncDeployment.systemResources.CPU_04,268509193,27.72 percent
2026-03-01T14:55:45.887813,(2(0)-1772394945:887813),GncDeployment.systemResources.CPU_05,268509194,18.63 percent
2026-03-01T14:55:45.887820,(2(0)-1772394945:887820),GncDeployment.systemResources.CPU_06,268509195,13.00 percent
2026-03-01T14:55:45.887826,(2(0)-1772394945:887826),GncDeployment.systemResources.CPU_07,268509196,7.00 percent
2026-03-01T14:55:45.887827,(2(0)-1772394945:887827),GncDeployment.systemResources.CPU,268509188,19.73 percent
2026-03-01T14:55:45.887832,(2(0)-1772394945:887832),GncDeployment.systemResources.MEMORY_TOTAL,268509184,4331328 KB
2026-03-01T14:55:45.887833,(2(0)-1772394945:887833),GncDeployment.systemResources.MEMORY_USED,268509185,4222096 KB
2026-03-01T14:55:45.887845,(2(0)-1772394945:887845),GncDeployment.systemResources.NON_VOLATILE_FREE,268509187,135997580 KB
2026-03-01T14:55:45.887845,(2(0)-1772394945:887845),GncDeployment.systemResources.NON_VOLATILE_TOTAL,268509186,239362496 KB
2026-03-01T14:55:44.883010,(2(0)-1772394944:883010),ComCcsds.comQueue.comQueueDepth,33554432,['0', '1']
2026-03-01T14:55:44.883012,(2(0)-1772394944:883012),ComCcsds.comQueue.buffQueueDepth,33554433,['0']
2026-03-01T14:55:45.887866,(2(0)-1772394945:887866),ComCcsds.comQueue.comQueueDepth,33554432,['0', '1']
2026-03-01T14:55:45.887868,(2(0)-1772394945:887868),ComCcsds.comQueue.buffQueueDepth,33554433,['0']
2026-03-01T14:55:46.892133,(2(0)-1772394946:892133),GncDeployment.systemResources.CPU_00,268509189,23.00 percent
2026-03-01T14:55:46.892171,(2(0)-1772394946:892171),GncDeployment.systemResources.CPU_01,268509190,20.20 percent
2026-03-01T14:55:46.892201,(2(0)-1772394946:892201),GncDeployment.systemResources.CPU_02,268509191,16.00 percent
2026-03-01T14:55:46.892230,(2(0)-1772394946:892230),GncDeployment.systemResources.CPU_03,268509192,13.00 percent
2026-03-01T14:55:46.892261,(2(0)-1772394946:892261),GncDeployment.systemResources.CPU_04,268509193,22.22 percent
2026-03-01T14:55:46.892290,(2(0)-1772394946:892290),GncDeployment.systemResources.CPU_05,268509194,15.00 percent
2026-03-01T14:55:46.892316,(2(0)-1772394946:892316),GncDeployment.systemResources.CPU_06,268509195,11.00 percent
2026-03-01T14:55:46.892343,(2(0)-1772394946:892343),GncDeployment.systemResources.CPU_07,268509196,14.00 percent
2026-03-01T14:55:46.892346,(2(0)-1772394946:892346),GncDeployment.systemResources.CPU,268509188,16.80 percent
2026-03-01T14:55:46.892362,(2(0)-1772394946:892362),GncDeployment.systemResources.MEMORY_TOTAL,268509184,4352480 KB
2026-03-01T14:55:46.892365,(2(0)-1772394946:892365),GncDeployment.systemResources.MEMORY_USED,268509185,4260704 KB
2026-03-01T14:55:46.892394,(2(0)-1772394946:892394),GncDeployment.systemResources.NON_VOLATILE_FREE,268509187,135997532 KB
2026-03-01T14:55:46.892396,(2(0)-1772394946:892396),GncDeployment.systemResources.NON_VOLATILE_TOTAL,268509186,239362496 KB
2026-03-01T14:55:46.892429,(2(0)-1772394946:892429),ComCcsds.comQueue.comQueueDepth,33554432,['0', '1']
2026-03-01T14:55:46.892434,(2(0)-1772394946:892434),ComCcsds.comQueue.buffQueueDepth,33554433,['0']
2026-03-01T14:55:48.900453,(2(0)-1772394948:900453),GncDeployment.systemResources.CPU_00,268509189,25.25 percent
2026-03-01T14:55:48.900461,(2(0)-1772394948:900461),GncDeployment.systemResources.CPU_01,268509190,22.22 percent
2026-03-01T14:55:47.897201,(2(0)-1772394947:897201),GncDeployment.systemResources.CPU_02,268509191,19.39 percent
2026-03-01T14:55:47.897227,(2(0)-1772394947:897227),GncDeployment.systemResources.CPU_03,268509192,14.00 percent
2026-03-01T14:55:47.897253,(2(0)-1772394947:897253),GncDeployment.systemResources.CPU_04,268509193,34.00 percent
2026-03-01T14:55:47.897283,(2(0)-1772394947:897283),GncDeployment.systemResources.CPU_05,268509194,17.00 percent
2026-03-01T14:55:47.897311,(2(0)-1772394947:897311),GncDeployment.systemResources.CPU_06,268509195,11.00 percent
2026-03-01T14:55:47.897337,(2(0)-1772394947:897337),GncDeployment.systemResources.CPU_07,268509196,7.00 percent
2026-03-01T14:55:47.897340,(2(0)-1772394947:897340),GncDeployment.systemResources.CPU,268509188,18.96 percent
2026-03-01T14:55:47.897355,(2(0)-1772394947:897355),GncDeployment.systemResources.MEMORY_TOTAL,268509184,4358400 KB
2026-03-01T14:55:47.897357,(2(0)-1772394947:897357),GncDeployment.systemResources.MEMORY_USED,268509185,4291152 KB
2026-03-01T14:55:47.897378,(2(0)-1772394947:897378),GncDeployment.systemResources.NON_VOLATILE_FREE,268509187,135997528 KB
2026-03-01T14:55:47.897380,(2(0)-1772394947:897380),GncDeployment.systemResources.NON_VOLATILE_TOTAL,268509186,239362496 KB
2026-03-01T14:55:47.897414,(2(0)-1772394947:897414),ComCcsds.comQueue.comQueueDepth,33554432,['0', '1']
2026-03-01T14:55:47.897418,(2(0)-1772394947:897418),ComCcsds.comQueue.buffQueueDepth,33554433,['0']
2026-03-01T14:55:48.900466,(2(0)-1772394948:900466),GncDeployment.systemResources.CPU_02,268509191,18.81 percent
2026-03-01T14:55:48.900516,(2(0)-1772394948:900516),GncDeployment.systemResources.CPU_03,268509192,14.14 percent
2026-03-01T14:55:48.900523,(2(0)-1772394948:900523),GncDeployment.systemResources.CPU_04,268509193,52.48 percent
2026-03-01T14:55:48.900529,(2(0)-1772394948:900529),GncDeployment.systemResources.CPU_05,268509194,34.00 percent
2026-03-01T14:55:48.900534,(2(0)-1772394948:900534),GncDeployment.systemResources.CPU_06,268509195,12.00 percent
2026-03-01T14:55:48.900542,(2(0)-1772394948:900542),GncDeployment.systemResources.CPU_07,268509196,9.90 percent
2026-03-01T14:55:48.900543,(2(0)-1772394948:900543),GncDeployment.systemResources.CPU,268509188,23.60 percent
2026-03-01T14:55:48.900547,(2(0)-1772394948:900547),GncDeployment.systemResources.MEMORY_TOTAL,268509184,4374592 KB
2026-03-01T14:55:48.900548,(2(0)-1772394948:900548),GncDeployment.systemResources.MEMORY_USED,268509185,4305504 KB
2026-03-01T14:55:48.900560,(2(0)-1772394948:900560),GncDeployment.systemResources.NON_VOLATILE_FREE,268509187,135997500 KB
2026-03-01T14:55:48.900560,(2(0)-1772394948:900560),GncDeployment.systemResources.NON_VOLATILE_TOTAL,268509186,239362496 KB
2026-03-01T14:55:48.900593,(2(0)-1772394948:900593),ComCcsds.comQueue.comQueueDepth,33554432,['0', '1']
2026-03-01T14:55:48.900594,(2(0)-1772394948:900594),ComCcsds.comQueue.buffQueueDepth,33554433,['0']
2026-03-01T14:55:49.900988,(2(0)-1772394949:900988),GncDeployment.systemResources.CPU_00,268509189,26.26 percent
2026-03-01T14:55:49.901017,(2(0)-1772394949:901017),GncDeployment.systemResources.CPU_01,268509190,22.00 percent
2026-03-01T14:55:49.901030,(2(0)-1772394949:901030),GncDeployment.systemResources.CPU_02,268509191,17.17 percent
2026-03-01T14:55:49.901047,(2(0)-1772394949:901047),GncDeployment.systemResources.CPU_03,268509192,15.00 percent
2026-03-01T14:55:49.901060,(2(0)-1772394949:901060),GncDeployment.systemResources.CPU_04,268509193,38.38 percent
2026-03-01T14:55:49.901073,(2(0)-1772394949:901073),GncDeployment.systemResources.CPU_05,268509194,27.72 percent
2026-03-01T14:55:49.901089,(2(0)-1772394949:901089),GncDeployment.systemResources.CPU_06,268509195,17.00 percent
2026-03-01T14:55:49.901102,(2(0)-1772394949:901102),GncDeployment.systemResources.CPU_07,268509196,13.00 percent
2026-03-01T14:55:49.901103,(2(0)-1772394949:901103),GncDeployment.systemResources.CPU,268509188,22.07 percent
2026-03-01T14:55:49.901115,(2(0)-1772394949:901115),GncDeployment.systemResources.MEMORY_TOTAL,268509184,4381904 KB
2026-03-01T14:55:49.901117,(2(0)-1772394949:901117),GncDeployment.systemResources.MEMORY_USED,268509185,4319408 KB
2026-03-01T14:55:49.901137,(2(0)-1772394949:901137),GncDeployment.systemResources.NON_VOLATILE_FREE,268509187,135997456 KB
2026-03-01T14:55:49.901138,(2(0)-1772394949:901138),GncDeployment.systemResources.NON_VOLATILE_TOTAL,268509186,239362496 KB
2026-03-01T14:55:49.901160,(2(0)-1772394949:901160),ComCcsds.comQueue.comQueueDepth,33554432,['0', '1']
2026-03-01T14:55:49.901162,(2(0)-1772394949:901162),ComCcsds.comQueue.buffQueueDepth,33554433,['0']
2026-03-01T14:55:50.904736,(2(0)-1772394950:904736),GncDeployment.systemResources.CPU_00,268509189,25.00 percent
2026-03-01T14:55:50.904754,(2(0)-1772394950:904754),GncDeployment.systemResources.CPU_01,268509190,21.21 percent
2026-03-01T14:55:50.904769,(2(0)-1772394950:904769),GncDeployment.systemResources.CPU_02,268509191,16.16 percent
2026-03-01T14:55:50.904783,(2(0)-1772394950:904783),GncDeployment.systemResources.CPU_03,268509192,15.00 percent
2026-03-01T14:55:50.904798,(2(0)-1772394950:904798),GncDeployment.systemResources.CPU_04,268509193,22.77 percent
2026-03-01T14:55:50.904811,(2(0)-1772394950:904811),GncDeployment.systemResources.CPU_05,268509194,16.16 percent
2026-03-01T14:55:50.904824,(2(0)-1772394950:904824),GncDeployment.systemResources.CPU_06,268509195,15.84 percent
2026-03-01T14:55:50.904837,(2(0)-1772394950:904837),GncDeployment.systemResources.CPU_07,268509196,6.93 percent
2026-03-01T14:55:50.904838,(2(0)-1772394950:904838),GncDeployment.systemResources.CPU,268509188,17.38 percent
2026-03-01T14:55:50.904848,(2(0)-1772394950:904848),GncDeployment.systemResources.MEMORY_TOTAL,268509184,4388048 KB
2026-03-01T14:55:50.904849,(2(0)-1772394950:904849),GncDeployment.systemResources.MEMORY_USED,268509185,4326256 KB
2026-03-01T14:55:50.904868,(2(0)-1772394950:904868),GncDeployment.systemResources.NON_VOLATILE_FREE,268509187,135997444 KB
2026-03-01T14:55:50.904869,(2(0)-1772394950:904869),GncDeployment.systemResources.NON_VOLATILE_TOTAL,268509186,239362496 KB
2026-03-01T14:55:50.904901,(2(0)-1772394950:904901),ComCcsds.comQueue.comQueueDepth,33554432,['0', '1']
2026-03-01T14:55:50.904904,(2(0)-1772394950:904904),ComCcsds.comQueue.buffQueueDepth,33554433,['0']
2026-03-01T14:55:52.910934,(2(0)-1772394952:910934),GncDeployment.systemResources.CPU_00,268509189,28.00 percent
2026-03-01T14:55:52.910968,(2(0)-1772394952:910968),GncDeployment.systemResources.CPU_01,268509190,24.24 percent
2026-03-01T14:55:52.910998,(2(0)-1772394952:910998),GncDeployment.systemResources.CPU_02,268509191,22.00 percent
2026-03-01T14:55:52.911025,(2(0)-1772394952:911025),GncDeployment.systemResources.CPU_03,268509192,18.18 percent
2026-03-01T14:55:51.909432,(2(0)-1772394951:909432),GncDeployment.systemResources.CPU_04,268509193,26.00 percent
2026-03-01T14:55:51.909461,(2(0)-1772394951:909461),GncDeployment.systemResources.CPU_05,268509194,23.00 percent
2026-03-01T14:55:51.909488,(2(0)-1772394951:909488),GncDeployment.systemResources.CPU_06,268509195,5.00 percent
2026-03-01T14:55:51.909512,(2(0)-1772394951:909512),GncDeployment.systemResources.CPU_07,268509196,2.02 percent
2026-03-01T14:55:51.909515,(2(0)-1772394951:909515),GncDeployment.systemResources.CPU,268509188,19.17 percent
2026-03-01T14:55:51.909535,(2(0)-1772394951:909535),GncDeployment.systemResources.MEMORY_TOTAL,268509184,4383776 KB
2026-03-01T14:55:51.909537,(2(0)-1772394951:909537),GncDeployment.systemResources.MEMORY_USED,268509185,4317472 KB
2026-03-01T14:55:51.909556,(2(0)-1772394951:909556),GncDeployment.systemResources.NON_VOLATILE_FREE,268509187,135997444 KB
2026-03-01T14:55:51.909558,(2(0)-1772394951:909558),GncDeployment.systemResources.NON_VOLATILE_TOTAL,268509186,239362496 KB
2026-03-01T14:55:51.909584,(2(0)-1772394951:909584),ComCcsds.comQueue.comQueueDepth,33554432,['0', '1']
2026-03-01T14:55:51.909589,(2(0)-1772394951:909589),ComCcsds.comQueue.buffQueueDepth,33554433,['0']
2026-03-01T14:55:52.911052,(2(0)-1772394952:911052),GncDeployment.systemResources.CPU_04,268509193,58.00 percent
2026-03-01T14:55:52.911078,(2(0)-1772394952:911078),GncDeployment.systemResources.CPU_05,268509194,20.79 percent
2026-03-01T14:55:52.911105,(2(0)-1772394952:911105),GncDeployment.systemResources.CPU_06,268509195,17.82 percent
2026-03-01T14:55:52.911131,(2(0)-1772394952:911131),GncDeployment.systemResources.CPU_07,268509196,6.00 percent
2026-03-01T14:55:52.911134,(2(0)-1772394952:911134),GncDeployment.systemResources.CPU,268509188,24.38 percent
2026-03-01T14:55:52.911150,(2(0)-1772394952:911150),GncDeployment.systemResources.MEMORY_TOTAL,268509184,4333264 KB
2026-03-01T14:55:52.911153,(2(0)-1772394952:911153),GncDeployment.systemResources.MEMORY_USED,268509185,4269360 KB
2026-03-01T14:55:52.911197,(2(0)-1772394952:911197),GncDeployment.systemResources.NON_VOLATILE_FREE,268509187,135997196 KB
2026-03-01T14:55:52.911200,(2(0)-1772394952:911200),GncDeployment.systemResources.NON_VOLATILE_TOTAL,268509186,239362496 KB
2026-03-01T14:55:52.911230,(2(0)-1772394952:911230),ComCcsds.comQueue.comQueueDepth,33554432,['0', '1']
2026-03-01T14:55:52.911234,(2(0)-1772394952:911234),ComCcsds.comQueue.buffQueueDepth,33554433,['0']
2026-03-01T14:55:54.919141,(2(0)-1772394954:919141),GncDeployment.systemResources.CPU_00,268509189,36.00 percent
2026-03-01T14:55:54.919170,(2(0)-1772394954:919170),GncDeployment.systemResources.CPU_01,268509190,33.00 percent
2026-03-01T14:55:54.919188,(2(0)-1772394954:919188),GncDeployment.systemResources.CPU_02,268509191,27.00 percent
2026-03-01T14:55:54.919206,(2(0)-1772394954:919206),GncDeployment.systemResources.CPU_03,268509192,24.00 percent
2026-03-01T14:55:53.915902,(2(0)-1772394953:915902),GncDeployment.systemResources.CPU_04,268509193,37.00 percent
2026-03-01T14:55:53.915921,(2(0)-1772394953:915921),GncDeployment.systemResources.CPU_05,268509194,42.42 percent
2026-03-01T14:55:53.915940,(2(0)-1772394953:915940),GncDeployment.systemResources.CPU_06,268509195,6.00 percent
2026-03-01T14:55:53.915959,(2(0)-1772394953:915959),GncDeployment.systemResources.CPU_07,268509196,10.89 percent
2026-03-01T14:55:53.915961,(2(0)-1772394953:915961),GncDeployment.systemResources.CPU,268509188,23.86 percent
2026-03-01T14:55:53.915973,(2(0)-1772394953:915973),GncDeployment.systemResources.MEMORY_TOTAL,268509184,4234400 KB
2026-03-01T14:55:53.915975,(2(0)-1772394953:915975),GncDeployment.systemResources.MEMORY_USED,268509185,4171648 KB
2026-03-01T14:55:53.915991,(2(0)-1772394953:915991),GncDeployment.systemResources.NON_VOLATILE_FREE,268509187,135997376 KB
2026-03-01T14:55:53.915993,(2(0)-1772394953:915993),GncDeployment.systemResources.NON_VOLATILE_TOTAL,268509186,239362496 KB
2026-03-01T14:55:53.916058,(2(0)-1772394953:916058),ComCcsds.comQueue.comQueueDepth,33554432,['0', '1']
2026-03-01T14:55:53.916062,(2(0)-1772394953:916062),ComCcsds.comQueue.buffQueueDepth,33554433,['0']
2026-03-01T14:55:54.919224,(2(0)-1772394954:919224),GncDeployment.systemResources.CPU_04,268509193,52.48 percent
2026-03-01T14:55:54.919355,(2(0)-1772394954:919355),GncDeployment.systemResources.CPU_05,268509194,42.00 percent
2026-03-01T14:55:54.919378,(2(0)-1772394954:919378),GncDeployment.systemResources.CPU_06,268509195,27.00 percent
2026-03-01T14:55:54.919402,(2(0)-1772394954:919402),GncDeployment.systemResources.CPU_07,268509196,32.00 percent
2026-03-01T14:55:54.919404,(2(0)-1772394954:919404),GncDeployment.systemResources.CPU,268509188,34.18 percent
2026-03-01T14:55:54.919414,(2(0)-1772394954:919414),GncDeployment.systemResources.MEMORY_TOTAL,268509184,4165536 KB
2026-03-01T14:55:54.919416,(2(0)-1772394954:919416),GncDeployment.systemResources.MEMORY_USED,268509185,4103104 KB
2026-03-01T14:55:54.919431,(2(0)-1772394954:919431),GncDeployment.systemResources.NON_VOLATILE_FREE,268509187,135997348 KB
2026-03-01T14:55:54.919432,(2(0)-1772394954:919432),GncDeployment.systemResources.NON_VOLATILE_TOTAL,268509186,239362496 KB
2026-03-01T14:55:54.919485,(2(0)-1772394954:919485),ComCcsds.comQueue.comQueueDepth,33554432,['0', '0']
2026-03-01T14:55:54.919488,(2(0)-1772394954:919488),ComCcsds.comQueue.buffQueueDepth,33554433,['0']
2026-03-01T14:55:55.922055,(2(0)-1772394955:922055),GncDeployment.systemResources.CPU_00,268509189,36.36 percent
2026-03-01T14:55:55.922144,(2(0)-1772394955:922144),GncDeployment.systemResources.CPU_01,268509190,32.00 percent
2026-03-01T14:55:55.922185,(2(0)-1772394955:922185),GncDeployment.systemResources.CPU_02,268509191,29.29 percent
2026-03-01T14:55:55.922227,(2(0)-1772394955:922227),GncDeployment.systemResources.CPU_03,268509192,28.71 percent
2026-03-01T14:55:55.922263,(2(0)-1772394955:922263),GncDeployment.systemResources.CPU_04,268509193,23.00 percent
2026-03-01T14:55:55.922305,(2(0)-1772394955:922305),GncDeployment.systemResources.CPU_05,268509194,12.87 percent
2026-03-01T14:55:55.922340,(2(0)-1772394955:922340),GncDeployment.systemResources.CPU_06,268509195,6.06 percent
2026-03-01T14:55:55.922374,(2(0)-1772394955:922374),GncDeployment.systemResources.CPU_07,268509196,3.00 percent
2026-03-01T14:55:55.922377,(2(0)-1772394955:922377),GncDeployment.systemResources.CPU,268509188,21.41 percent
2026-03-01T14:55:55.922401,(2(0)-1772394955:922401),GncDeployment.systemResources.MEMORY_TOTAL,268509184,4152656 KB
2026-03-01T14:55:55.922404,(2(0)-1772394955:922404),GncDeployment.systemResources.MEMORY_USED,268509185,4086064 KB
2026-03-01T14:55:55.922434,(2(0)-1772394955:922434),GncDeployment.systemResources.NON_VOLATILE_FREE,268509187,135997340 KB
2026-03-01T14:55:55.922436,(2(0)-1772394955:922436),GncDeployment.systemResources.NON_VOLATILE_TOTAL,268509186,239362496 KB
2026-03-01T14:55:55.922460,(2(0)-1772394955:922460),ComCcsds.comQueue.comQueueDepth,33554432,['0', '1']
2026-03-01T14:55:55.922466,(2(0)-1772394955:922466),ComCcsds.comQueue.buffQueueDepth,33554433,['0']
2026-03-01T14:55:57.927463,(2(0)-1772394957:927463),GncDeployment.systemResources.CPU_00,268509189,29.00 percent
2026-03-01T14:55:57.927496,(2(0)-1772394957:927496),GncDeployment.systemResources.CPU_01,268509190,25.51 percent
2026-03-01T14:55:57.927522,(2(0)-1772394957:927522),GncDeployment.systemResources.CPU_02,268509191,17.17 percent
2026-03-01T14:55:57.927548,(2(0)-1772394957:927548),GncDeployment.systemResources.CPU_03,268509192,13.00 percent
2026-03-01T14:55:56.925527,(2(0)-1772394956:925527),GncDeployment.systemResources.CPU_04,268509193,21.00 percent
2026-03-01T14:55:56.925548,(2(0)-1772394956:925548),GncDeployment.systemResources.CPU_05,268509194,16.83 percent
2026-03-01T14:55:56.925571,(2(0)-1772394956:925571),GncDeployment.systemResources.CPU_06,268509195,11.00 percent
2026-03-01T14:55:56.925594,(2(0)-1772394956:925594),GncDeployment.systemResources.CPU_07,268509196,4.95 percent
2026-03-01T14:55:56.925596,(2(0)-1772394956:925596),GncDeployment.systemResources.CPU,268509188,20.17 percent
2026-03-01T14:55:56.925664,(2(0)-1772394956:925664),GncDeployment.systemResources.MEMORY_TOTAL,268509184,4129392 KB
2026-03-01T14:55:56.925667,(2(0)-1772394956:925667),GncDeployment.systemResources.MEMORY_USED,268509185,4067264 KB
2026-03-01T14:55:56.925682,(2(0)-1772394956:925682),GncDeployment.systemResources.NON_VOLATILE_FREE,268509187,135997308 KB
2026-03-01T14:55:56.925684,(2(0)-1772394956:925684),GncDeployment.systemResources.NON_VOLATILE_TOTAL,268509186,239362496 KB
2026-03-01T14:55:56.925701,(2(0)-1772394956:925701),ComCcsds.comQueue.comQueueDepth,33554432,['0', '0']
2026-03-01T14:55:56.925705,(2(0)-1772394956:925705),ComCcsds.comQueue.buffQueueDepth,33554433,['0']
2026-03-01T14:55:58.930036,(2(0)-1772394958:930036),GncDeployment.rateGroup2.RgMaxTime,268443648,360 us
2026-03-01T14:55:58.929771,(2(0)-1772394958:929771),GncDeployment.systemResources.CPU_00,268509189,27.27 percent
2026-03-01T14:55:58.929799,(2(0)-1772394958:929799),GncDeployment.systemResources.CPU_01,268509190,25.00 percent
2026-03-01T14:55:58.929820,(2(0)-1772394958:929820),GncDeployment.systemResources.CPU_02,268509191,26.00 percent
2026-03-01T14:55:58.929840,(2(0)-1772394958:929840),GncDeployment.systemResources.CPU_03,268509192,17.00 percent
2026-03-01T14:55:58.929860,(2(0)-1772394958:929860),GncDeployment.systemResources.CPU_04,268509193,58.59 percent
2026-03-01T14:55:58.929879,(2(0)-1772394958:929879),GncDeployment.systemResources.CPU_05,268509194,29.00 percent
2026-03-01T14:55:58.929898,(2(0)-1772394958:929898),GncDeployment.systemResources.CPU_06,268509195,20.79 percent
2026-03-01T14:55:58.929917,(2(0)-1772394958:929917),GncDeployment.systemResources.CPU_07,268509196,7.00 percent
2026-03-01T14:55:58.929920,(2(0)-1772394958:929920),GncDeployment.systemResources.CPU,268509188,26.33 percent
2026-03-01T14:55:58.929932,(2(0)-1772394958:929932),GncDeployment.systemResources.MEMORY_TOTAL,268509184,4156848 KB
2026-03-01T14:55:58.929934,(2(0)-1772394958:929934),GncDeployment.systemResources.MEMORY_USED,268509185,4091648 KB
2026-03-01T14:55:58.929955,(2(0)-1772394958:929955),GncDeployment.systemResources.NON_VOLATILE_FREE,268509187,135997304 KB
2026-03-01T14:55:58.929956,(2(0)-1772394958:929956),GncDeployment.systemResources.NON_VOLATILE_TOTAL,268509186,239362496 KB
2026-03-01T14:55:58.930573,(2(0)-1772394958:930573),ComCcsds.comQueue.comQueueDepth,33554432,['0', '1']
2026-03-01T14:55:58.930577,(2(0)-1772394958:930577),ComCcsds.comQueue.buffQueueDepth,33554433,['0']
2026-03-01T14:56:00.934398,(2(0)-1772394960:934398),GncDeployment.systemResources.CPU_00,268509189,27.00 percent
2026-03-01T14:56:00.934422,(2(0)-1772394960:934422),GncDeployment.systemResources.CPU_01,268509190,22.45 percent
2026-03-01T14:56:00.934449,(2(0)-1772394960:934449),GncDeployment.systemResources.CPU_02,268509191,19.00 percent
2026-03-01T14:56:00.934463,(2(0)-1772394960:934463),GncDeployment.systemResources.CPU_03,268509192,17.00 percent
2026-03-01T14:56:00.934477,(2(0)-1772394960:934477),GncDeployment.systemResources.CPU_04,268509193,50.50 percent
2026-03-01T14:56:00.934506,(2(0)-1772394960:934506),GncDeployment.systemResources.CPU_05,268509194,30.00 percent
2026-03-01T14:56:00.934527,(2(0)-1772394960:934527),GncDeployment.systemResources.CPU_06,268509195,21.00 percent
2026-03-01T14:56:00.934543,(2(0)-1772394960:934543),GncDeployment.systemResources.CPU_07,268509196,11.00 percent
2026-03-01T14:56:00.934548,(2(0)-1772394960:934548),GncDeployment.systemResources.CPU,268509188,24.74 percent
2026-03-01T14:56:00.934558,(2(0)-1772394960:934558),GncDeployment.systemResources.MEMORY_TOTAL,268509184,4191648 KB
2026-03-01T14:56:00.934560,(2(0)-1772394960:934560),GncDeployment.systemResources.MEMORY_USED,268509185,4123936 KB
2026-03-01T14:56:00.934574,(2(0)-1772394960:934574),GncDeployment.systemResources.NON_VOLATILE_FREE,268509187,135997300 KB
2026-03-01T14:56:00.934575,(2(0)-1772394960:934575),GncDeployment.systemResources.NON_VOLATILE_TOTAL,268509186,239362496 KB
2026-03-01T14:56:00.934641,(2(0)-1772394960:934641),ComCcsds.comQueue.comQueueDepth,33554432,['0', '0']
2026-03-01T14:56:00.934644,(2(0)-1772394960:934644),ComCcsds.comQueue.buffQueueDepth,33554433,['0']
2026-03-01T14:56:01.936289,(2(0)-1772394961:936289),GncDeployment.systemResources.CPU_00,268509189,19.39 percent
2026-03-01T14:56:01.936313,(2(0)-1772394961:936313),GncDeployment.systemResources.CPU_01,268509190,19.80 percent
2026-03-01T14:56:01.936330,(2(0)-1772394961:936330),GncDeployment.systemResources.CPU_02,268509191,17.17 percent
2026-03-01T14:56:01.936346,(2(0)-1772394961:936346),GncDeployment.systemResources.CPU_03,268509192,9.09 percent
2026-03-01T14:56:02.938270,(2(0)-1772394962:938270),GncDeployment.systemResources.CPU_00,268509189,21.00 percent
2026-03-01T14:56:02.938288,(2(0)-1772394962:938288),GncDeployment.systemResources.CPU_01,268509190,20.41 percent
2026-03-01T14:56:02.938304,(2(0)-1772394962:938304),GncDeployment.systemResources.CPU_02,268509191,15.15 percent
2026-03-01T14:56:02.938318,(2(0)-1772394962:938318),GncDeployment.systemResources.CPU_03,268509192,15.84 percent
2026-03-01T14:56:01.936370,(2(0)-1772394961:936370),GncDeployment.systemResources.CPU_04,268509193,29.59 percent
2026-03-01T14:56:01.936449,(2(0)-1772394961:936449),GncDeployment.systemResources.CPU_05,268509194,22.00 percent
2026-03-01T14:56:01.936471,(2(0)-1772394961:936471),GncDeployment.systemResources.CPU_06,268509195,12.00 percent
2026-03-01T14:56:01.936486,(2(0)-1772394961:936486),GncDeployment.systemResources.CPU_07,268509196,6.00 percent
2026-03-01T14:56:01.936487,(2(0)-1772394961:936487),GncDeployment.systemResources.CPU,268509188,16.88 percent
2026-03-01T14:56:01.936498,(2(0)-1772394961:936498),GncDeployment.systemResources.MEMORY_TOTAL,268509184,4210560 KB
2026-03-01T14:56:01.936500,(2(0)-1772394961:936500),GncDeployment.systemResources.MEMORY_USED,268509185,4143280 KB
2026-03-01T14:56:01.936514,(2(0)-1772394961:936514),GncDeployment.systemResources.NON_VOLATILE_FREE,268509187,135997296 KB
2026-03-01T14:56:01.936516,(2(0)-1772394961:936516),GncDeployment.systemResources.NON_VOLATILE_TOTAL,268509186,239362496 KB
2026-03-01T14:56:01.936529,(2(0)-1772394961:936529),ComCcsds.comQueue.comQueueDepth,33554432,['0', '1']
2026-03-01T14:56:01.936531,(2(0)-1772394961:936531),ComCcsds.comQueue.buffQueueDepth,33554433,['0']
2026-03-01T14:56:02.938334,(2(0)-1772394962:938334),GncDeployment.systemResources.CPU_04,268509193,21.78 percent
2026-03-01T14:56:02.938350,(2(0)-1772394962:938350),GncDeployment.systemResources.CPU_05,268509194,16.16 percent
2026-03-01T14:56:02.938366,(2(0)-1772394962:938366),GncDeployment.systemResources.CPU_06,268509195,11.88 percent
2026-03-01T14:56:02.938381,(2(0)-1772394962:938381),GncDeployment.systemResources.CPU_07,268509196,7.92 percent
2026-03-01T14:56:02.938382,(2(0)-1772394962:938382),GncDeployment.systemResources.CPU,268509188,16.27 percent
2026-03-01T14:56:02.938396,(2(0)-1772394962:938396),GncDeployment.systemResources.MEMORY_TOTAL,268509184,4204368 KB
2026-03-01T14:56:02.938397,(2(0)-1772394962:938397),GncDeployment.systemResources.MEMORY_USED,268509185,4136160 KB
2026-03-01T14:56:02.938413,(2(0)-1772394962:938413),GncDeployment.systemResources.NON_VOLATILE_FREE,268509187,135997296 KB
2026-03-01T14:56:02.938414,(2(0)-1772394962:938414),GncDeployment.systemResources.NON_VOLATILE_TOTAL,268509186,239362496 KB
2026-03-01T14:56:02.938450,(2(0)-1772394962:938450),ComCcsds.comQueue.comQueueDepth,33554432,['0', '1']
2026-03-01T14:56:02.938452,(2(0)-1772394962:938452),ComCcsds.comQueue.buffQueueDepth,33554433,['0']
2026-03-01T14:56:03.941474,(2(0)-1772394963:941474),GncDeployment.systemResources.CPU_00,268509189,23.00 percent
2026-03-01T14:56:03.941492,(2(0)-1772394963:941492),GncDeployment.systemResources.CPU_01,268509190,22.00 percent
2026-03-01T14:56:03.941506,(2(0)-1772394963:941506),GncDeployment.systemResources.CPU_02,268509191,18.00 percent
2026-03-01T14:56:03.941518,(2(0)-1772394963:941518),GncDeployment.systemResources.CPU_03,268509192,15.15 percent
2026-03-01T14:56:03.941531,(2(0)-1772394963:941531),GncDeployment.systemResources.CPU_04,268509193,55.00 percent
2026-03-01T14:56:03.941543,(2(0)-1772394963:941543),GncDeployment.systemResources.CPU_05,268509194,24.75 percent
2026-03-01T14:56:03.941556,(2(0)-1772394963:941556),GncDeployment.systemResources.CPU_06,268509195,19.80 percent
2026-03-01T14:56:03.941568,(2(0)-1772394963:941568),GncDeployment.systemResources.CPU_07,268509196,14.00 percent
2026-03-01T14:56:03.941570,(2(0)-1772394963:941570),GncDeployment.systemResources.CPU,268509188,23.96 percent
2026-03-01T14:56:03.941579,(2(0)-1772394963:941579),GncDeployment.systemResources.MEMORY_TOTAL,268509184,4201392 KB
2026-03-01T14:56:03.941580,(2(0)-1772394963:941580),GncDeployment.systemResources.MEMORY_USED,268509185,4138320 KB
2026-03-01T14:56:03.941595,(2(0)-1772394963:941595),GncDeployment.systemResources.NON_VOLATILE_FREE,268509187,135997252 KB
2026-03-01T14:56:03.941596,(2(0)-1772394963:941596),GncDeployment.systemResources.NON_VOLATILE_TOTAL,268509186,239362496 KB
2026-03-01T14:56:03.941620,(2(0)-1772394963:941620),ComCcsds.comQueue.comQueueDepth,33554432,['0', '1']
2026-03-01T14:56:03.941622,(2(0)-1772394963:941622),ComCcsds.comQueue.buffQueueDepth,33554433,['0']
2026-03-01T14:56:04.945711,(2(0)-1772394964:945711),GncDeployment.systemResources.CPU_00,268509189,28.00 percent
2026-03-01T14:56:04.945759,(2(0)-1772394964:945759),GncDeployment.systemResources.CPU_01,268509190,25.00 percent
2026-03-01T14:56:04.945789,(2(0)-1772394964:945789),GncDeployment.systemResources.CPU_02,268509191,25.74 percent
2026-03-01T14:56:04.945803,(2(0)-1772394964:945803),GncDeployment.systemResources.CPU_03,268509192,21.00 percent
2026-03-01T14:56:04.945816,(2(0)-1772394964:945816),GncDeployment.systemResources.CPU_04,268509193,54.46 percent
2026-03-01T14:56:04.945829,(2(0)-1772394964:945829),GncDeployment.systemResources.CPU_05,268509194,24.24 percent
2026-03-01T14:56:04.945841,(2(0)-1772394964:945841),GncDeployment.systemResources.CPU_06,268509195,17.00 percent
2026-03-01T14:56:04.945854,(2(0)-1772394964:945854),GncDeployment.systemResources.CPU_07,268509196,12.00 percent
2026-03-01T14:56:04.945855,(2(0)-1772394964:945855),GncDeployment.systemResources.CPU,268509188,25.93 percent
2026-03-01T14:56:04.945864,(2(0)-1772394964:945864),GncDeployment.systemResources.MEMORY_TOTAL,268509184,4141376 KB
2026-03-01T14:56:04.945866,(2(0)-1772394964:945866),GncDeployment.systemResources.MEMORY_USED,268509185,4074720 KB
2026-03-01T14:56:04.945880,(2(0)-1772394964:945880),GncDeployment.systemResources.NON_VOLATILE_FREE,268509187,135997244 KB
2026-03-01T14:56:04.945881,(2(0)-1772394964:945881),GncDeployment.systemResources.NON_VOLATILE_TOTAL,268509186,239362496 KB
2026-03-01T14:56:04.945889,(2(0)-1772394964:945889),ComCcsds.comQueue.comQueueDepth,33554432,['0', '1']
2026-03-01T14:56:04.945891,(2(0)-1772394964:945891),ComCcsds.comQueue.buffQueueDepth,33554433,['0']
2026-03-01T14:56:06.949339,(2(0)-1772394966:949339),GncDeployment.systemResources.CPU_00,268509189,23.00 percent
2026-03-01T14:56:05.946028,(2(0)-1772394965:946028),GncDeployment.systemResources.CPU_01,268509190,33.00 percent
2026-03-01T14:56:05.946044,(2(0)-1772394965:946044),GncDeployment.systemResources.CPU_02,268509191,23.23 percent
2026-03-01T14:56:05.946059,(2(0)-1772394965:946059),GncDeployment.systemResources.CPU_03,268509192,22.00 percent
2026-03-01T14:56:05.946075,(2(0)-1772394965:946075),GncDeployment.systemResources.CPU_04,268509193,19.00 percent
2026-03-01T14:56:05.946091,(2(0)-1772394965:946091),GncDeployment.systemResources.CPU_05,268509194,11.88 percent
2026-03-01T14:56:05.946106,(2(0)-1772394965:946106),GncDeployment.systemResources.CPU_06,268509195,3.00 percent
2026-03-01T14:56:05.946121,(2(0)-1772394965:946121),GncDeployment.systemResources.CPU_07,268509196,1.00 percent
2026-03-01T14:56:05.946122,(2(0)-1772394965:946122),GncDeployment.systemResources.CPU,268509188,17.93 percent
2026-03-01T14:56:05.946133,(2(0)-1772394965:946133),GncDeployment.systemResources.MEMORY_TOTAL,268509184,4146656 KB
2026-03-01T14:56:05.946135,(2(0)-1772394965:946135),GncDeployment.systemResources.MEMORY_USED,268509185,4078752 KB
2026-03-01T14:56:05.946154,(2(0)-1772394965:946154),GncDeployment.systemResources.NON_VOLATILE_FREE,268509187,135997240 KB
2026-03-01T14:56:05.946155,(2(0)-1772394965:946155),GncDeployment.systemResources.NON_VOLATILE_TOTAL,268509186,239362496 KB
2026-03-01T14:56:05.946209,(2(0)-1772394965:946209),ComCcsds.comQueue.comQueueDepth,33554432,['0', '1']
2026-03-01T14:56:05.946211,(2(0)-1772394965:946211),ComCcsds.comQueue.buffQueueDepth,33554433,['0']
2026-03-01T14:56:07.950441,(2(0)-1772394967:950441),GncDeployment.systemResources.CPU_00,268509189,30.30 percent
2026-03-01T14:56:07.950466,(2(0)-1772394967:950466),GncDeployment.systemResources.CPU_01,268509190,33.00 percent
2026-03-01T14:56:07.950483,(2(0)-1772394967:950483),GncDeployment.systemResources.CPU_02,268509191,22.22 percent
2026-03-01T14:56:07.950500,(2(0)-1772394967:950500),GncDeployment.systemResources.CPU_03,268509192,18.00 percent
2026-03-01T14:56:07.950517,(2(0)-1772394967:950517),GncDeployment.systemResources.CPU_04,268509193,8.00 percent
2026-03-01T14:56:07.950541,(2(0)-1772394967:950541),GncDeployment.systemResources.CPU_05,268509194,2.00 percent
2026-03-01T14:56:07.950556,(2(0)-1772394967:950556),GncDeployment.systemResources.CPU_06,268509195,2.00 percent
2026-03-01T14:56:07.950571,(2(0)-1772394967:950571),GncDeployment.systemResources.CPU_07,268509196,0.99 percent
2026-03-01T14:56:07.950573,(2(0)-1772394967:950573),GncDeployment.systemResources.CPU,268509188,14.56 percent
2026-03-01T14:56:07.950584,(2(0)-1772394967:950584),GncDeployment.systemResources.MEMORY_TOTAL,268509184,4129200 KB
2026-03-01T14:56:07.950586,(2(0)-1772394967:950586),GncDeployment.systemResources.MEMORY_USED,268509185,4056224 KB
2026-03-01T14:56:07.950604,(2(0)-1772394967:950604),GncDeployment.systemResources.NON_VOLATILE_FREE,268509187,136001460 KB
2026-03-01T14:56:07.950606,(2(0)-1772394967:950606),GncDeployment.systemResources.NON_VOLATILE_TOTAL,268509186,239362496 KB
2026-03-01T14:56:07.950657,(2(0)-1772394967:950657),ComCcsds.comQueue.comQueueDepth,33554432,['0', '0']
2026-03-01T14:56:07.950744,(2(0)-1772394967:950744),ComCcsds.comQueue.buffQueueDepth,33554433,['0']
2026-03-01T14:56:08.954727,(2(0)-1772394968:954727),GncDeployment.systemResources.CPU_00,268509189,24.75 percent
2026-03-01T14:56:08.954748,(2(0)-1772394968:954748),GncDeployment.systemResources.CPU_01,268509190,20.00 percent
2026-03-01T14:56:08.954765,(2(0)-1772394968:954765),GncDeployment.systemResources.CPU_02,268509191,18.81 percent
2026-03-01T14:56:08.954780,(2(0)-1772394968:954780),GncDeployment.systemResources.CPU_03,268509192,15.15 percent
2026-03-01T14:56:08.954848,(2(0)-1772394968:954848),GncDeployment.systemResources.CPU_04,268509193,15.00 percent
2026-03-01T14:56:08.954864,(2(0)-1772394968:954864),GncDeployment.systemResources.CPU_05,268509194,8.00 percent
2026-03-01T14:56:08.954877,(2(0)-1772394968:954877),GncDeployment.systemResources.CPU_06,268509195,3.96 percent
2026-03-01T14:56:08.954890,(2(0)-1772394968:954890),GncDeployment.systemResources.CPU_07,268509196,1.00 percent
2026-03-01T14:56:08.954892,(2(0)-1772394968:954892),GncDeployment.systemResources.CPU,268509188,13.33 percent
2026-03-01T14:56:08.954903,(2(0)-1772394968:954903),GncDeployment.systemResources.MEMORY_TOTAL,268509184,4140064 KB
2026-03-01T14:56:08.954905,(2(0)-1772394968:954905),GncDeployment.systemResources.MEMORY_USED,268509185,4068576 KB
2026-03-01T14:56:08.954928,(2(0)-1772394968:954928),GncDeployment.systemResources.NON_VOLATILE_FREE,268509187,136001392 KB
2026-03-01T14:56:08.954929,(2(0)-1772394968:954929),GncDeployment.systemResources.NON_VOLATILE_TOTAL,268509186,239362496 KB
2026-03-01T14:56:08.954949,(2(0)-1772394968:954949),ComCcsds.comQueue.comQueueDepth,33554432,['0', '1']
2026-03-01T14:56:08.954952,(2(0)-1772394968:954952),ComCcsds.comQueue.buffQueueDepth,33554433,['0']
2026-03-01T14:56:09.959944,(2(0)-1772394969:959944),GncDeployment.systemResources.CPU_00,268509189,30.30 percent
2026-03-01T14:56:09.959966,(2(0)-1772394969:959966),GncDeployment.systemResources.CPU_01,268509190,25.00 percent
2026-03-01T14:56:09.959980,(2(0)-1772394969:959980),GncDeployment.systemResources.CPU_02,268509191,20.00 percent
2026-03-01T14:56:09.959999,(2(0)-1772394969:959999),GncDeployment.systemResources.CPU_03,268509192,17.00 percent
2026-03-01T14:56:09.960017,(2(0)-1772394969:960017),GncDeployment.systemResources.CPU_04,268509193,5.94 percent
2026-03-01T14:56:09.960034,(2(0)-1772394969:960034),GncDeployment.systemResources.CPU_05,268509194,3.00 percent
2026-03-01T14:56:09.960050,(2(0)-1772394969:960050),GncDeployment.systemResources.CPU_06,268509195,1.98 percent
2026-03-01T14:56:09.960071,(2(0)-1772394969:960071),GncDeployment.systemResources.CPU_07,268509196,0.00 percent
2026-03-01T14:56:09.960072,(2(0)-1772394969:960072),GncDeployment.systemResources.CPU,268509188,12.90 percent
2026-03-01T14:56:09.960086,(2(0)-1772394969:960086),GncDeployment.systemResources.MEMORY_TOTAL,268509184,4133840 KB
2026-03-01T14:56:09.960087,(2(0)-1772394969:960087),GncDeployment.systemResources.MEMORY_USED,268509185,4067728 KB
2026-03-01T14:56:09.960116,(2(0)-1772394969:960116),GncDeployment.systemResources.NON_VOLATILE_FREE,268509187,136000356 KB
2026-03-01T14:56:09.960117,(2(0)-1772394969:960117),GncDeployment.systemResources.NON_VOLATILE_TOTAL,268509186,239362496 KB
2026-03-01T14:56:09.960132,(2(0)-1772394969:960132),ComCcsds.comQueue.comQueueDepth,33554432,['0', '1']
2026-03-01T14:56:09.960134,(2(0)-1772394969:960134),ComCcsds.comQueue.buffQueueDepth,33554433,['0']
2026-03-01T14:56:10.960356,(2(0)-1772394970:960356),GncDeployment.systemResources.CPU_00,268509189,31.31 percent
2026-03-01T14:56:10.960382,(2(0)-1772394970:960382),GncDeployment.systemResources.CPU_01,268509190,29.29 percent
2026-03-01T14:56:10.960400,(2(0)-1772394970:960400),GncDeployment.systemResources.CPU_02,268509191,25.25 percent
2026-03-01T14:56:10.960417,(2(0)-1772394970:960417),GncDeployment.systemResources.CPU_03,268509192,19.80 percent
2026-03-01T14:56:10.960435,(2(0)-1772394970:960435),GncDeployment.systemResources.CPU_04,268509193,17.00 percent
2026-03-01T14:56:10.960449,(2(0)-1772394970:960449),GncDeployment.systemResources.CPU_05,268509194,7.00 percent
2026-03-01T14:56:10.960463,(2(0)-1772394970:960463),GncDeployment.systemResources.CPU_06,268509195,4.04 percent
2026-03-01T14:56:10.960477,(2(0)-1772394970:960477),GncDeployment.systemResources.CPU_07,268509196,3.00 percent
2026-03-01T14:56:10.960479,(2(0)-1772394970:960479),GncDeployment.systemResources.CPU,268509188,17.09 percent
2026-03-01T14:56:10.960489,(2(0)-1772394970:960489),GncDeployment.systemResources.MEMORY_TOTAL,268509184,4141072 KB
2026-03-01T14:56:10.960490,(2(0)-1772394970:960490),GncDeployment.systemResources.MEMORY_USED,268509185,4072080 KB
2026-03-01T14:56:10.960516,(2(0)-1772394970:960516),GncDeployment.systemResources.NON_VOLATILE_FREE,268509187,136000376 KB
2026-03-01T14:56:10.960517,(2(0)-1772394970:960517),GncDeployment.systemResources.NON_VOLATILE_TOTAL,268509186,239362496 KB
2026-03-01T14:56:10.960541,(2(0)-1772394970:960541),ComCcsds.comQueue.comQueueDepth,33554432,['0', '1']
2026-03-01T14:56:10.960543,(2(0)-1772394970:960543),ComCcsds.comQueue.buffQueueDepth,33554433,['0']
2026-03-01T14:56:11.960551,(2(0)-1772394971:960551),GncDeployment.systemResources.CPU_00,268509189,27.00 percent
2026-03-01T14:56:11.960572,(2(0)-1772394971:960572),GncDeployment.systemResources.CPU_01,268509190,23.00 percent
2026-03-01T14:56:11.960591,(2(0)-1772394971:960591),GncDeployment.systemResources.CPU_02,268509191,21.00 percent
2026-03-01T14:56:11.960606,(2(0)-1772394971:960606),GncDeployment.systemResources.CPU_03,268509192,18.37 percent
2026-03-01T14:56:11.960619,(2(0)-1772394971:960619),GncDeployment.systemResources.CPU_04,268509193,10.10 percent
2026-03-01T14:56:11.960632,(2(0)-1772394971:960632),GncDeployment.systemResources.CPU_05,268509194,4.00 percent
2026-03-01T14:56:11.960645,(2(0)-1772394971:960645),GncDeployment.systemResources.CPU_06,268509195,2.00 percent
2026-03-01T14:56:11.960661,(2(0)-1772394971:960661),GncDeployment.systemResources.CPU_07,268509196,1.00 percent
2026-03-01T14:56:11.960663,(2(0)-1772394971:960663),GncDeployment.systemResources.CPU,268509188,13.31 percent
2026-03-01T14:56:11.960677,(2(0)-1772394971:960677),GncDeployment.systemResources.MEMORY_TOTAL,268509184,4145040 KB
2026-03-01T14:56:11.960679,(2(0)-1772394971:960679),GncDeployment.systemResources.MEMORY_USED,268509185,4061712 KB
2026-03-01T14:56:11.960700,(2(0)-1772394971:960700),GncDeployment.systemResources.NON_VOLATILE_FREE,268509187,136000356 KB
2026-03-01T14:56:11.960701,(2(0)-1772394971:960701),GncDeployment.systemResources.NON_VOLATILE_TOTAL,268509186,239362496 KB
2026-03-01T14:56:11.960720,(2(0)-1772394971:960720),ComCcsds.comQueue.comQueueDepth,33554432,['0', '1']
2026-03-01T14:56:11.960722,(2(0)-1772394971:960722),ComCcsds.comQueue.buffQueueDepth,33554433,['0']
2026-03-01T14:56:12.961531,(2(0)-1772394972:961531),GncDeployment.systemResources.CPU_00,268509189,29.29 percent
2026-03-01T14:56:12.961579,(2(0)-1772394972:961579),GncDeployment.systemResources.CPU_01,268509190,22.22 percent
2026-03-01T14:56:12.961597,(2(0)-1772394972:961597),GncDeployment.systemResources.CPU_02,268509191,17.17 percent
2026-03-01T14:56:12.961611,(2(0)-1772394972:961611),GncDeployment.systemResources.CPU_03,268509192,19.80 percent
2026-03-01T14:56:12.961625,(2(0)-1772394972:961625),GncDeployment.systemResources.CPU_04,268509193,33.00 percent
2026-03-01T14:56:12.961638,(2(0)-1772394972:961638),GncDeployment.systemResources.CPU_05,268509194,24.00 percent
2026-03-01T14:56:12.961652,(2(0)-1772394972:961652),GncDeployment.systemResources.CPU_06,268509195,16.00 percent
2026-03-01T14:56:12.961667,(2(0)-1772394972:961667),GncDeployment.systemResources.CPU_07,268509196,10.10 percent
2026-03-01T14:56:12.961668,(2(0)-1772394972:961668),GncDeployment.systemResources.CPU,268509188,21.45 percent
2026-03-01T14:56:12.961678,(2(0)-1772394972:961678),GncDeployment.systemResources.MEMORY_TOTAL,268509184,4189808 KB
2026-03-01T14:56:12.961679,(2(0)-1772394972:961679),GncDeployment.systemResources.MEMORY_USED,268509185,4124432 KB
2026-03-01T14:56:12.961696,(2(0)-1772394972:961696),GncDeployment.systemResources.NON_VOLATILE_FREE,268509187,136000400 KB
2026-03-01T14:56:12.961697,(2(0)-1772394972:961697),GncDeployment.systemResources.NON_VOLATILE_TOTAL,268509186,239362496 KB
2026-03-01T14:56:12.961712,(2(0)-1772394972:961712),ComCcsds.comQueue.comQueueDepth,33554432,['0', '1']
2026-03-01T14:56:12.961715,(2(0)-1772394972:961715),ComCcsds.comQueue.buffQueueDepth,33554433,['0']
2026-03-01T14:56:13.965767,(2(0)-1772394973:965767),GncDeployment.systemResources.CPU_00,268509189,32.00 percent
2026-03-01T14:56:13.965821,(2(0)-1772394973:965821),GncDeployment.systemResources.CPU_01,268509190,24.75 percent
2026-03-01T14:56:13.965835,(2(0)-1772394973:965835),GncDeployment.systemResources.CPU_02,268509191,22.77 percent
2026-03-01T14:56:13.965847,(2(0)-1772394973:965847),GncDeployment.systemResources.CPU_03,268509192,15.15 percent
2026-03-01T14:56:13.965867,(2(0)-1772394973:965867),GncDeployment.systemResources.CPU_04,268509193,19.00 percent
2026-03-01T14:56:13.965884,(2(0)-1772394973:965884),GncDeployment.systemResources.CPU_05,268509194,12.00 percent
2026-03-01T14:56:13.965899,(2(0)-1772394973:965899),GncDeployment.systemResources.CPU_06,268509195,6.93 percent
2026-03-01T14:56:13.965913,(2(0)-1772394973:965913),GncDeployment.systemResources.CPU_07,268509196,5.88 percent
2026-03-01T14:56:13.965914,(2(0)-1772394973:965914),GncDeployment.systemResources.CPU,268509188,17.31 percent
2026-03-01T14:56:13.965923,(2(0)-1772394973:965923),GncDeployment.systemResources.MEMORY_TOTAL,268509184,4191072 KB
2026-03-01T14:56:13.965924,(2(0)-1772394973:965924),GncDeployment.systemResources.MEMORY_USED,268509185,4125968 KB
2026-03-01T14:56:13.965940,(2(0)-1772394973:965940),GncDeployment.systemResources.NON_VOLATILE_FREE,268509187,136000396 KB
2026-03-01T14:56:13.965941,(2(0)-1772394973:965941),GncDeployment.systemResources.NON_VOLATILE_TOTAL,268509186,239362496 KB
2026-03-01T14:56:13.965965,(2(0)-1772394973:965965),ComCcsds.comQueue.comQueueDepth,33554432,['0', '1']
2026-03-01T14:56:13.965966,(2(0)-1772394973:965966),ComCcsds.comQueue.buffQueueDepth,33554433,['0']
2026-03-01T14:56:14.970371,(2(0)-1772394974:970371),GncDeployment.systemResources.CPU_00,268509189,42.00 percent
2026-03-01T14:56:14.970383,(2(0)-1772394974:970383),GncDeployment.systemResources.CPU_01,268509190,41.41 percent
2026-03-01T14:56:14.970390,(2(0)-1772394974:970390),GncDeployment.systemResources.CPU_02,268509191,36.36 percent
2026-03-01T14:56:14.970396,(2(0)-1772394974:970396),GncDeployment.systemResources.CPU_03,268509192,35.64 percent
2026-03-01T14:56:14.970402,(2(0)-1772394974:970402),GncDeployment.systemResources.CPU_04,268509193,33.00 percent
2026-03-01T14:56:14.970409,(2(0)-1772394974:970409),GncDeployment.systemResources.CPU_05,268509194,28.00 percent
2026-03-01T14:56:14.970414,(2(0)-1772394974:970414),GncDeployment.systemResources.CPU_06,268509195,22.22 percent
2026-03-01T14:56:14.970421,(2(0)-1772394974:970421),GncDeployment.systemResources.CPU_07,268509196,18.18 percent
2026-03-01T14:56:14.970422,(2(0)-1772394974:970422),GncDeployment.systemResources.CPU,268509188,32.10 percent
2026-03-01T14:56:14.970425,(2(0)-1772394974:970425),GncDeployment.systemResources.MEMORY_TOTAL,268509184,4176544 KB
2026-03-01T14:56:14.970426,(2(0)-1772394974:970426),GncDeployment.systemResources.MEMORY_USED,268509185,4098736 KB
2026-03-01T14:56:14.970431,(2(0)-1772394974:970431),GncDeployment.systemResources.NON_VOLATILE_FREE,268509187,136000288 KB
2026-03-01T14:56:14.970431,(2(0)-1772394974:970431),GncDeployment.systemResources.NON_VOLATILE_TOTAL,268509186,239362496 KB
2026-03-01T14:56:14.970436,(2(0)-1772394974:970436),ComCcsds.comQueue.comQueueDepth,33554432,['0', '1']
2026-03-01T14:56:14.970437,(2(0)-1772394974:970437),ComCcsds.comQueue.buffQueueDepth,33554433,['0']
