2026-03-01T14:46:44.518733,(2(0)-1772394404:518733),CdhCore.version.FrameworkVersion,16789504,v4.1.1
2026-03-01T14:46:44.518738,(2(0)-1772394404:518738),CdhCore.version.ProjectVersion,16789505,ef106fd-dirty
2026-03-01T14:46:45.523796,(2(0)-1772394405:523796),GncDeployment.rateGroup2.RgMaxTime,268443648,95 us
2026-03-01T14:46:45.523842,(2(0)-1772394405:523842),GncDeployment.systemResources.CPU_00,268509189,21.81 percent
2026-03-01T14:46:45.523859,(2(0)-1772394405:523859),ComCcsds.commsBufferManager.HiBuffs,33562626,1
2026-03-01T14:46:45.523866,(2(0)-1772394405:523866),ComCcsds.commsBufferManager.CurrBuffs,33562625,1
2026-03-01T14:46:45.523860,(2(0)-1772394405:523860),GncDeployment.systemResources.CPU_01,268509190,20.35 percent
2026-03-01T14:46:45.523868,(2(0)-1772394405:523868),ComCcsds.commsBufferManager.TotalBuffs,33562624,50
2026-03-01T14:46:45.523869,(2(0)-1772394405:523869),ComCcsds.commsBufferManager.NoBuffs,33562627,0
2026-03-01T14:46:45.523871,(2(0)-1772394405:523871),ComCcsds.commsBufferManager.EmptyBuffs,33562628,0
2026-03-01T14:46:45.523873,(2(0)-1772394405:523873),DataProducts.dpBufferManager.HiBuffs,67121154,0
2026-03-01T14:46:45.523874,(2(0)-1772394405:523874),DataProducts.dpBufferManager.CurrBuffs,67121153,0
2026-03-01T14:46:45.523875,(2(0)-1772394405:523875),DataProducts.dpBufferManager.TotalBuffs,67121152,10
2026-03-01T14:46:45.523876,(2(0)-1772394405:523876),DataProducts.dpBufferManager.NoBuffs,67121155,0
2026-03-01T14:46:45.523878,(2(0)-1772394405:523878),DataProducts.dpBufferManager.EmptyBuffs,67121156,0
2026-03-01T14:46:45.523882,(2(0)-1772394405:523882),GncDeployment.systemResources.CPU_02,268509191,17.21 percent
2026-03-01T14:46:45.523924,(2(0)-1772394405:523924),DataProducts.dpWriter.NumBuffersReceived,67117056,0
2026-03-01T14:46:45.523932,(2(0)-1772394405:523932),DataProducts.dpWriter.NumBytesWritten,67117057,0
2026-03-01T14:46:45.523896,(2(0)-1772394405:523896),GncDeployment.systemResources.CPU_03,268509192,15.01 percent
2026-03-01T14:46:45.523898,(2(0)-1772394405:523898),GncDeployment.rateGroup3.RgMaxTime,268447744,203 us
2026-03-01T14:46:45.523965,(2(0)-1772394405:523965),GncDeployment.systemResources.CPU_04,268509193,10.28 percent
2026-03-01T14:46:45.523910,(2(0)-1772394405:523910),DataProducts.dpMgr.NumSuccessfulAllocations,67112960,0
2026-03-01T14:46:45.523972,(2(0)-1772394405:523972),DataProducts.dpMgr.NumFailedAllocations,67112961,0
2026-03-01T14:46:45.523974,(2(0)-1772394405:523974),DataProducts.dpMgr.NumDataProducts,67112962,0
2026-03-01T14:46:45.523975,(2(0)-1772394405:523975),DataProducts.dpMgr.NumBytes,67112963,0
2026-03-01T14:46:45.523982,(2(0)-1772394405:523982),DataProducts.dpWriter.NumSuccessfulWrites,67117058,0
2026-03-01T14:46:45.523984,(2(0)-1772394405:523984),DataProducts.dpWriter.NumFailedWrites,67117059,0
2026-03-01T14:46:45.523985,(2(0)-1772394405:523985),GncDeployment.systemResources.CPU_05,268509194,8.22 percent
2026-03-01T14:46:45.523985,(2(0)-1772394405:523985),DataProducts.dpWriter.NumErrors,67117060,0
2026-03-01T14:46:45.524004,(2(0)-1772394405:524004),GncDeployment.systemResources.CPU_06,268509195,4.90 percent
2026-03-01T14:46:45.524018,(2(0)-1772394405:524018),GncDeployment.systemResources.CPU_07,268509196,3.71 percent
2026-03-01T14:46:45.524020,(2(0)-1772394405:524020),GncDeployment.systemResources.CPU,268509188,12.69 percent
2026-03-01T14:46:45.524029,(2(0)-1772394405:524029),GncDeployment.systemResources.MEMORY_TOTAL,268509184,4692576 KB
2026-03-01T14:46:45.524031,(2(0)-1772394405:524031),GncDeployment.systemResources.MEMORY_USED,268509185,4605696 KB
2026-03-01T14:46:45.524045,(2(0)-1772394405:524045),GncDeployment.systemResources.NON_VOLATILE_FREE,268509187,136006684 KB
2026-03-01T14:46:45.524046,(2(0)-1772394405:524046),GncDeployment.systemResources.NON_VOLATILE_TOTAL,268509186,239362496 KB
2026-03-01T14:46:45.524061,(2(0)-1772394405:524061),GncDeployment.rateGroup1.RgMaxTime,268439552,365 us
2026-03-01T14:46:45.524171,(2(0)-1772394405:524171),ComCcsds.comQueue.comQueueDepth,33554432,['2', '1']
2026-03-01T14:46:45.524174,(2(0)-1772394405:524174),ComCcsds.comQueue.buffQueueDepth,33554433,['0']
2026-03-01T14:46:47.529269,(2(0)-1772394407:529269),GncDeployment.systemResources.CPU_00,268509189,37.37 percent
2026-03-01T14:46:46.529001,(2(0)-1772394406:529001),GncDeployment.systemResources.CPU_01,268509190,37.00 percent
2026-03-01T14:46:46.529018,(2(0)-1772394406:529018),GncDeployment.systemResources.CPU_02,268509191,31.00 percent
2026-03-01T14:46:46.529036,(2(0)-1772394406:529036),GncDeployment.systemResources.CPU_03,268509192,25.00 percent
2026-03-01T14:46:46.529052,(2(0)-1772394406:529052),GncDeployment.systemResources.CPU_04,268509193,16.00 percent
2026-03-01T14:46:46.529069,(2(0)-1772394406:529069),GncDeployment.systemResources.CPU_05,268509194,18.00 percent
2026-03-01T14:46:46.529084,(2(0)-1772394406:529084),GncDeployment.systemResources.CPU_06,268509195,11.00 percent
2026-03-01T14:46:46.529101,(2(0)-1772394406:529101),GncDeployment.systemResources.CPU_07,268509196,4.00 percent
2026-03-01T14:46:46.529103,(2(0)-1772394406:529103),GncDeployment.systemResources.CPU,268509188,22.17 percent
2026-03-01T14:46:46.529116,(2(0)-1772394406:529116),GncDeployment.systemResources.MEMORY_TOTAL,268509184,4624336 KB
2026-03-01T14:46:46.529118,(2(0)-1772394406:529118),GncDeployment.systemResources.MEMORY_USED,268509185,4523040 KB
2026-03-01T14:46:46.529147,(2(0)-1772394406:529147),GncDeployment.systemResources.NON_VOLATILE_FREE,268509187,136006280 KB
2026-03-01T14:46:46.529148,(2(0)-1772394406:529148),GncDeployment.systemResources.NON_VOLATILE_TOTAL,268509186,239362496 KB
2026-03-01T14:46:46.529270,(2(0)-1772394406:529270),ComCcsds.comQueue.comQueueDepth,33554432,['0', '1']
2026-03-01T14:46:46.529273,(2(0)-1772394406:529273),ComCcsds.comQueue.buffQueueDepth,33554433,['0']
2026-03-01T14:46:47.529342,(2(0)-1772394407:529342),GncDeployment.systemResources.CPU_03,268509192,27.00 percent
2026-03-01T14:46:47.529356,(2(0)-1772394407:529356),GncDeployment.systemResources.CPU_04,268509193,8.00 percent
2026-03-01T14:46:47.529372,(2(0)-1772394407:529372),GncDeployment.systemResources.CPU_05,268509194,9.09 percent
2026-03-01T14:46:47.529386,(2(0)-1772394407:529386),GncDeployment.systemResources.CPU_06,268509195,12.87 percent
2026-03-01T14:46:47.529399,(2(0)-1772394407:529399),GncDeployment.systemResources.CPU_07,268509196,1.98 percent
2026-03-01T14:46:47.529400,(2(0)-1772394407:529400),GncDeployment.systemResources.CPU,268509188,19.87 percent
2026-03-01T14:46:47.529411,(2(0)-1772394407:529411),GncDeployment.systemResources.MEMORY_TOTAL,268509184,4611840 KB
2026-03-01T14:46:47.529412,(2(0)-1772394407:529412),GncDeployment.systemResources.MEMORY_USED,268509185,4514896 KB
2026-03-01T14:46:47.529425,(2(0)-1772394407:529425),GncDeployment.systemResources.NON_VOLATILE_FREE,268509187,136006240 KB
2026-03-01T14:46:47.529426,(2(0)-1772394407:529426),GncDeployment.systemResources.NON_VOLATILE_TOTAL,268509186,239362496 KB
2026-03-01T14:46:47.529449,(2(0)-1772394407:529449),ComCcsds.comQueue.comQueueDepth,33554432,['0', '1']
2026-03-01T14:46:47.529451,(2(0)-1772394407:529451),ComCcsds.comQueue.buffQueueDepth,33554433,['0']
2026-03-01T14:46:47.529288,(2(0)-1772394407:529288),GncDeployment.systemResources.CPU_01,268509190,33.33 percent
2026-03-01T14:46:47.529327,(2(0)-1772394407:529327),GncDeployment.systemResources.CPU_02,268509191,29.29 percent
2026-03-01T14:46:48.534392,(2(0)-1772394408:534392),GncDeployment.systemResources.CPU_00,268509189,46.53 percent
2026-03-01T14:46:48.534420,(2(0)-1772394408:534420),GncDeployment.systemResources.CPU_01,268509190,45.00 percent
2026-03-01T14:46:48.534440,(2(0)-1772394408:534440),GncDeployment.systemResources.CPU_02,268509191,37.00 percent
2026-03-01T14:46:48.534461,(2(0)-1772394408:534461),GncDeployment.systemResources.CPU_03,268509192,36.00 percent
2026-03-01T14:46:48.534483,(2(0)-1772394408:534483),GncDeployment.systemResources.CPU_04,268509193,50.50 percent
2026-03-01T14:46:48.534503,(2(0)-1772394408:534503),GncDeployment.systemResources.CPU_05,268509194,50.50 percent
2026-03-01T14:46:48.534525,(2(0)-1772394408:534525),GncDeployment.systemResources.CPU_06,268509195,34.00 percent
2026-03-01T14:46:48.534550,(2(0)-1772394408:534550),GncDeployment.systemResources.CPU_07,268509196,26.00 percent
2026-03-01T14:46:48.534552,(2(0)-1772394408:534552),GncDeployment.systemResources.CPU,268509188,40.69 percent
2026-03-01T14:46:48.534565,(2(0)-1772394408:534565),GncDeployment.systemResources.MEMORY_TOTAL,268509184,4434608 KB
2026-03-01T14:46:48.534567,(2(0)-1772394408:534567),GncDeployment.systemResources.MEMORY_USED,268509185,4305872 KB
2026-03-01T14:46:48.534594,(2(0)-1772394408:534594),GncDeployment.systemResources.NON_VOLATILE_FREE,268509187,136005628 KB
2026-03-01T14:46:48.534596,(2(0)-1772394408:534596),GncDeployment.systemResources.NON_VOLATILE_TOTAL,268509186,239362496 KB
2026-03-01T14:46:48.534621,(2(0)-1772394408:534621),ComCcsds.comQueue.comQueueDepth,33554432,['0', '1']
2026-03-01T14:46:48.534624,(2(0)-1772394408:534624),ComCcsds.comQueue.buffQueueDepth,33554433,['0']
2026-03-01T14:46:49.539403,(2(0)-1772394409:539403),GncDeployment.systemResources.CPU_03,268509192,23.00 percent
2026-03-01T14:46:49.539415,(2(0)-1772394409:539415),GncDeployment.systemResources.CPU_04,268509193,23.00 percent
2026-03-01T14:46:49.539439,(2(0)-1772394409:539439),GncDeployment.systemResources.CPU_05,268509194,15.00 percent
2026-03-01T14:46:49.539459,(2(0)-1772394409:539459),GncDeployment.systemResources.CPU_06,268509195,8.08 percent
2026-03-01T14:46:49.539476,(2(0)-1772394409:539476),GncDeployment.systemResources.CPU_07,268509196,3.00 percent
2026-03-01T14:46:49.539477,(2(0)-1772394409:539477),GncDeployment.systemResources.CPU,268509188,20.09 percent
2026-03-01T14:46:49.539484,(2(0)-1772394409:539484),GncDeployment.systemResources.MEMORY_TOTAL,268509184,4452240 KB
2026-03-01T14:46:49.539485,(2(0)-1772394409:539485),GncDeployment.systemResources.MEMORY_USED,268509185,4338688 KB
2026-03-01T14:46:49.539500,(2(0)-1772394409:539500),GncDeployment.systemResources.NON_VOLATILE_FREE,268509187,136005512 KB
2026-03-01T14:46:49.539500,(2(0)-1772394409:539500),GncDeployment.systemResources.NON_VOLATILE_TOTAL,268509186,239362496 KB
2026-03-01T14:46:49.539512,(2(0)-1772394409:539512),ComCcsds.comQueue.comQueueDepth,33554432,['0', '1']
2026-03-01T14:46:49.539515,(2(0)-1772394409:539515),ComCcsds.comQueue.buffQueueDepth,33554433,['0']
2026-03-01T14:46:49.539380,(2(0)-1772394409:539380),GncDeployment.systemResources.CPU_01,268509190,30.30 percent
2026-03-01T14:46:49.539391,(2(0)-1772394409:539391),GncDeployment.systemResources.CPU_02,268509191,25.00 percent
2026-03-01T14:46:49.539363,(2(0)-1772394409:539363),GncDeployment.systemResources.CPU_00,268509189,33.33 percent
2026-03-01T14:46:49.539435,(2(0)-1772394409:539435),ComCcsds.commsBufferManager.HiBuffs,33562626,2
2026-03-01T14:46:50.541783,(2(0)-1772394410:541783),GncDeployment.systemResources.CPU_00,268509189,33.33 percent
2026-03-01T14:46:50.541803,(2(0)-1772394410:541803),GncDeployment.systemResources.CPU_01,268509190,30.69 percent
2026-03-01T14:46:50.541819,(2(0)-1772394410:541819),GncDeployment.systemResources.CPU_02,268509191,26.26 percent
2026-03-01T14:46:50.541839,(2(0)-1772394410:541839),GncDeployment.systemResources.CPU_03,268509192,22.22 percent
2026-03-01T14:46:50.541856,(2(0)-1772394410:541856),GncDeployment.systemResources.CPU_04,268509193,15.00 percent
2026-03-01T14:46:50.541871,(2(0)-1772394410:541871),GncDeployment.systemResources.CPU_05,268509194,15.00 percent
2026-03-01T14:46:50.541884,(2(0)-1772394410:541884),GncDeployment.systemResources.CPU_06,268509195,5.94 percent
2026-03-01T14:46:50.541897,(2(0)-1772394410:541897),GncDeployment.systemResources.CPU_07,268509196,4.00 percent
2026-03-01T14:46:50.541898,(2(0)-1772394410:541898),GncDeployment.systemResources.CPU,268509188,19.06 percent
2026-03-01T14:46:50.541911,(2(0)-1772394410:541911),GncDeployment.systemResources.MEMORY_TOTAL,268509184,4424064 KB
2026-03-01T14:46:50.541912,(2(0)-1772394410:541912),GncDeployment.systemResources.MEMORY_USED,268509185,4305648 KB
2026-03-01T14:46:50.541939,(2(0)-1772394410:541939),GncDeployment.systemResources.NON_VOLATILE_FREE,268509187,136005428 KB
2026-03-01T14:46:50.541940,(2(0)-1772394410:541940),GncDeployment.systemResources.NON_VOLATILE_TOTAL,268509186,239362496 KB
2026-03-01T14:46:50.541962,(2(0)-1772394410:541962),ComCcsds.comQueue.comQueueDepth,33554432,['0', '1']
2026-03-01T14:46:50.541963,(2(0)-1772394410:541963),ComCcsds.comQueue.buffQueueDepth,33554433,['0']
2026-03-01T14:46:50.541951,(2(0)-1772394410:541951),GncDeployment.rateGroup1.RgMaxTime,268439552,367 us
2026-03-01T14:46:51.543874,(2(0)-1772394411:543874),GncDeployment.systemResources.CPU_03,268509192,18.00 percent
2026-03-01T14:46:51.543881,(2(0)-1772394411:543881),GncDeployment.systemResources.CPU_04,268509193,18.18 percent
2026-03-01T14:46:51.543889,(2(0)-1772394411:543889),GncDeployment.systemResources.CPU_05,268509194,20.20 percent
2026-03-01T14:46:51.543896,(2(0)-1772394411:543896),GncDeployment.systemResources.CPU_06,268509195,5.00 percent
2026-03-01T14:46:51.543904,(2(0)-1772394411:543904),GncDeployment.systemResources.CPU_07,268509196,3.96 percent
2026-03-01T14:46:51.543904,(2(0)-1772394411:543904),GncDeployment.systemResources.CPU,268509188,18.67 percent
2026-03-01T14:46:51.543910,(2(0)-1772394411:543910),GncDeployment.systemResources.MEMORY_TOTAL,268509184,4468336 KB
2026-03-01T14:46:51.543911,(2(0)-1772394411:543911),GncDeployment.systemResources.MEMORY_USED,268509185,4347104 KB
2026-03-01T14:46:51.543922,(2(0)-1772394411:543922),GncDeployment.systemResources.NON_VOLATILE_FREE,268509187,136005416 KB
2026-03-01T14:46:51.543923,(2(0)-1772394411:543923),GncDeployment.systemResources.NON_VOLATILE_TOTAL,268509186,239362496 KB
2026-03-01T14:46:51.543937,(2(0)-1772394411:543937),ComCcsds.comQueue.comQueueDepth,33554432,['0', '1']
2026-03-01T14:46:51.543939,(2(0)-1772394411:543939),ComCcsds.comQueue.buffQueueDepth,33554433,['0']
2026-03-01T14:46:51.543856,(2(0)-1772394411:543856),GncDeployment.systemResources.CPU_01,268509190,28.28 percent
2026-03-01T14:46:51.543865,(2(0)-1772394411:543865),GncDeployment.systemResources.CPU_02,268509191,23.76 percent
2026-03-01T14:46:51.543846,(2(0)-1772394411:543846),GncDeployment.systemResources.CPU_00,268509189,32.00 percent
2026-03-01T14:46:52.548229,(2(0)-1772394412:548229),GncDeployment.systemResources.CPU_00,268509189,27.55 percent
2026-03-01T14:46:52.548252,(2(0)-1772394412:548252),GncDeployment.systemResources.CPU_01,268509190,24.24 percent
2026-03-01T14:46:52.548270,(2(0)-1772394412:548270),GncDeployment.systemResources.CPU_02,268509191,21.21 percent
2026-03-01T14:46:52.548291,(2(0)-1772394412:548291),GncDeployment.systemResources.CPU_03,268509192,19.00 percent
2026-03-01T14:46:52.548308,(2(0)-1772394412:548308),GncDeployment.systemResources.CPU_04,268509193,20.79 percent
2026-03-01T14:46:52.548326,(2(0)-1772394412:548326),GncDeployment.systemResources.CPU_05,268509194,11.88 percent
2026-03-01T14:46:52.548342,(2(0)-1772394412:548342),GncDeployment.systemResources.CPU_06,268509195,5.05 percent
2026-03-01T14:46:52.548357,(2(0)-1772394412:548357),GncDeployment.systemResources.CPU_07,268509196,3.00 percent
2026-03-01T14:46:52.548359,(2(0)-1772394412:548359),GncDeployment.systemResources.CPU,268509188,16.59 percent
2026-03-01T14:46:52.548371,(2(0)-1772394412:548371),GncDeployment.systemResources.MEMORY_TOTAL,268509184,4470912 KB
2026-03-01T14:46:52.548372,(2(0)-1772394412:548372),GncDeployment.systemResources.MEMORY_USED,268509185,4348848 KB
2026-03-01T14:46:52.548394,(2(0)-1772394412:548394),GncDeployment.systemResources.NON_VOLATILE_FREE,268509187,136005544 KB
2026-03-01T14:46:52.548395,(2(0)-1772394412:548395),GncDeployment.systemResources.NON_VOLATILE_TOTAL,268509186,239362496 KB
2026-03-01T14:46:52.548431,(2(0)-1772394412:548431),ComCcsds.comQueue.comQueueDepth,33554432,['0', '1']
2026-03-01T14:46:52.548435,(2(0)-1772394412:548435),ComCcsds.comQueue.buffQueueDepth,33554433,['0']
2026-03-01T14:46:53.553402,(2(0)-1772394413:553402),GncDeployment.systemResources.CPU_03,268509192,20.00 percent
2026-03-01T14:46:53.553375,(2(0)-1772394413:553375),GncDeployment.rateGroup3.RgMaxTime,268447744,245 us
2026-03-01T14:46:53.553421,(2(0)-1772394413:553421),GncDeployment.systemResources.CPU_04,268509193,18.18 percent
2026-03-01T14:46:53.553439,(2(0)-1772394413:553439),GncDeployment.systemResources.CPU_05,268509194,10.00 percent
2026-03-01T14:46:53.553458,(2(0)-1772394413:553458),GncDeployment.systemResources.CPU_06,268509195,6.86 percent
2026-03-01T14:46:53.553476,(2(0)-1772394413:553476),GncDeployment.systemResources.CPU_07,268509196,4.00 percent
2026-03-01T14:46:53.553478,(2(0)-1772394413:553478),GncDeployment.systemResources.CPU,268509188,18.46 percent
2026-03-01T14:46:53.553491,(2(0)-1772394413:553491),GncDeployment.systemResources.MEMORY_TOTAL,268509184,4400864 KB
2026-03-01T14:46:53.553494,(2(0)-1772394413:553494),GncDeployment.systemResources.MEMORY_USED,268509185,4275808 KB
2026-03-01T14:46:53.553530,(2(0)-1772394413:553530),GncDeployment.systemResources.NON_VOLATILE_FREE,268509187,136005204 KB
2026-03-01T14:46:53.553531,(2(0)-1772394413:553531),GncDeployment.systemResources.NON_VOLATILE_TOTAL,268509186,239362496 KB
2026-03-01T14:46:53.553548,(2(0)-1772394413:553548),GncDeployment.rateGroup1.RgMaxTime,268439552,419 us
2026-03-01T14:46:53.553561,(2(0)-1772394413:553561),ComCcsds.comQueue.comQueueDepth,33554432,['0', '1']
2026-03-01T14:46:53.553565,(2(0)-1772394413:553565),ComCcsds.comQueue.buffQueueDepth,33554433,['0']
2026-03-01T14:46:53.553364,(2(0)-1772394413:553364),GncDeployment.systemResources.CPU_01,268509190,29.00 percent
2026-03-01T14:46:53.553383,(2(0)-1772394413:553383),GncDeployment.systemResources.CPU_02,268509191,26.00 percent
2026-03-01T14:46:53.553292,(2(0)-1772394413:553292),GncDeployment.systemResources.CPU_00,268509189,33.66 percent
2026-03-01T14:46:54.556489,(2(0)-1772394414:556489),GncDeployment.systemResources.CPU_00,268509189,31.00 percent
2026-03-01T14:46:54.556537,(2(0)-1772394414:556537),GncDeployment.systemResources.CPU_01,268509190,30.30 percent
2026-03-01T14:46:54.556561,(2(0)-1772394414:556561),GncDeployment.systemResources.CPU_02,268509191,24.24 percent
2026-03-01T14:46:54.556588,(2(0)-1772394414:556588),GncDeployment.systemResources.CPU_03,268509192,22.00 percent
2026-03-01T14:46:54.556609,(2(0)-1772394414:556609),GncDeployment.systemResources.CPU_04,268509193,16.00 percent
2026-03-01T14:46:54.556634,(2(0)-1772394414:556634),GncDeployment.systemResources.CPU_05,268509194,6.93 percent
2026-03-01T14:46:54.556656,(2(0)-1772394414:556656),GncDeployment.systemResources.CPU_06,268509195,3.00 percent
2026-03-01T14:46:54.556681,(2(0)-1772394414:556681),GncDeployment.systemResources.CPU_07,268509196,1.00 percent
2026-03-01T14:46:54.556684,(2(0)-1772394414:556684),GncDeployment.systemResources.CPU,268509188,16.81 percent
2026-03-01T14:46:54.556706,(2(0)-1772394414:556706),GncDeployment.systemResources.MEMORY_TOTAL,268509184,4364016 KB
2026-03-01T14:46:54.556708,(2(0)-1772394414:556708),GncDeployment.systemResources.MEMORY_USED,268509185,4274144 KB
2026-03-01T14:46:54.556756,(2(0)-1772394414:556756),GncDeployment.systemResources.NON_VOLATILE_FREE,268509187,136005940 KB
2026-03-01T14:46:54.556759,(2(0)-1772394414:556759),GncDeployment.systemResources.NON_VOLATILE_TOTAL,268509186,239362496 KB
2026-03-01T14:46:54.556780,(2(0)-1772394414:556780),ComCcsds.comQueue.comQueueDepth,33554432,['0', '1']
2026-03-01T14:46:54.556784,(2(0)-1772394414:556784),ComCcsds.comQueue.buffQueueDepth,33554433,['0']
2026-03-01T14:46:54.556777,(2(0)-1772394414:556777),GncDeployment.rateGroup1.RgMaxTime,268439552,453 us
2026-03-01T14:46:55.557735,(2(0)-1772394415:557735),GncDeployment.systemResources.CPU_03,268509192,30.30 percent
2026-03-01T14:46:55.557750,(2(0)-1772394415:557750),GncDeployment.systemResources.CPU_04,268509193,13.00 percent
2026-03-01T14:46:55.557767,(2(0)-1772394415:557767),GncDeployment.systemResources.CPU_05,268509194,6.06 percent
2026-03-01T14:46:55.557783,(2(0)-1772394415:557783),GncDeployment.systemResources.CPU_06,268509195,4.00 percent
2026-03-01T14:46:55.557800,(2(0)-1772394415:557800),GncDeployment.systemResources.CPU_07,268509196,3.00 percent
2026-03-01T14:46:55.557801,(2(0)-1772394415:557801),GncDeployment.systemResources.CPU,268509188,20.56 percent
2026-03-01T14:46:55.557812,(2(0)-1772394415:557812),GncDeployment.systemResources.MEMORY_TOTAL,268509184,4359008 KB
2026-03-01T14:46:55.557814,(2(0)-1772394415:557814),GncDeployment.systemResources.MEMORY_USED,268509185,4272192 KB
2026-03-01T14:46:55.557835,(2(0)-1772394415:557835),GncDeployment.systemResources.NON_VOLATILE_FREE,268509187,136005956 KB
2026-03-01T14:46:55.557837,(2(0)-1772394415:557837),GncDeployment.systemResources.NON_VOLATILE_TOTAL,268509186,239362496 KB
2026-03-01T14:46:55.557863,(2(0)-1772394415:557863),ComCcsds.comQueue.comQueueDepth,33554432,['0', '1']
2026-03-01T14:46:55.557866,(2(0)-1772394415:557866),ComCcsds.comQueue.buffQueueDepth,33554433,['0']
2026-03-01T14:46:55.557698,(2(0)-1772394415:557698),GncDeployment.systemResources.CPU_01,268509190,36.00 percent
2026-03-01T14:46:55.557714,(2(0)-1772394415:557714),GncDeployment.systemResources.CPU_02,268509191,33.33 percent
2026-03-01T14:46:55.557671,(2(0)-1772394415:557671),GncDeployment.systemResources.CPU_00,268509189,38.78 percent
2026-03-01T14:46:56.562734,(2(0)-1772394416:562734),GncDeployment.systemResources.CPU_00,268509189,33.66 percent
2026-03-01T14:46:56.562766,(2(0)-1772394416:562766),GncDeployment.systemResources.CPU_01,268509190,31.00 percent
2026-03-01T14:46:56.562786,(2(0)-1772394416:562786),GncDeployment.systemResources.CPU_02,268509191,25.00 percent
2026-03-01T14:46:56.562806,(2(0)-1772394416:562806),GncDeployment.systemResources.CPU_03,268509192,20.00 percent
2026-03-01T14:46:56.562827,(2(0)-1772394416:562827),GncDeployment.systemResources.CPU_04,268509193,5.94 percent
2026-03-01T14:46:56.562845,(2(0)-1772394416:562845),GncDeployment.systemResources.CPU_05,268509194,4.00 percent
2026-03-01T14:46:56.562866,(2(0)-1772394416:562866),GncDeployment.systemResources.CPU_06,268509195,2.00 percent
2026-03-01T14:46:56.562884,(2(0)-1772394416:562884),GncDeployment.systemResources.CPU_07,268509196,2.00 percent
2026-03-01T14:46:56.562887,(2(0)-1772394416:562887),GncDeployment.systemResources.CPU,268509188,15.45 percent
2026-03-01T14:46:56.562901,(2(0)-1772394416:562901),GncDeployment.systemResources.MEMORY_TOTAL,268509184,4365392 KB
2026-03-01T14:46:56.562902,(2(0)-1772394416:562902),GncDeployment.systemResources.MEMORY_USED,268509185,4278160 KB
2026-03-01T14:46:56.562933,(2(0)-1772394416:562933),GncDeployment.systemResources.NON_VOLATILE_FREE,268509187,136005952 KB
2026-03-01T14:46:56.562935,(2(0)-1772394416:562935),GncDeployment.systemResources.NON_VOLATILE_TOTAL,268509186,239362496 KB
2026-03-01T14:46:56.562966,(2(0)-1772394416:562966),ComCcsds.comQueue.comQueueDepth,33554432,['0', '1']
2026-03-01T14:46:56.562969,(2(0)-1772394416:562969),ComCcsds.comQueue.buffQueueDepth,33554433,['0']
2026-03-01T14:46:57.567944,(2(0)-1772394417:567944),GncDeployment.systemResources.CPU_03,268509192,16.00 percent
2026-03-01T14:46:57.567978,(2(0)-1772394417:567978),GncDeployment.systemResources.CPU_04,268509193,4.00 percent
2026-03-01T14:46:57.568013,(2(0)-1772394417:568013),GncDeployment.systemResources.CPU_05,268509194,2.97 percent
2026-03-01T14:46:57.568045,(2(0)-1772394417:568045),GncDeployment.systemResources.CPU_06,268509195,2.00 percent
2026-03-01T14:46:57.568079,(2(0)-1772394417:568079),GncDeployment.systemResources.CPU_07,268509196,1.98 percent
2026-03-01T14:46:57.568082,(2(0)-1772394417:568082),GncDeployment.systemResources.CPU,268509188,11.97 percent
2026-03-01T14:46:57.568104,(2(0)-1772394417:568104),GncDeployment.systemResources.MEMORY_TOTAL,268509184,4367424 KB
2026-03-01T14:46:57.568107,(2(0)-1772394417:568107),GncDeployment.systemResources.MEMORY_USED,268509185,4290512 KB
2026-03-01T14:46:57.568146,(2(0)-1772394417:568146),GncDeployment.systemResources.NON_VOLATILE_FREE,268509187,136005940 KB
2026-03-01T14:46:57.568148,(2(0)-1772394417:568148),GncDeployment.systemResources.NON_VOLATILE_TOTAL,268509186,239362496 KB
2026-03-01T14:46:57.568169,(2(0)-1772394417:568169),GncDeployment.rateGroup1.RgMaxTime,268439552,546 us
2026-03-01T14:46:57.568176,(2(0)-1772394417:568176),ComCcsds.comQueue.comQueueDepth,33554432,['0', '1']
2026-03-01T14:46:57.568180,(2(0)-1772394417:568180),ComCcsds.comQueue.buffQueueDepth,33554433,['0']
2026-03-01T14:46:57.567878,(2(0)-1772394417:567878),GncDeployment.systemResources.CPU_01,268509190,28.00 percent
2026-03-01T14:46:57.567910,(2(0)-1772394417:567910),GncDeployment.systemResources.CPU_02,268509191,17.82 percent
2026-03-01T14:46:57.567837,(2(0)-1772394417:567837),GncDeployment.systemResources.CPU_00,268509189,23.00 percent
2026-03-01T14:46:58.572882,(2(0)-1772394418:572882),GncDeployment.systemResources.CPU_00,268509189,35.00 percent
2026-03-01T14:46:58.572922,(2(0)-1772394418:572922),GncDeployment.systemResources.CPU_01,268509190,35.00 percent
2026-03-01T14:46:58.572954,(2(0)-1772394418:572954),GncDeployment.systemResources.CPU_02,268509191,27.00 percent
2026-03-01T14:46:58.572984,(2(0)-1772394418:572984),GncDeployment.systemResources.CPU_03,268509192,23.76 percent
2026-03-01T14:46:58.573014,(2(0)-1772394418:573014),GncDeployment.systemResources.CPU_04,268509193,9.00 percent
2026-03-01T14:46:58.573048,(2(0)-1772394418:573048),GncDeployment.systemResources.CPU_05,268509194,14.85 percent
2026-03-01T14:46:58.573081,(2(0)-1772394418:573081),GncDeployment.systemResources.CPU_06,268509195,3.92 percent
2026-03-01T14:46:58.573109,(2(0)-1772394418:573109),GncDeployment.systemResources.CPU_07,268509196,0.99 percent
2026-03-01T14:46:58.573112,(2(0)-1772394418:573112),GncDeployment.systemResources.CPU,268509188,18.69 percent
2026-03-01T14:46:58.573135,(2(0)-1772394418:573135),GncDeployment.systemResources.MEMORY_TOTAL,268509184,4367872 KB
2026-03-01T14:46:58.573137,(2(0)-1772394418:573137),GncDeployment.systemResources.MEMORY_USED,268509185,4284624 KB
2026-03-01T14:46:58.573170,(2(0)-1772394418:573170),GncDeployment.systemResources.NON_VOLATILE_FREE,268509187,136006368 KB
2026-03-01T14:46:58.573173,(2(0)-1772394418:573173),GncDeployment.systemResources.NON_VOLATILE_TOTAL,268509186,239362496 KB
2026-03-01T14:46:58.573201,(2(0)-1772394418:573201),ComCcsds.comQueue.comQueueDepth,33554432,['0', '1']
2026-03-01T14:46:58.573206,(2(0)-1772394418:573206),ComCcsds.comQueue.buffQueueDepth,33554433,['0']
2026-03-01T14:46:59.577879,(2(0)-1772394419:577879),GncDeployment.systemResources.CPU_03,268509192,18.00 percent
2026-03-01T14:46:59.577907,(2(0)-1772394419:577907),GncDeployment.systemResources.CPU_04,268509193,25.00 percent
2026-03-01T14:46:59.577938,(2(0)-1772394419:577938),GncDeployment.systemResources.CPU_05,268509194,12.00 percent
2026-03-01T14:46:59.577966,(2(0)-1772394419:577966),GncDeployment.systemResources.CPU_06,268509195,5.05 percent
2026-03-01T14:46:59.577998,(2(0)-1772394419:577998),GncDeployment.systemResources.CPU_07,268509196,4.00 percent
2026-03-01T14:46:59.578001,(2(0)-1772394419:578001),GncDeployment.systemResources.CPU,268509188,16.85 percent
2026-03-01T14:46:59.578022,(2(0)-1772394419:578022),GncDeployment.systemResources.MEMORY_TOTAL,268509184,4353104 KB
2026-03-01T14:46:59.578025,(2(0)-1772394419:578025),GncDeployment.systemResources.MEMORY_USED,268509185,4270992 KB
2026-03-01T14:46:59.578067,(2(0)-1772394419:578067),GncDeployment.systemResources.NON_VOLATILE_FREE,268509187,136006352 KB
2026-03-01T14:46:59.578070,(2(0)-1772394419:578070),GncDeployment.systemResources.NON_VOLATILE_TOTAL,268509186,239362496 KB
2026-03-01T14:46:59.578098,(2(0)-1772394419:578098),ComCcsds.comQueue.comQueueDepth,33554432,['0', '1']
2026-03-01T14:46:59.578103,(2(0)-1772394419:578103),ComCcsds.comQueue.buffQueueDepth,33554433,['0']
2026-03-01T14:46:59.577805,(2(0)-1772394419:577805),GncDeployment.systemResources.CPU_01,268509190,25.00 percent
2026-03-01T14:46:59.577839,(2(0)-1772394419:577839),GncDeployment.systemResources.CPU_02,268509191,20.20 percent
2026-03-01T14:46:59.577768,(2(0)-1772394419:577768),GncDeployment.systemResources.CPU_00,268509189,25.51 percent
2026-03-01T14:47:01.584433,(2(0)-1772394421:584433),GncDeployment.rateGroup2.RgMaxTime,268443648,136 us
2026-03-01T14:47:01.584508,(2(0)-1772394421:584508),GncDeployment.systemResources.CPU_00,268509189,35.64 percent
2026-03-01T14:47:01.584539,(2(0)-1772394421:584539),GncDeployment.systemResources.CPU_01,268509190,35.00 percent
2026-03-01T14:47:01.584575,(2(0)-1772394421:584575),GncDeployment.systemResources.CPU_02,268509191,29.29 percent
2026-03-01T14:47:01.584596,(2(0)-1772394421:584596),GncDeployment.systemResources.CPU_03,268509192,24.00 percent
2026-03-01T14:47:01.584617,(2(0)-1772394421:584617),GncDeployment.systemResources.CPU_04,268509193,20.00 percent
2026-03-01T14:47:01.584637,(2(0)-1772394421:584637),GncDeployment.systemResources.CPU_05,268509194,6.93 percent
2026-03-01T14:47:01.584660,(2(0)-1772394421:584660),GncDeployment.systemResources.CPU_06,268509195,2.02 percent
2026-03-01T14:47:00.580330,(2(0)-1772394420:580330),GncDeployment.systemResources.CPU_07,268509196,1.00 percent
2026-03-01T14:47:00.580332,(2(0)-1772394420:580332),GncDeployment.systemResources.CPU,268509188,14.52 percent
2026-03-01T14:47:00.580345,(2(0)-1772394420:580345),GncDeployment.systemResources.MEMORY_TOTAL,268509184,4355936 KB
2026-03-01T14:47:00.580347,(2(0)-1772394420:580347),GncDeployment.systemResources.MEMORY_USED,268509185,4277504 KB
2026-03-01T14:47:00.580377,(2(0)-1772394420:580377),GncDeployment.systemResources.NON_VOLATILE_FREE,268509187,136006312 KB
2026-03-01T14:47:00.580378,(2(0)-1772394420:580378),GncDeployment.systemResources.NON_VOLATILE_TOTAL,268509186,239362496 KB
2026-03-01T14:47:00.580394,(2(0)-1772394420:580394),ComCcsds.comQueue.comQueueDepth,33554432,['0', '1']
2026-03-01T14:47:00.580396,(2(0)-1772394420:580396),ComCcsds.comQueue.buffQueueDepth,33554433,['0']
2026-03-01T14:47:01.584603,(2(0)-1772394421:584603),GncDeployment.rateGroup3.RgMaxTime,268447744,316 us
2026-03-01T14:47:01.584682,(2(0)-1772394421:584682),GncDeployment.systemResources.CPU_07,268509196,1.98 percent
2026-03-01T14:47:01.584712,(2(0)-1772394421:584712),GncDeployment.systemResources.CPU,268509188,19.36 percent
2026-03-01T14:47:01.584731,(2(0)-1772394421:584731),GncDeployment.systemResources.MEMORY_TOTAL,268509184,4414336 KB
2026-03-01T14:47:01.584733,(2(0)-1772394421:584733),GncDeployment.systemResources.MEMORY_USED,268509185,4313008 KB
2026-03-01T14:47:01.584787,(2(0)-1772394421:584787),GncDeployment.systemResources.NON_VOLATILE_FREE,268509187,136006384 KB
2026-03-01T14:47:01.584788,(2(0)-1772394421:584788),GncDeployment.systemResources.NON_VOLATILE_TOTAL,268509186,239362496 KB
2026-03-01T14:47:01.584833,(2(0)-1772394421:584833),GncDeployment.rateGroup1.RgMaxTime,268439552,547 us
2026-03-01T14:47:01.584837,(2(0)-1772394421:584837),ComCcsds.comQueue.comQueueDepth,33554432,['0', '1']
2026-03-01T14:47:01.584840,(2(0)-1772394421:584840),ComCcsds.comQueue.buffQueueDepth,33554433,['0']
2026-03-01T14:47:02.587829,(2(0)-1772394422:587829),GncDeployment.systemResources.CPU_00,268509189,30.61 percent
2026-03-01T14:47:02.587851,(2(0)-1772394422:587851),GncDeployment.systemResources.CPU_01,268509190,28.00 percent
2026-03-01T14:47:02.587865,(2(0)-1772394422:587865),GncDeployment.systemResources.CPU_02,268509191,26.73 percent
2026-03-01T14:47:02.587880,(2(0)-1772394422:587880),GncDeployment.systemResources.CPU_03,268509192,23.00 percent
2026-03-01T14:47:02.587893,(2(0)-1772394422:587893),GncDeployment.systemResources.CPU_04,268509193,16.00 percent
2026-03-01T14:47:02.587907,(2(0)-1772394422:587907),GncDeployment.systemResources.CPU_05,268509194,8.08 percent
2026-03-01T14:47:02.587920,(2(0)-1772394422:587920),GncDeployment.systemResources.CPU_06,268509195,4.00 percent
2026-03-01T14:47:02.587933,(2(0)-1772394422:587933),GncDeployment.systemResources.CPU_07,268509196,2.00 percent
2026-03-01T14:47:02.587935,(2(0)-1772394422:587935),GncDeployment.systemResources.CPU,268509188,17.30 percent
2026-03-01T14:47:02.587943,(2(0)-1772394422:587943),GncDeployment.systemResources.MEMORY_TOTAL,268509184,4417280 KB
2026-03-01T14:47:02.587944,(2(0)-1772394422:587944),GncDeployment.systemResources.MEMORY_USED,268509185,4291792 KB
2026-03-01T14:47:02.587963,(2(0)-1772394422:587963),GncDeployment.systemResources.NON_VOLATILE_FREE,268509187,136006372 KB
2026-03-01T14:47:02.587964,(2(0)-1772394422:587964),GncDeployment.systemResources.NON_VOLATILE_TOTAL,268509186,239362496 KB
2026-03-01T14:47:02.587986,(2(0)-1772394422:587986),ComCcsds.comQueue.comQueueDepth,33554432,['0', '1']
2026-03-01T14:47:02.587988,(2(0)-1772394422:587988),ComCcsds.comQueue.buffQueueDepth,33554433,['0']
2026-03-01T14:47:03.588176,(2(0)-1772394423:588176),GncDeployment.systemResources.CPU_03,268509192,21.21 percent
2026-03-01T14:47:03.588193,(2(0)-1772394423:588193),GncDeployment.systemResources.CPU_04,268509193,17.00 percent
2026-03-01T14:47:03.588210,(2(0)-1772394423:588210),GncDeployment.systemResources.CPU_05,268509194,13.86 percent
2026-03-01T14:47:03.588229,(2(0)-1772394423:588229),GncDeployment.systemResources.CPU_06,268509195,5.94 percent
2026-03-01T14:47:03.588253,(2(0)-1772394423:588253),GncDeployment.systemResources.CPU_07,268509196,2.02 percent
2026-03-01T14:47:03.588255,(2(0)-1772394423:588255),GncDeployment.systemResources.CPU,268509188,18.64 percent
2026-03-01T14:47:03.588271,(2(0)-1772394423:588271),GncDeployment.systemResources.MEMORY_TOTAL,268509184,4426528 KB
2026-03-01T14:47:03.588272,(2(0)-1772394423:588272),GncDeployment.systemResources.MEMORY_USED,268509185,4347744 KB
2026-03-01T14:47:03.588312,(2(0)-1772394423:588312),GncDeployment.systemResources.NON_VOLATILE_FREE,268509187,136006196 KB
2026-03-01T14:47:03.588313,(2(0)-1772394423:588313),GncDeployment.systemResources.NON_VOLATILE_TOTAL,268509186,239362496 KB
2026-03-01T14:47:03.588329,(2(0)-1772394423:588329),ComCcsds.comQueue.comQueueDepth,33554432,['0', '1']
2026-03-01T14:47:03.588332,(2(0)-1772394423:588332),ComCcsds.comQueue.buffQueueDepth,33554433,['0']
2026-03-01T14:47:03.588135,(2(0)-1772394423:588135),GncDeployment.systemResources.CPU_01,268509190,30.61 percent
2026-03-01T14:47:03.588158,(2(0)-1772394423:588158),GncDeployment.systemResources.CPU_02,268509191,24.49 percent
2026-03-01T14:47:03.588112,(2(0)-1772394423:588112),GncDeployment.systemResources.CPU_00,268509189,34.00 percent
2026-03-01T14:47:05.596378,(2(0)-1772394425:596378),GncDeployment.systemResources.CPU_00,268509189,35.00 percent
2026-03-01T14:47:05.596397,(2(0)-1772394425:596397),GncDeployment.systemResources.CPU_01,268509190,32.00 percent
2026-03-01T14:47:05.596412,(2(0)-1772394425:596412),GncDeployment.systemResources.CPU_02,268509191,28.28 percent
2026-03-01T14:47:05.596427,(2(0)-1772394425:596427),GncDeployment.systemResources.CPU_03,268509192,22.77 percent
2026-03-01T14:47:05.596442,(2(0)-1772394425:596442),GncDeployment.systemResources.CPU_04,268509193,34.65 percent
2026-03-01T14:47:04.593263,(2(0)-1772394424:593263),GncDeployment.systemResources.CPU_05,268509194,10.00 percent
2026-03-01T14:47:04.593280,(2(0)-1772394424:593280),GncDeployment.systemResources.CPU_06,268509195,5.00 percent
2026-03-01T14:47:04.593296,(2(0)-1772394424:593296),GncDeployment.systemResources.CPU_07,268509196,2.97 percent
2026-03-01T14:47:04.593298,(2(0)-1772394424:593298),GncDeployment.systemResources.CPU,268509188,17.71 percent
2026-03-01T14:47:04.593312,(2(0)-1772394424:593312),GncDeployment.systemResources.MEMORY_TOTAL,268509184,4468928 KB
2026-03-01T14:47:04.593313,(2(0)-1772394424:593313),GncDeployment.systemResources.MEMORY_USED,268509185,4381872 KB
2026-03-01T14:47:04.593332,(2(0)-1772394424:593332),GncDeployment.systemResources.NON_VOLATILE_FREE,268509187,136006064 KB
2026-03-01T14:47:04.593334,(2(0)-1772394424:593334),GncDeployment.systemResources.NON_VOLATILE_TOTAL,268509186,239362496 KB
2026-03-01T14:47:04.593362,(2(0)-1772394424:593362),ComCcsds.comQueue.comQueueDepth,33554432,['0', '1']
2026-03-01T14:47:04.593364,(2(0)-1772394424:593364),ComCcsds.comQueue.buffQueueDepth,33554433,['0']
2026-03-01T14:47:05.596458,(2(0)-1772394425:596458),GncDeployment.systemResources.CPU_05,268509194,26.26 percent
2026-03-01T14:47:05.596472,(2(0)-1772394425:596472),GncDeployment.systemResources.CPU_06,268509195,24.00 percent
2026-03-01T14:47:05.596487,(2(0)-1772394425:596487),GncDeployment.systemResources.CPU_07,268509196,22.00 percent
2026-03-01T14:47:05.596490,(2(0)-1772394425:596490),GncDeployment.systemResources.CPU,268509188,28.12 percent
2026-03-01T14:47:05.596500,(2(0)-1772394425:596500),GncDeployment.systemResources.MEMORY_TOTAL,268509184,4661776 KB
2026-03-01T14:47:05.596502,(2(0)-1772394425:596502),GncDeployment.systemResources.MEMORY_USED,268509185,4593824 KB
2026-03-01T14:47:05.596525,(2(0)-1772394425:596525),GncDeployment.systemResources.NON_VOLATILE_FREE,268509187,136005868 KB
2026-03-01T14:47:05.596526,(2(0)-1772394425:596526),GncDeployment.systemResources.NON_VOLATILE_TOTAL,268509186,239362496 KB
2026-03-01T14:47:05.596535,(2(0)-1772394425:596535),ComCcsds.comQueue.comQueueDepth,33554432,['0', '1']
2026-03-01T14:47:05.596538,(2(0)-1772394425:596538),ComCcsds.comQueue.buffQueueDepth,33554433,['0']
2026-03-01T14:47:06.598910,(2(0)-1772394426:598910),GncDeployment.systemResources.CPU_00,268509189,31.31 percent
2026-03-01T14:47:06.598934,(2(0)-1772394426:598934),GncDeployment.systemResources.CPU_01,268509190,29.29 percent
2026-03-01T14:47:06.598955,(2(0)-1772394426:598955),GncDeployment.systemResources.CPU_02,268509191,22.00 percent
2026-03-01T14:47:06.598976,(2(0)-1772394426:598976),GncDeployment.systemResources.CPU_03,268509192,19.19 percent
2026-03-01T14:47:06.598991,(2(0)-1772394426:598991),GncDeployment.systemResources.CPU_04,268509193,19.00 percent
2026-03-01T14:47:06.599010,(2(0)-1772394426:599010),GncDeployment.systemResources.CPU_05,268509194,8.00 percent
2026-03-01T14:47:06.599024,(2(0)-1772394426:599024),GncDeployment.systemResources.CPU_06,268509195,5.94 percent
2026-03-01T14:47:06.599041,(2(0)-1772394426:599041),GncDeployment.systemResources.CPU_07,268509196,1.00 percent
2026-03-01T14:47:06.599042,(2(0)-1772394426:599042),GncDeployment.systemResources.CPU,268509188,16.97 percent
2026-03-01T14:47:06.599056,(2(0)-1772394426:599056),GncDeployment.systemResources.MEMORY_TOTAL,268509184,4672928 KB
2026-03-01T14:47:06.599058,(2(0)-1772394426:599058),GncDeployment.systemResources.MEMORY_USED,268509185,4610080 KB
2026-03-01T14:47:06.599090,(2(0)-1772394426:599090),GncDeployment.systemResources.NON_VOLATILE_FREE,268509187,136005832 KB
2026-03-01T14:47:06.599091,(2(0)-1772394426:599091),GncDeployment.systemResources.NON_VOLATILE_TOTAL,268509186,239362496 KB
2026-03-01T14:47:06.599117,(2(0)-1772394426:599117),ComCcsds.comQueue.comQueueDepth,33554432,['0', '1']
2026-03-01T14:47:06.599120,(2(0)-1772394426:599120),ComCcsds.comQueue.buffQueueDepth,33554433,['0']
2026-03-01T14:47:07.599162,(2(0)-1772394427:599162),GncDeployment.systemResources.CPU_03,268509192,28.28 percent
2026-03-01T14:47:07.599170,(2(0)-1772394427:599170),GncDeployment.systemResources.CPU_04,268509193,36.36 percent
2026-03-01T14:47:07.599177,(2(0)-1772394427:599177),GncDeployment.systemResources.CPU_05,268509194,25.00 percent
2026-03-01T14:47:07.599187,(2(0)-1772394427:599187),GncDeployment.systemResources.CPU_06,268509195,19.19 percent
2026-03-01T14:47:07.599195,(2(0)-1772394427:599195),GncDeployment.systemResources.CPU_07,268509196,14.14 percent
2026-03-01T14:47:07.599196,(2(0)-1772394427:599196),GncDeployment.systemResources.CPU,268509188,28.12 percent
2026-03-01T14:47:07.599202,(2(0)-1772394427:599202),GncDeployment.systemResources.MEMORY_TOTAL,268509184,4497104 KB
2026-03-01T14:47:07.599203,(2(0)-1772394427:599203),GncDeployment.systemResources.MEMORY_USED,268509185,4426784 KB
2026-03-01T14:47:07.599219,(2(0)-1772394427:599219),GncDeployment.systemResources.NON_VOLATILE_FREE,268509187,136005736 KB
2026-03-01T14:47:07.599220,(2(0)-1772394427:599220),GncDeployment.systemResources.NON_VOLATILE_TOTAL,268509186,239362496 KB
2026-03-01T14:47:07.599234,(2(0)-1772394427:599234),ComCcsds.comQueue.comQueueDepth,33554432,['0', '1']
2026-03-01T14:47:07.599236,(2(0)-1772394427:599236),ComCcsds.comQueue.buffQueueDepth,33554433,['0']
2026-03-01T14:47:07.599142,(2(0)-1772394427:599142),GncDeployment.systemResources.CPU_01,268509190,36.36 percent
2026-03-01T14:47:07.599154,(2(0)-1772394427:599154),GncDeployment.systemResources.CPU_02,268509191,30.30 percent
2026-03-01T14:47:07.599099,(2(0)-1772394427:599099),GncDeployment.systemResources.CPU_00,268509189,35.35 percent
2026-03-01T14:47:08.604249,(2(0)-1772394428:604249),GncDeployment.systemResources.CPU_00,268509189,24.24 percent
2026-03-01T14:47:08.604294,(2(0)-1772394428:604294),GncDeployment.systemResources.CPU_01,268509190,22.00 percent
2026-03-01T14:47:08.604324,(2(0)-1772394428:604324),GncDeployment.systemResources.CPU_02,268509191,15.00 percent
2026-03-01T14:47:08.604355,(2(0)-1772394428:604355),GncDeployment.systemResources.CPU_03,268509192,11.88 percent
2026-03-01T14:47:08.604387,(2(0)-1772394428:604387),GncDeployment.systemResources.CPU_04,268509193,20.00 percent
2026-03-01T14:47:08.604416,(2(0)-1772394428:604416),GncDeployment.systemResources.CPU_05,268509194,8.91 percent
2026-03-01T14:47:08.604447,(2(0)-1772394428:604447),GncDeployment.systemResources.CPU_06,268509195,4.00 percent
2026-03-01T14:47:08.604480,(2(0)-1772394428:604480),GncDeployment.systemResources.CPU_07,268509196,3.92 percent
2026-03-01T14:47:08.604483,(2(0)-1772394428:604483),GncDeployment.systemResources.CPU,268509188,13.74 percent
2026-03-01T14:47:08.604504,(2(0)-1772394428:604504),GncDeployment.systemResources.MEMORY_TOTAL,268509184,4482912 KB
2026-03-01T14:47:08.604507,(2(0)-1772394428:604507),GncDeployment.systemResources.MEMORY_USED,268509185,4414832 KB
2026-03-01T14:47:08.604546,(2(0)-1772394428:604546),GncDeployment.systemResources.NON_VOLATILE_FREE,268509187,136005736 KB
2026-03-01T14:47:08.604549,(2(0)-1772394428:604549),GncDeployment.systemResources.NON_VOLATILE_TOTAL,268509186,239362496 KB
2026-03-01T14:47:08.604576,(2(0)-1772394428:604576),ComCcsds.comQueue.comQueueDepth,33554432,['0', '1']
2026-03-01T14:47:08.604809,(2(0)-1772394428:604809),ComCcsds.comQueue.buffQueueDepth,33554433,['0']
2026-03-01T14:47:09.605870,(2(0)-1772394429:605870),GncDeployment.systemResources.CPU_03,268509192,15.00 percent
2026-03-01T14:47:09.605886,(2(0)-1772394429:605886),GncDeployment.systemResources.CPU_04,268509193,24.00 percent
2026-03-01T14:47:09.605901,(2(0)-1772394429:605901),GncDeployment.systemResources.CPU_05,268509194,10.20 percent
2026-03-01T14:47:09.605918,(2(0)-1772394429:605918),GncDeployment.systemResources.CPU_06,268509195,6.00 percent
2026-03-01T14:47:09.605933,(2(0)-1772394429:605933),GncDeployment.systemResources.CPU_07,268509196,2.00 percent
2026-03-01T14:47:09.605935,(2(0)-1772394429:605935),GncDeployment.systemResources.CPU,268509188,14.80 percent
2026-03-01T14:47:09.605947,(2(0)-1772394429:605947),GncDeployment.systemResources.MEMORY_TOTAL,268509184,4471152 KB
2026-03-01T14:47:09.605948,(2(0)-1772394429:605948),GncDeployment.systemResources.MEMORY_USED,268509185,4406336 KB
2026-03-01T14:47:09.605966,(2(0)-1772394429:605966),GncDeployment.systemResources.NON_VOLATILE_FREE,268509187,136005668 KB
2026-03-01T14:47:09.605967,(2(0)-1772394429:605967),GncDeployment.systemResources.NON_VOLATILE_TOTAL,268509186,239362496 KB
2026-03-01T14:47:09.605988,(2(0)-1772394429:605988),ComCcsds.comQueue.comQueueDepth,33554432,['0', '1']
2026-03-01T14:47:09.605990,(2(0)-1772394429:605990),ComCcsds.comQueue.buffQueueDepth,33554433,['0']
2026-03-01T14:47:09.605841,(2(0)-1772394429:605841),GncDeployment.systemResources.CPU_01,268509190,19.19 percent
2026-03-01T14:47:09.605856,(2(0)-1772394429:605856),GncDeployment.systemResources.CPU_02,268509191,19.00 percent
2026-03-01T14:47:09.605774,(2(0)-1772394429:605774),GncDeployment.systemResources.CPU_00,268509189,23.00 percent
2026-03-01T14:47:10.610789,(2(0)-1772394430:610789),GncDeployment.systemResources.CPU_00,268509189,21.00 percent
2026-03-01T14:47:10.610802,(2(0)-1772394430:610802),GncDeployment.systemResources.CPU_01,268509190,19.00 percent
2026-03-01T14:47:10.610814,(2(0)-1772394430:610814),GncDeployment.systemResources.CPU_02,268509191,13.13 percent
2026-03-01T14:47:10.610823,(2(0)-1772394430:610823),GncDeployment.systemResources.CPU_03,268509192,12.87 percent
2026-03-01T14:47:10.610835,(2(0)-1772394430:610835),GncDeployment.systemResources.CPU_04,268509193,35.35 percent
2026-03-01T14:47:10.610846,(2(0)-1772394430:610846),GncDeployment.systemResources.CPU_05,268509194,24.51 percent
2026-03-01T14:47:10.610854,(2(0)-1772394430:610854),GncDeployment.systemResources.CPU_06,268509195,15.00 percent
2026-03-01T14:47:10.610863,(2(0)-1772394430:610863),GncDeployment.systemResources.CPU_07,268509196,8.08 percent
2026-03-01T14:47:10.610865,(2(0)-1772394430:610865),GncDeployment.systemResources.CPU,268509188,18.62 percent
2026-03-01T14:47:10.610870,(2(0)-1772394430:610870),GncDeployment.systemResources.MEMORY_TOTAL,268509184,4463536 KB
2026-03-01T14:47:10.610871,(2(0)-1772394430:610871),GncDeployment.systemResources.MEMORY_USED,268509185,4390112 KB
2026-03-01T14:47:10.610886,(2(0)-1772394430:610886),GncDeployment.systemResources.NON_VOLATILE_FREE,268509187,136005664 KB
2026-03-01T14:47:10.610887,(2(0)-1772394430:610887),GncDeployment.systemResources.NON_VOLATILE_TOTAL,268509186,239362496 KB
2026-03-01T14:47:10.610915,(2(0)-1772394430:610915),ComCcsds.comQueue.comQueueDepth,33554432,['0', '1']
2026-03-01T14:47:10.610917,(2(0)-1772394430:610917),ComCcsds.comQueue.buffQueueDepth,33554433,['0']
2026-03-01T14:47:11.614639,(2(0)-1772394431:614639),GncDeployment.systemResources.CPU_03,268509192,15.31 percent
2026-03-01T14:47:11.614654,(2(0)-1772394431:614654),GncDeployment.systemResources.CPU_04,268509193,30.00 percent
2026-03-01T14:47:11.614671,(2(0)-1772394431:614671),GncDeployment.systemResources.CPU_05,268509194,21.21 percent
2026-03-01T14:47:11.614689,(2(0)-1772394431:614689),GncDeployment.systemResources.CPU_06,268509195,13.86 percent
2026-03-01T14:47:11.614706,(2(0)-1772394431:614706),GncDeployment.systemResources.CPU_07,268509196,8.91 percent
2026-03-01T14:47:11.614707,(2(0)-1772394431:614707),GncDeployment.systemResources.CPU,268509188,19.32 percent
2026-03-01T14:47:11.614726,(2(0)-1772394431:614726),GncDeployment.systemResources.MEMORY_TOTAL,268509184,4422656 KB
2026-03-01T14:47:11.614727,(2(0)-1772394431:614727),GncDeployment.systemResources.MEMORY_USED,268509185,4354624 KB
2026-03-01T14:47:11.614755,(2(0)-1772394431:614755),GncDeployment.systemResources.NON_VOLATILE_FREE,268509187,136005532 KB
2026-03-01T14:47:11.614756,(2(0)-1772394431:614756),GncDeployment.systemResources.NON_VOLATILE_TOTAL,268509186,239362496 KB
2026-03-01T14:47:11.614780,(2(0)-1772394431:614780),ComCcsds.comQueue.comQueueDepth,33554432,['0', '1']
2026-03-01T14:47:11.614783,(2(0)-1772394431:614783),ComCcsds.comQueue.buffQueueDepth,33554433,['0']
2026-03-01T14:47:11.614598,(2(0)-1772394431:614598),GncDeployment.systemResources.CPU_01,268509190,21.00 percent
2026-03-01T14:47:11.614623,(2(0)-1772394431:614623),GncDeployment.systemResources.CPU_02,268509191,20.00 percent
2026-03-01T14:47:11.614574,(2(0)-1772394431:614574),GncDeployment.systemResources.CPU_00,268509189,24.24 percent
2026-03-01T14:47:13.621503,(2(0)-1772394433:621503),GncDeployment.systemResources.CPU_00,268509189,54.55 percent
2026-03-01T14:47:13.621537,(2(0)-1772394433:621537),GncDeployment.systemResources.CPU_01,268509190,54.55 percent
2026-03-01T14:47:13.621565,(2(0)-1772394433:621565),GncDeployment.systemResources.CPU_02,268509191,46.00 percent
2026-03-01T14:47:12.619636,(2(0)-1772394432:619636),GncDeployment.systemResources.CPU_03,268509192,22.77 percent
2026-03-01T14:47:12.619650,(2(0)-1772394432:619650),GncDeployment.systemResources.CPU_04,268509193,18.00 percent
2026-03-01T14:47:12.619664,(2(0)-1772394432:619664),GncDeployment.systemResources.CPU_05,268509194,12.00 percent
2026-03-01T14:47:12.619681,(2(0)-1772394432:619681),GncDeployment.systemResources.CPU_06,268509195,5.00 percent
2026-03-01T14:47:12.619694,(2(0)-1772394432:619694),GncDeployment.systemResources.CPU_07,268509196,2.97 percent
2026-03-01T14:47:12.619696,(2(0)-1772394432:619696),GncDeployment.systemResources.CPU,268509188,17.09 percent
2026-03-01T14:47:12.619706,(2(0)-1772394432:619706),GncDeployment.systemResources.MEMORY_TOTAL,268509184,4389904 KB
2026-03-01T14:47:12.619707,(2(0)-1772394432:619707),GncDeployment.systemResources.MEMORY_USED,268509185,4325760 KB
2026-03-01T14:47:12.619722,(2(0)-1772394432:619722),GncDeployment.systemResources.NON_VOLATILE_FREE,268509187,136005512 KB
2026-03-01T14:47:12.619723,(2(0)-1772394432:619723),GncDeployment.systemResources.NON_VOLATILE_TOTAL,268509186,239362496 KB
2026-03-01T14:47:12.619747,(2(0)-1772394432:619747),ComCcsds.comQueue.comQueueDepth,33554432,['0', '1']
2026-03-01T14:47:12.619749,(2(0)-1772394432:619749),ComCcsds.comQueue.buffQueueDepth,33554433,['0']
2026-03-01T14:47:13.621601,(2(0)-1772394433:621601),GncDeployment.systemResources.CPU_03,268509192,40.40 percent
2026-03-01T14:47:13.621661,(2(0)-1772394433:621661),GncDeployment.systemResources.CPU_04,268509193,19.00 percent
2026-03-01T14:47:13.621687,(2(0)-1772394433:621687),GncDeployment.systemResources.CPU_05,268509194,12.00 percent
2026-03-01T14:47:13.621710,(2(0)-1772394433:621710),GncDeployment.systemResources.CPU_06,268509195,6.00 percent
2026-03-01T14:47:13.621734,(2(0)-1772394433:621734),GncDeployment.systemResources.CPU_07,268509196,3.00 percent
2026-03-01T14:47:13.621736,(2(0)-1772394433:621736),GncDeployment.systemResources.CPU,268509188,29.44 percent
2026-03-01T14:47:13.621755,(2(0)-1772394433:621755),GncDeployment.systemResources.MEMORY_TOTAL,268509184,4363744 KB
2026-03-01T14:47:13.621757,(2(0)-1772394433:621757),GncDeployment.systemResources.MEMORY_USED,268509185,4286544 KB
2026-03-01T14:47:13.621796,(2(0)-1772394433:621796),GncDeployment.systemResources.NON_VOLATILE_FREE,268509187,136005904 KB
2026-03-01T14:47:13.621798,(2(0)-1772394433:621798),GncDeployment.systemResources.NON_VOLATILE_TOTAL,268509186,239362496 KB
2026-03-01T14:47:13.621828,(2(0)-1772394433:621828),ComCcsds.comQueue.comQueueDepth,33554432,['0', '1']
2026-03-01T14:47:13.621831,(2(0)-1772394433:621831),ComCcsds.comQueue.buffQueueDepth,33554433,['0']
2026-03-01T14:47:15.629650,(2(0)-1772394435:629650),GncDeployment.rateGroup2.RgMaxTime,268443648,288 us
2026-03-01T14:47:15.629558,(2(0)-1772394435:629558),GncDeployment.systemResources.CPU_00,268509189,51.52 percent
2026-03-01T14:47:15.629610,(2(0)-1772394435:629610),GncDeployment.systemResources.CPU_01,268509190,50.51 percent
2026-03-01T14:47:15.629663,(2(0)-1772394435:629663),GncDeployment.systemResources.CPU_02,268509191,51.52 percent
2026-03-01T14:47:15.629717,(2(0)-1772394435:629717),GncDeployment.systemResources.CPU_03,268509192,46.00 percent
2026-03-01T14:47:15.629763,(2(0)-1772394435:629763),GncDeployment.systemResources.CPU_04,268509193,6.93 percent
2026-03-01T14:47:14.626729,(2(0)-1772394434:626729),GncDeployment.systemResources.CPU_05,268509194,2.97 percent
2026-03-01T14:47:14.626750,(2(0)-1772394434:626750),GncDeployment.systemResources.CPU_06,268509195,1.98 percent
2026-03-01T14:47:14.626771,(2(0)-1772394434:626771),GncDeployment.systemResources.CPU_07,268509196,0.00 percent
2026-03-01T14:47:14.626773,(2(0)-1772394434:626773),GncDeployment.systemResources.CPU,268509188,27.18 percent
2026-03-01T14:47:14.626789,(2(0)-1772394434:626789),GncDeployment.systemResources.MEMORY_TOTAL,268509184,4374080 KB
2026-03-01T14:47:14.626791,(2(0)-1772394434:626791),GncDeployment.systemResources.MEMORY_USED,268509185,4301808 KB
2026-03-01T14:47:14.626818,(2(0)-1772394434:626818),GncDeployment.systemResources.NON_VOLATILE_FREE,268509187,136005892 KB
2026-03-01T14:47:14.626820,(2(0)-1772394434:626820),GncDeployment.systemResources.NON_VOLATILE_TOTAL,268509186,239362496 KB
2026-03-01T14:47:14.626841,(2(0)-1772394434:626841),ComCcsds.comQueue.comQueueDepth,33554432,['0', '1']
2026-03-01T14:47:14.626845,(2(0)-1772394434:626845),ComCcsds.comQueue.buffQueueDepth,33554433,['0']
2026-03-01T14:47:15.629972,(2(0)-1772394435:629972),GncDeployment.systemResources.CPU_05,268509194,2.00 percent
2026-03-01T14:47:15.630018,(2(0)-1772394435:630018),GncDeployment.systemResources.CPU_06,268509195,0.00 percent
2026-03-01T14:47:15.630065,(2(0)-1772394435:630065),GncDeployment.systemResources.CPU_07,268509196,0.99 percent
2026-03-01T14:47:15.630067,(2(0)-1772394435:630067),GncDeployment.systemResources.CPU,268509188,26.18 percent
2026-03-01T14:47:15.630085,(2(0)-1772394435:630085),GncDeployment.systemResources.MEMORY_TOTAL,268509184,4325856 KB
2026-03-01T14:47:15.630086,(2(0)-1772394435:630086),GncDeployment.systemResources.MEMORY_USED,268509185,4198576 KB
2026-03-01T14:47:15.630116,(2(0)-1772394435:630116),GncDeployment.systemResources.NON_VOLATILE_FREE,268509187,136005868 KB
2026-03-01T14:47:15.630117,(2(0)-1772394435:630117),GncDeployment.systemResources.NON_VOLATILE_TOTAL,268509186,239362496 KB
2026-03-01T14:47:15.630124,(2(0)-1772394435:630124),GncDeployment.rateGroup1.RgMaxTime,268439552,764 us
2026-03-01T14:47:15.630161,(2(0)-1772394435:630161),ComCcsds.comQueue.comQueueDepth,33554432,['0', '1']
2026-03-01T14:47:15.630164,(2(0)-1772394435:630164),ComCcsds.comQueue.buffQueueDepth,33554433,['0']
2026-03-01T14:47:17.637186,(2(0)-1772394437:637186),GncDeployment.systemResources.CPU_00,268509189,36.36 percent
2026-03-01T14:47:17.637206,(2(0)-1772394437:637206),GncDeployment.systemResources.CPU_01,268509190,30.00 percent
2026-03-01T14:47:17.637222,(2(0)-1772394437:637222),GncDeployment.systemResources.CPU_02,268509191,21.00 percent
2026-03-01T14:47:17.637239,(2(0)-1772394437:637239),GncDeployment.systemResources.CPU_03,268509192,17.17 percent
2026-03-01T14:47:16.632772,(2(0)-1772394436:632772),GncDeployment.systemResources.CPU_04,268509193,8.08 percent
2026-03-01T14:47:16.632800,(2(0)-1772394436:632800),GncDeployment.systemResources.CPU_05,268509194,4.00 percent
2026-03-01T14:47:16.632829,(2(0)-1772394436:632829),GncDeployment.systemResources.CPU_06,268509195,2.00 percent
2026-03-01T14:47:16.632857,(2(0)-1772394436:632857),GncDeployment.systemResources.CPU_07,268509196,0.00 percent
2026-03-01T14:47:16.632860,(2(0)-1772394436:632860),GncDeployment.systemResources.CPU,268509188,25.07 percent
2026-03-01T14:47:16.632878,(2(0)-1772394436:632878),GncDeployment.systemResources.MEMORY_TOTAL,268509184,4286448 KB
2026-03-01T14:47:16.632880,(2(0)-1772394436:632880),GncDeployment.systemResources.MEMORY_USED,268509185,4131104 KB
2026-03-01T14:47:16.632927,(2(0)-1772394436:632927),GncDeployment.systemResources.NON_VOLATILE_FREE,268509187,136004824 KB
2026-03-01T14:47:16.632930,(2(0)-1772394436:632930),GncDeployment.systemResources.NON_VOLATILE_TOTAL,268509186,239362496 KB
2026-03-01T14:47:16.632954,(2(0)-1772394436:632954),ComCcsds.comQueue.comQueueDepth,33554432,['0', '1']
2026-03-01T14:47:16.632958,(2(0)-1772394436:632958),ComCcsds.comQueue.buffQueueDepth,33554433,['0']
2026-03-01T14:47:17.637258,(2(0)-1772394437:637258),GncDeployment.systemResources.CPU_04,268509193,12.00 percent
2026-03-01T14:47:17.637303,(2(0)-1772394437:637303),GncDeployment.systemResources.CPU_05,268509194,5.94 percent
2026-03-01T14:47:17.637324,(2(0)-1772394437:637324),GncDeployment.systemResources.CPU_06,268509195,2.97 percent
2026-03-01T14:47:17.637348,(2(0)-1772394437:637348),GncDeployment.systemResources.CPU_07,268509196,1.98 percent
2026-03-01T14:47:17.637350,(2(0)-1772394437:637350),GncDeployment.systemResources.CPU,268509188,15.93 percent
2026-03-01T14:47:17.637366,(2(0)-1772394437:637366),GncDeployment.systemResources.MEMORY_TOTAL,268509184,4292752 KB
2026-03-01T14:47:17.637368,(2(0)-1772394437:637368),GncDeployment.systemResources.MEMORY_USED,268509185,4140848 KB
2026-03-01T14:47:17.637402,(2(0)-1772394437:637402),GncDeployment.systemResources.NON_VOLATILE_FREE,268509187,136003508 KB
2026-03-01T14:47:17.637403,(2(0)-1772394437:637403),GncDeployment.systemResources.NON_VOLATILE_TOTAL,268509186,239362496 KB
2026-03-01T14:47:17.637421,(2(0)-1772394437:637421),ComCcsds.comQueue.comQueueDepth,33554432,['0', '1']
2026-03-01T14:47:17.637424,(2(0)-1772394437:637424),ComCcsds.comQueue.buffQueueDepth,33554433,['0']
2026-03-01T14:47:18.642292,(2(0)-1772394438:642292),GncDeployment.systemResources.CPU_00,268509189,30.69 percent
2026-03-01T14:47:18.642333,(2(0)-1772394438:642333),GncDeployment.systemResources.CPU_01,268509190,28.28 percent
2026-03-01T14:47:18.642352,(2(0)-1772394438:642352),GncDeployment.systemResources.CPU_02,268509191,23.23 percent
2026-03-01T14:47:18.642372,(2(0)-1772394438:642372),GncDeployment.systemResources.CPU_03,268509192,22.00 percent
2026-03-01T14:47:18.642389,(2(0)-1772394438:642389),GncDeployment.systemResources.CPU_04,268509193,12.87 percent
2026-03-01T14:47:18.642412,(2(0)-1772394438:642412),GncDeployment.systemResources.CPU_05,268509194,5.05 percent
2026-03-01T14:47:18.642429,(2(0)-1772394438:642429),GncDeployment.systemResources.CPU_06,268509195,2.00 percent
2026-03-01T14:47:18.642449,(2(0)-1772394438:642449),GncDeployment.systemResources.CPU_07,268509196,1.00 percent
2026-03-01T14:47:18.642451,(2(0)-1772394438:642451),GncDeployment.systemResources.CPU,268509188,15.64 percent
2026-03-01T14:47:18.642471,(2(0)-1772394438:642471),GncDeployment.systemResources.MEMORY_TOTAL,268509184,4299904 KB
2026-03-01T14:47:18.642472,(2(0)-1772394438:642472),GncDeployment.systemResources.MEMORY_USED,268509185,4159376 KB
2026-03-01T14:47:18.642512,(2(0)-1772394438:642512),GncDeployment.systemResources.NON_VOLATILE_FREE,268509187,136003492 KB
2026-03-01T14:47:18.642514,(2(0)-1772394438:642514),GncDeployment.systemResources.NON_VOLATILE_TOTAL,268509186,239362496 KB
2026-03-01T14:47:18.642532,(2(0)-1772394438:642532),ComCcsds.comQueue.comQueueDepth,33554432,['0', '1']
2026-03-01T14:47:18.642536,(2(0)-1772394438:642536),ComCcsds.comQueue.buffQueueDepth,33554433,['0']
2026-03-01T14:47:19.647443,(2(0)-1772394439:647443),GncDeployment.systemResources.CPU_03,268509192,18.81 percent
2026-03-01T14:47:19.647477,(2(0)-1772394439:647477),GncDeployment.systemResources.CPU_04,268509193,19.00 percent
2026-03-01T14:47:19.647507,(2(0)-1772394439:647507),GncDeployment.systemResources.CPU_05,268509194,11.88 percent
2026-03-01T14:47:19.647537,(2(0)-1772394439:647537),GncDeployment.systemResources.CPU_06,268509195,4.00 percent
2026-03-01T14:47:19.647565,(2(0)-1772394439:647565),GncDeployment.systemResources.CPU_07,268509196,2.94 percent
2026-03-01T14:47:19.647568,(2(0)-1772394439:647568),GncDeployment.systemResources.CPU,268509188,16.61 percent
2026-03-01T14:47:19.647590,(2(0)-1772394439:647590),GncDeployment.systemResources.MEMORY_TOTAL,268509184,4301120 KB
2026-03-01T14:47:19.647593,(2(0)-1772394439:647593),GncDeployment.systemResources.MEMORY_USED,268509185,4160064 KB
2026-03-01T14:47:19.647628,(2(0)-1772394439:647628),GncDeployment.systemResources.NON_VOLATILE_FREE,268509187,136003424 KB
2026-03-01T14:47:19.647630,(2(0)-1772394439:647630),GncDeployment.systemResources.NON_VOLATILE_TOTAL,268509186,239362496 KB
2026-03-01T14:47:19.647660,(2(0)-1772394439:647660),ComCcsds.comQueue.comQueueDepth,33554432,['0', '1']
2026-03-01T14:47:19.647664,(2(0)-1772394439:647664),ComCcsds.comQueue.buffQueueDepth,33554433,['0']
2026-03-01T14:47:20.649936,(2(0)-1772394440:649936),GncDeployment.systemResources.CPU_01,268509190,27.27 percent
2026-03-01T14:47:20.649953,(2(0)-1772394440:649953),GncDeployment.systemResources.CPU_02,268509191,27.00 percent
2026-03-01T14:47:20.649906,(2(0)-1772394440:649906),GncDeployment.systemResources.CPU_00,268509189,31.00 percent
2026-03-01T14:47:21.654734,(2(0)-1772394441:654734),GncDeployment.systemResources.CPU_00,268509189,24.49 percent
2026-03-01T14:47:21.654756,(2(0)-1772394441:654756),GncDeployment.systemResources.CPU_01,268509190,23.00 percent
2026-03-01T14:47:21.654776,(2(0)-1772394441:654776),GncDeployment.systemResources.CPU_02,268509191,21.00 percent
2026-03-01T14:47:20.649981,(2(0)-1772394440:649981),GncDeployment.systemResources.CPU_03,268509192,21.21 percent
2026-03-01T14:47:20.649999,(2(0)-1772394440:649999),GncDeployment.systemResources.CPU_04,268509193,10.00 percent
2026-03-01T14:47:20.650015,(2(0)-1772394440:650015),GncDeployment.systemResources.CPU_05,268509194,6.93 percent
2026-03-01T14:47:20.650032,(2(0)-1772394440:650032),GncDeployment.systemResources.CPU_06,268509195,3.00 percent
2026-03-01T14:47:20.650048,(2(0)-1772394440:650048),GncDeployment.systemResources.CPU_07,268509196,1.01 percent
2026-03-01T14:47:20.650050,(2(0)-1772394440:650050),GncDeployment.systemResources.CPU,268509188,15.93 percent
2026-03-01T14:47:20.650062,(2(0)-1772394440:650062),GncDeployment.systemResources.MEMORY_TOTAL,268509184,4303312 KB
2026-03-01T14:47:20.650068,(2(0)-1772394440:650068),GncDeployment.systemResources.MEMORY_USED,268509185,4146144 KB
2026-03-01T14:47:20.650088,(2(0)-1772394440:650088),GncDeployment.systemResources.NON_VOLATILE_FREE,268509187,136003416 KB
2026-03-01T14:47:20.650089,(2(0)-1772394440:650089),GncDeployment.systemResources.NON_VOLATILE_TOTAL,268509186,239362496 KB
2026-03-01T14:47:20.650131,(2(0)-1772394440:650131),ComCcsds.comQueue.comQueueDepth,33554432,['0', '1']
2026-03-01T14:47:20.650133,(2(0)-1772394440:650133),ComCcsds.comQueue.buffQueueDepth,33554433,['0']
2026-03-01T14:47:21.654793,(2(0)-1772394441:654793),GncDeployment.systemResources.CPU_03,268509192,16.00 percent
2026-03-01T14:47:21.654835,(2(0)-1772394441:654835),GncDeployment.systemResources.CPU_04,268509193,17.00 percent
2026-03-01T14:47:21.654849,(2(0)-1772394441:654849),GncDeployment.systemResources.CPU_05,268509194,10.10 percent
2026-03-01T14:47:21.654864,(2(0)-1772394441:654864),GncDeployment.systemResources.CPU_06,268509195,6.00 percent
2026-03-01T14:47:21.654878,(2(0)-1772394441:654878),GncDeployment.systemResources.CPU_07,268509196,3.00 percent
2026-03-01T14:47:21.654880,(2(0)-1772394441:654880),GncDeployment.systemResources.CPU,268509188,15.07 percent
2026-03-01T14:47:21.654894,(2(0)-1772394441:654894),GncDeployment.systemResources.MEMORY_TOTAL,268509184,4306832 KB
2026-03-01T14:47:21.654895,(2(0)-1772394441:654895),GncDeployment.systemResources.MEMORY_USED,268509185,4154832 KB
2026-03-01T14:47:21.654923,(2(0)-1772394441:654923),GncDeployment.systemResources.NON_VOLATILE_FREE,268509187,136003464 KB
2026-03-01T14:47:21.654924,(2(0)-1772394441:654924),GncDeployment.systemResources.NON_VOLATILE_TOTAL,268509186,239362496 KB
2026-03-01T14:47:21.654939,(2(0)-1772394441:654939),ComCcsds.comQueue.comQueueDepth,33554432,['0', '1']
2026-03-01T14:47:21.654942,(2(0)-1772394441:654942),ComCcsds.comQueue.buffQueueDepth,33554433,['0']
2026-03-01T14:47:22.657651,(2(0)-1772394442:657651),GncDeployment.systemResources.CPU_00,268509189,26.73 percent
2026-03-01T14:47:22.657692,(2(0)-1772394442:657692),GncDeployment.systemResources.CPU_01,268509190,21.00 percent
2026-03-01T14:47:22.657711,(2(0)-1772394442:657711),GncDeployment.systemResources.CPU_02,268509191,18.00 percent
2026-03-01T14:47:22.657731,(2(0)-1772394442:657731),GncDeployment.systemResources.CPU_03,268509192,19.19 percent
2026-03-01T14:47:22.657756,(2(0)-1772394442:657756),GncDeployment.systemResources.CPU_04,268509193,28.00 percent
2026-03-01T14:47:22.657777,(2(0)-1772394442:657777),GncDeployment.systemResources.CPU_05,268509194,22.00 percent
2026-03-01T14:47:22.657794,(2(0)-1772394442:657794),GncDeployment.systemResources.CPU_06,268509195,19.00 percent
2026-03-01T14:47:22.657814,(2(0)-1772394442:657814),GncDeployment.systemResources.CPU_07,268509196,12.00 percent
2026-03-01T14:47:22.657816,(2(0)-1772394442:657816),GncDeployment.systemResources.CPU,268509188,20.74 percent
2026-03-01T14:47:22.657835,(2(0)-1772394442:657835),GncDeployment.systemResources.MEMORY_TOTAL,268509184,4319520 KB
2026-03-01T14:47:22.657837,(2(0)-1772394442:657837),GncDeployment.systemResources.MEMORY_USED,268509185,4239264 KB
2026-03-01T14:47:22.657877,(2(0)-1772394442:657877),GncDeployment.systemResources.NON_VOLATILE_FREE,268509187,136002420 KB
2026-03-01T14:47:22.657880,(2(0)-1772394442:657880),GncDeployment.systemResources.NON_VOLATILE_TOTAL,268509186,239362496 KB
2026-03-01T14:47:22.657898,(2(0)-1772394442:657898),ComCcsds.comQueue.comQueueDepth,33554432,['0', '1']
2026-03-01T14:47:22.657901,(2(0)-1772394442:657901),ComCcsds.comQueue.buffQueueDepth,33554433,['0']
2026-03-01T14:47:23.662730,(2(0)-1772394443:662730),GncDeployment.systemResources.CPU_03,268509192,18.63 percent
2026-03-01T14:47:23.662750,(2(0)-1772394443:662750),GncDeployment.systemResources.CPU_04,268509193,17.00 percent
2026-03-01T14:47:23.662771,(2(0)-1772394443:662771),GncDeployment.systemResources.CPU_05,268509194,13.00 percent
2026-03-01T14:47:23.662794,(2(0)-1772394443:662794),GncDeployment.systemResources.CPU_06,268509195,7.92 percent
2026-03-01T14:47:23.662814,(2(0)-1772394443:662814),GncDeployment.systemResources.CPU_07,268509196,4.00 percent
2026-03-01T14:47:23.662815,(2(0)-1772394443:662815),GncDeployment.systemResources.CPU,268509188,16.72 percent
2026-03-01T14:47:23.662835,(2(0)-1772394443:662835),GncDeployment.systemResources.MEMORY_TOTAL,268509184,4321184 KB
2026-03-01T14:47:23.662837,(2(0)-1772394443:662837),GncDeployment.systemResources.MEMORY_USED,268509185,4251152 KB
2026-03-01T14:47:23.662874,(2(0)-1772394443:662874),GncDeployment.systemResources.NON_VOLATILE_FREE,268509187,136002356 KB
2026-03-01T14:47:23.662875,(2(0)-1772394443:662875),GncDeployment.systemResources.NON_VOLATILE_TOTAL,268509186,239362496 KB
2026-03-01T14:47:23.662892,(2(0)-1772394443:662892),ComCcsds.comQueue.comQueueDepth,33554432,['0', '1']
2026-03-01T14:47:23.662895,(2(0)-1772394443:662895),ComCcsds.comQueue.buffQueueDepth,33554433,['0']
2026-03-01T14:47:23.662690,(2(0)-1772394443:662690),GncDeployment.systemResources.CPU_01,268509190,27.00 percent
2026-03-01T14:47:23.662711,(2(0)-1772394443:662711),GncDeployment.systemResources.CPU_02,268509191,20.20 percent
2026-03-01T14:47:23.662662,(2(0)-1772394443:662662),GncDeployment.systemResources.CPU_00,268509189,26.00 percent
2026-03-01T14:47:25.667725,(2(0)-1772394445:667725),GncDeployment.systemResources.CPU_00,268509189,30.00 percent
2026-03-01T14:47:24.665694,(2(0)-1772394444:665694),GncDeployment.systemResources.CPU_01,268509190,25.25 percent
2026-03-01T14:47:24.665728,(2(0)-1772394444:665728),GncDeployment.systemResources.CPU_02,268509191,24.00 percent
2026-03-01T14:47:24.665763,(2(0)-1772394444:665763),GncDeployment.systemResources.CPU_03,268509192,19.19 percent
2026-03-01T14:47:24.665793,(2(0)-1772394444:665793),GncDeployment.systemResources.CPU_04,268509193,14.00 percent
2026-03-01T14:47:24.665831,(2(0)-1772394444:665831),GncDeployment.systemResources.CPU_05,268509194,6.93 percent
2026-03-01T14:47:24.665867,(2(0)-1772394444:665867),GncDeployment.systemResources.CPU_06,268509195,4.00 percent
2026-03-01T14:47:24.665902,(2(0)-1772394444:665902),GncDeployment.systemResources.CPU_07,268509196,2.97 percent
2026-03-01T14:47:24.665905,(2(0)-1772394444:665905),GncDeployment.systemResources.CPU,268509188,15.36 percent
2026-03-01T14:47:24.665928,(2(0)-1772394444:665928),GncDeployment.systemResources.MEMORY_TOTAL,268509184,4323456 KB
2026-03-01T14:47:24.665931,(2(0)-1772394444:665931),GncDeployment.systemResources.MEMORY_USED,268509185,4257216 KB
2026-03-01T14:47:24.665986,(2(0)-1772394444:665986),GncDeployment.systemResources.NON_VOLATILE_FREE,268509187,136002348 KB
2026-03-01T14:47:24.665989,(2(0)-1772394444:665989),GncDeployment.systemResources.NON_VOLATILE_TOTAL,268509186,239362496 KB
2026-03-01T14:47:24.666019,(2(0)-1772394444:666019),ComCcsds.comQueue.comQueueDepth,33554432,['0', '1']
2026-03-01T14:47:24.666025,(2(0)-1772394444:666025),ComCcsds.comQueue.buffQueueDepth,33554433,['0']
2026-03-01T14:47:25.667819,(2(0)-1772394445:667819),GncDeployment.systemResources.CPU_03,268509192,21.21 percent
2026-03-01T14:47:25.667840,(2(0)-1772394445:667840),GncDeployment.systemResources.CPU_04,268509193,8.00 percent
2026-03-01T14:47:25.667865,(2(0)-1772394445:667865),GncDeployment.systemResources.CPU_05,268509194,3.00 percent
2026-03-01T14:47:25.667884,(2(0)-1772394445:667884),GncDeployment.systemResources.CPU_06,268509195,2.00 percent
2026-03-01T14:47:25.667903,(2(0)-1772394445:667903),GncDeployment.systemResources.CPU_07,268509196,1.00 percent
2026-03-01T14:47:25.667905,(2(0)-1772394445:667905),GncDeployment.systemResources.CPU,268509188,14.65 percent
2026-03-01T14:47:25.667918,(2(0)-1772394445:667918),GncDeployment.systemResources.MEMORY_TOTAL,268509184,4325392 KB
2026-03-01T14:47:25.667919,(2(0)-1772394445:667919),GncDeployment.systemResources.MEMORY_USED,268509185,4247344 KB
2026-03-01T14:47:25.667956,(2(0)-1772394445:667956),GncDeployment.systemResources.NON_VOLATILE_FREE,268509187,136002340 KB
2026-03-01T14:47:25.667958,(2(0)-1772394445:667958),GncDeployment.systemResources.NON_VOLATILE_TOTAL,268509186,239362496 KB
2026-03-01T14:47:25.667977,(2(0)-1772394445:667977),ComCcsds.comQueue.comQueueDepth,33554432,['0', '1']
2026-03-01T14:47:25.667980,(2(0)-1772394445:667980),ComCcsds.comQueue.buffQueueDepth,33554433,['0']
2026-03-01T14:47:25.667748,(2(0)-1772394445:667748),GncDeployment.systemResources.CPU_01,268509190,27.00 percent
2026-03-01T14:47:25.667799,(2(0)-1772394445:667799),GncDeployment.systemResources.CPU_02,268509191,25.00 percent
2026-03-01T14:47:26.672866,(2(0)-1772394446:672866),GncDeployment.systemResources.CPU_00,268509189,30.00 percent
2026-03-01T14:47:26.672906,(2(0)-1772394446:672906),GncDeployment.systemResources.CPU_01,268509190,27.00 percent
2026-03-01T14:47:26.672933,(2(0)-1772394446:672933),GncDeployment.systemResources.CPU_02,268509191,24.00 percent
2026-03-01T14:47:26.672958,(2(0)-1772394446:672958),GncDeployment.systemResources.CPU_03,268509192,20.79 percent
2026-03-01T14:47:26.672981,(2(0)-1772394446:672981),GncDeployment.systemResources.CPU_04,268509193,9.90 percent
2026-03-01T14:47:26.673005,(2(0)-1772394446:673005),GncDeployment.systemResources.CPU_05,268509194,3.96 percent
2026-03-01T14:47:26.673035,(2(0)-1772394446:673035),GncDeployment.systemResources.CPU_06,268509195,2.00 percent
2026-03-01T14:47:26.673064,(2(0)-1772394446:673064),GncDeployment.systemResources.CPU_07,268509196,0.99 percent
2026-03-01T14:47:26.673067,(2(0)-1772394446:673067),GncDeployment.systemResources.CPU,268509188,14.83 percent
2026-03-01T14:47:26.673089,(2(0)-1772394446:673089),GncDeployment.systemResources.MEMORY_TOTAL,268509184,4334256 KB
2026-03-01T14:47:26.673091,(2(0)-1772394446:673091),GncDeployment.systemResources.MEMORY_USED,268509185,4250400 KB
2026-03-01T14:47:26.673128,(2(0)-1772394446:673128),GncDeployment.systemResources.NON_VOLATILE_FREE,268509187,136002328 KB
2026-03-01T14:47:26.673131,(2(0)-1772394446:673131),GncDeployment.systemResources.NON_VOLATILE_TOTAL,268509186,239362496 KB
2026-03-01T14:47:26.673153,(2(0)-1772394446:673153),ComCcsds.comQueue.comQueueDepth,33554432,['0', '1']
2026-03-01T14:47:26.673157,(2(0)-1772394446:673157),ComCcsds.comQueue.buffQueueDepth,33554433,['0']
2026-03-01T14:47:27.677961,(2(0)-1772394447:677961),GncDeployment.systemResources.CPU_03,268509192,19.00 percent
2026-03-01T14:47:27.677986,(2(0)-1772394447:677986),GncDeployment.systemResources.CPU_04,268509193,13.00 percent
2026-03-01T14:47:27.678012,(2(0)-1772394447:678012),GncDeployment.systemResources.CPU_05,268509194,8.08 percent
2026-03-01T14:47:27.678035,(2(0)-1772394447:678035),GncDeployment.systemResources.CPU_06,268509195,3.00 percent
2026-03-01T14:47:27.678059,(2(0)-1772394447:678059),GncDeployment.systemResources.CPU_07,268509196,1.00 percent
2026-03-01T14:47:27.678061,(2(0)-1772394447:678061),GncDeployment.systemResources.CPU,268509188,14.95 percent
2026-03-01T14:47:27.678082,(2(0)-1772394447:678082),GncDeployment.systemResources.MEMORY_TOTAL,268509184,4344320 KB
2026-03-01T14:47:27.678083,(2(0)-1772394447:678083),GncDeployment.systemResources.MEMORY_USED,268509185,4274880 KB
2026-03-01T14:47:27.678126,(2(0)-1772394447:678126),GncDeployment.systemResources.NON_VOLATILE_FREE,268509187,136002624 KB
2026-03-01T14:47:27.678127,(2(0)-1772394447:678127),GncDeployment.systemResources.NON_VOLATILE_TOTAL,268509186,239362496 KB
2026-03-01T14:47:27.678147,(2(0)-1772394447:678147),ComCcsds.comQueue.comQueueDepth,33554432,['0', '1']
2026-03-01T14:47:27.678151,(2(0)-1772394447:678151),ComCcsds.comQueue.buffQueueDepth,33554433,['0']
2026-03-01T14:47:27.677917,(2(0)-1772394447:677917),GncDeployment.systemResources.CPU_01,268509190,28.28 percent
2026-03-01T14:47:27.677935,(2(0)-1772394447:677935),GncDeployment.systemResources.CPU_02,268509191,21.00 percent
2026-03-01T14:47:27.677885,(2(0)-1772394447:677885),GncDeployment.systemResources.CPU_00,268509189,26.26 percent
2026-03-01T14:47:28.682327,(2(0)-1772394448:682327),GncDeployment.systemResources.CPU_00,268509189,37.00 percent
2026-03-01T14:47:28.682351,(2(0)-1772394448:682351),GncDeployment.systemResources.CPU_01,268509190,34.34 percent
2026-03-01T14:47:28.682371,(2(0)-1772394448:682371),GncDeployment.systemResources.CPU_02,268509191,29.29 percent
2026-03-01T14:47:28.682390,(2(0)-1772394448:682390),GncDeployment.systemResources.CPU_03,268509192,26.26 percent
2026-03-01T14:47:28.682407,(2(0)-1772394448:682407),GncDeployment.systemResources.CPU_04,268509193,26.26 percent
2026-03-01T14:47:28.682424,(2(0)-1772394448:682424),GncDeployment.systemResources.CPU_05,268509194,19.00 percent
2026-03-01T14:47:28.682443,(2(0)-1772394448:682443),GncDeployment.systemResources.CPU_06,268509195,12.87 percent
2026-03-01T14:47:28.682460,(2(0)-1772394448:682460),GncDeployment.systemResources.CPU_07,268509196,9.00 percent
2026-03-01T14:47:28.682463,(2(0)-1772394448:682463),GncDeployment.systemResources.CPU,268509188,24.25 percent
2026-03-01T14:47:28.682481,(2(0)-1772394448:682481),GncDeployment.systemResources.MEMORY_TOTAL,268509184,4281280 KB
2026-03-01T14:47:28.682482,(2(0)-1772394448:682482),GncDeployment.systemResources.MEMORY_USED,268509185,4215184 KB
2026-03-01T14:47:28.682528,(2(0)-1772394448:682528),GncDeployment.systemResources.NON_VOLATILE_FREE,268509187,136002556 KB
2026-03-01T14:47:28.682530,(2(0)-1772394448:682530),GncDeployment.systemResources.NON_VOLATILE_TOTAL,268509186,239362496 KB
2026-03-01T14:47:28.682556,(2(0)-1772394448:682556),ComCcsds.comQueue.comQueueDepth,33554432,['0', '1']
2026-03-01T14:47:28.682559,(2(0)-1772394448:682559),ComCcsds.comQueue.buffQueueDepth,33554433,['0']
2026-03-01T14:47:29.683585,(2(0)-1772394449:683585),GncDeployment.systemResources.CPU_03,268509192,13.00 percent
2026-03-01T14:47:29.683601,(2(0)-1772394449:683601),GncDeployment.systemResources.CPU_04,268509193,37.00 percent
2026-03-01T14:47:29.683618,(2(0)-1772394449:683618),GncDeployment.systemResources.CPU_05,268509194,26.00 percent
2026-03-01T14:47:29.683634,(2(0)-1772394449:683634),GncDeployment.systemResources.CPU_06,268509195,16.00 percent
2026-03-01T14:47:29.683650,(2(0)-1772394449:683650),GncDeployment.systemResources.CPU_07,268509196,10.89 percent
2026-03-01T14:47:29.683652,(2(0)-1772394449:683652),GncDeployment.systemResources.CPU,268509188,19.64 percent
2026-03-01T14:47:29.683667,(2(0)-1772394449:683667),GncDeployment.systemResources.MEMORY_TOTAL,268509184,4276512 KB
2026-03-01T14:47:29.683669,(2(0)-1772394449:683669),GncDeployment.systemResources.MEMORY_USED,268509185,4208048 KB
2026-03-01T14:47:29.683705,(2(0)-1772394449:683705),GncDeployment.systemResources.NON_VOLATILE_FREE,268509187,136002512 KB
2026-03-01T14:47:29.683706,(2(0)-1772394449:683706),GncDeployment.systemResources.NON_VOLATILE_TOTAL,268509186,239362496 KB
2026-03-01T14:47:29.683713,(2(0)-1772394449:683713),ComCcsds.comQueue.comQueueDepth,33554432,['0', '1']
2026-03-01T14:47:29.683716,(2(0)-1772394449:683716),ComCcsds.comQueue.buffQueueDepth,33554433,['0']
2026-03-01T14:47:29.683546,(2(0)-1772394449:683546),GncDeployment.systemResources.CPU_01,268509190,18.00 percent
2026-03-01T14:47:29.683566,(2(0)-1772394449:683566),GncDeployment.systemResources.CPU_02,268509191,14.00 percent
2026-03-01T14:47:29.683444,(2(0)-1772394449:683444),GncDeployment.systemResources.CPU_00,268509189,22.22 percent
2026-03-01T14:47:30.688484,(2(0)-1772394450:688484),GncDeployment.systemResources.CPU_00,268509189,36.36 percent
2026-03-01T14:47:30.688514,(2(0)-1772394450:688514),GncDeployment.systemResources.CPU_01,268509190,33.00 percent
2026-03-01T14:47:30.688537,(2(0)-1772394450:688537),GncDeployment.systemResources.CPU_02,268509191,27.00 percent
2026-03-01T14:47:30.688559,(2(0)-1772394450:688559),GncDeployment.systemResources.CPU_03,268509192,24.00 percent
2026-03-01T14:47:30.688579,(2(0)-1772394450:688579),GncDeployment.systemResources.CPU_04,268509193,24.00 percent
2026-03-01T14:47:30.688601,(2(0)-1772394450:688601),GncDeployment.systemResources.CPU_05,268509194,13.00 percent
2026-03-01T14:47:30.688622,(2(0)-1772394450:688622),GncDeployment.systemResources.CPU_06,268509195,5.00 percent
2026-03-01T14:47:30.688644,(2(0)-1772394450:688644),GncDeployment.systemResources.CPU_07,268509196,5.00 percent
2026-03-01T14:47:30.688646,(2(0)-1772394450:688646),GncDeployment.systemResources.CPU,268509188,20.92 percent
2026-03-01T14:47:30.688662,(2(0)-1772394450:688662),GncDeployment.systemResources.MEMORY_TOTAL,268509184,4321616 KB
2026-03-01T14:47:30.688664,(2(0)-1772394450:688664),GncDeployment.systemResources.MEMORY_USED,268509185,4232480 KB
2026-03-01T14:47:30.688692,(2(0)-1772394450:688692),GncDeployment.systemResources.NON_VOLATILE_FREE,268509187,136002512 KB
2026-03-01T14:47:30.688693,(2(0)-1772394450:688693),GncDeployment.systemResources.NON_VOLATILE_TOTAL,268509186,239362496 KB
2026-03-01T14:47:30.688768,(2(0)-1772394450:688768),ComCcsds.comQueue.comQueueDepth,33554432,['0', '1']
2026-03-01T14:47:30.688771,(2(0)-1772394450:688771),ComCcsds.comQueue.buffQueueDepth,33554433,['0']
2026-03-01T14:47:31.693613,(2(0)-1772394451:693613),GncDeployment.systemResources.CPU_03,268509192,20.00 percent
2026-03-01T14:47:31.693630,(2(0)-1772394451:693630),GncDeployment.systemResources.CPU_04,268509193,17.00 percent
2026-03-01T14:47:31.693647,(2(0)-1772394451:693647),GncDeployment.systemResources.CPU_05,268509194,11.00 percent
2026-03-01T14:47:31.693665,(2(0)-1772394451:693665),GncDeployment.systemResources.CPU_06,268509195,6.00 percent
2026-03-01T14:47:31.693681,(2(0)-1772394451:693681),GncDeployment.systemResources.CPU_07,268509196,1.00 percent
2026-03-01T14:47:31.693683,(2(0)-1772394451:693683),GncDeployment.systemResources.CPU,268509188,17.33 percent
2026-03-01T14:47:31.693696,(2(0)-1772394451:693696),GncDeployment.systemResources.MEMORY_TOTAL,268509184,4332976 KB
2026-03-01T14:47:31.693697,(2(0)-1772394451:693697),GncDeployment.systemResources.MEMORY_USED,268509185,4255056 KB
2026-03-01T14:47:31.693726,(2(0)-1772394451:693726),GncDeployment.systemResources.NON_VOLATILE_FREE,268509187,136002508 KB
2026-03-01T14:47:31.693727,(2(0)-1772394451:693727),GncDeployment.systemResources.NON_VOLATILE_TOTAL,268509186,239362496 KB
2026-03-01T14:47:31.693746,(2(0)-1772394451:693746),ComCcsds.comQueue.comQueueDepth,33554432,['0', '1']
2026-03-01T14:47:31.693748,(2(0)-1772394451:693748),ComCcsds.comQueue.buffQueueDepth,33554433,['0']
2026-03-01T14:47:31.693581,(2(0)-1772394451:693581),GncDeployment.systemResources.CPU_01,268509190,27.00 percent
2026-03-01T14:47:31.693597,(2(0)-1772394451:693597),GncDeployment.systemResources.CPU_02,268509191,24.00 percent
2026-03-01T14:47:31.693557,(2(0)-1772394451:693557),GncDeployment.systemResources.CPU_00,268509189,32.67 percent
2026-03-01T14:47:33.696184,(2(0)-1772394453:696184),GncDeployment.rateGroup2.RgMaxTime,268443648,567 us
2026-03-01T14:47:33.695792,(2(0)-1772394453:695792),GncDeployment.systemResources.CPU_00,268509189,36.36 percent
2026-03-01T14:47:33.695828,(2(0)-1772394453:695828),GncDeployment.systemResources.CPU_01,268509190,36.00 percent
2026-03-01T14:47:33.695855,(2(0)-1772394453:695855),GncDeployment.systemResources.CPU_02,268509191,31.00 percent
2026-03-01T14:47:33.695885,(2(0)-1772394453:695885),GncDeployment.systemResources.CPU_03,268509192,29.29 percent
2026-03-01T14:47:33.695911,(2(0)-1772394453:695911),GncDeployment.systemResources.CPU_04,268509193,24.00 percent
2026-03-01T14:47:33.696074,(2(0)-1772394453:696074),GncDeployment.systemResources.CPU_05,268509194,16.00 percent
2026-03-01T14:47:33.696093,(2(0)-1772394453:696093),GncDeployment.systemResources.CPU_06,268509195,30.00 percent
2026-03-01T14:47:33.696109,(2(0)-1772394453:696109),GncDeployment.systemResources.CPU_07,268509196,18.81 percent
2026-03-01T14:47:33.696110,(2(0)-1772394453:696110),GncDeployment.systemResources.CPU,268509188,27.68 percent
2026-03-01T14:47:33.696120,(2(0)-1772394453:696120),GncDeployment.systemResources.MEMORY_TOTAL,268509184,4416608 KB
2026-03-01T14:47:33.696121,(2(0)-1772394453:696121),GncDeployment.systemResources.MEMORY_USED,268509185,4344752 KB
2026-03-01T14:47:33.696139,(2(0)-1772394453:696139),GncDeployment.systemResources.NON_VOLATILE_FREE,268509187,136002444 KB
2026-03-01T14:47:33.696140,(2(0)-1772394453:696140),GncDeployment.systemResources.NON_VOLATILE_TOTAL,268509186,239362496 KB
2026-03-01T14:47:33.696285,(2(0)-1772394453:696285),ComCcsds.comQueue.comQueueDepth,33554432,['0', '0']
2026-03-01T14:47:33.696287,(2(0)-1772394453:696287),ComCcsds.comQueue.buffQueueDepth,33554433,['0']
2026-03-01T14:47:33.696252,(2(0)-1772394453:696252),GncDeployment.rateGroup3.RgMaxTime,268447744,635 us
2026-03-01T14:47:34.697510,(2(0)-1772394454:697510),GncDeployment.systemResources.CPU_00,268509189,33.00 percent
2026-03-01T14:47:34.697539,(2(0)-1772394454:697539),GncDeployment.systemResources.CPU_01,268509190,30.30 percent
2026-03-01T14:47:34.697569,(2(0)-1772394454:697569),GncDeployment.systemResources.CPU_02,268509191,27.00 percent
2026-03-01T14:47:34.697608,(2(0)-1772394454:697608),GncDeployment.systemResources.CPU_03,268509192,22.00 percent
2026-03-01T14:47:34.697636,(2(0)-1772394454:697636),GncDeployment.systemResources.CPU_04,268509193,42.00 percent
2026-03-01T14:47:34.697659,(2(0)-1772394454:697659),GncDeployment.systemResources.CPU_05,268509194,30.00 percent
2026-03-01T14:47:34.697671,(2(0)-1772394454:697671),GncDeployment.systemResources.CPU_06,268509195,27.00 percent
2026-03-01T14:47:34.697700,(2(0)-1772394454:697700),GncDeployment.systemResources.CPU_07,268509196,19.19 percent
2026-03-01T14:47:34.697701,(2(0)-1772394454:697701),GncDeployment.systemResources.CPU,268509188,28.81 percent
2026-03-01T14:47:34.697709,(2(0)-1772394454:697709),GncDeployment.systemResources.MEMORY_TOTAL,268509184,4419008 KB
2026-03-01T14:47:34.697710,(2(0)-1772394454:697710),GncDeployment.systemResources.MEMORY_USED,268509185,4356992 KB
2026-03-01T14:47:34.697726,(2(0)-1772394454:697726),GncDeployment.systemResources.NON_VOLATILE_FREE,268509187,136002416 KB
2026-03-01T14:47:34.697727,(2(0)-1772394454:697727),GncDeployment.systemResources.NON_VOLATILE_TOTAL,268509186,239362496 KB
2026-03-01T14:47:34.697755,(2(0)-1772394454:697755),ComCcsds.comQueue.comQueueDepth,33554432,['0', '1']
2026-03-01T14:47:34.697759,(2(0)-1772394454:697759),ComCcsds.comQueue.buffQueueDepth,33554433,['0']
2026-03-01T14:47:35.702597,(2(0)-1772394455:702597),GncDeployment.systemResources.CPU_03,268509192,22.22 percent
2026-03-01T14:47:35.702619,(2(0)-1772394455:702619),GncDeployment.systemResources.CPU_04,268509193,38.38 percent
2026-03-01T14:47:35.702640,(2(0)-1772394455:702640),GncDeployment.systemResources.CPU_05,268509194,26.73 percent
2026-03-01T14:47:35.702664,(2(0)-1772394455:702664),GncDeployment.systemResources.CPU_06,268509195,16.83 percent
2026-03-01T14:47:35.702691,(2(0)-1772394455:702691),GncDeployment.systemResources.CPU_07,268509196,9.00 percent
2026-03-01T14:47:35.702694,(2(0)-1772394455:702694),GncDeployment.systemResources.CPU,268509188,25.14 percent
2026-03-01T14:47:35.702713,(2(0)-1772394455:702713),GncDeployment.systemResources.MEMORY_TOTAL,268509184,4396768 KB
2026-03-01T14:47:35.702715,(2(0)-1772394455:702715),GncDeployment.systemResources.MEMORY_USED,268509185,4315152 KB
2026-03-01T14:47:35.702748,(2(0)-1772394455:702748),GncDeployment.systemResources.NON_VOLATILE_FREE,268509187,136006480 KB
2026-03-01T14:47:35.702749,(2(0)-1772394455:702749),GncDeployment.systemResources.NON_VOLATILE_TOTAL,268509186,239362496 KB
2026-03-01T14:47:35.702775,(2(0)-1772394455:702775),ComCcsds.comQueue.comQueueDepth,33554432,['0', '1']
2026-03-01T14:47:35.702779,(2(0)-1772394455:702779),ComCcsds.comQueue.buffQueueDepth,33554433,['0']
2026-03-01T14:47:35.702556,(2(0)-1772394455:702556),GncDeployment.systemResources.CPU_01,268509190,29.29 percent
2026-03-01T14:47:35.702578,(2(0)-1772394455:702578),GncDeployment.systemResources.CPU_02,268509191,27.00 percent
2026-03-01T14:47:35.702528,(2(0)-1772394455:702528),GncDeployment.systemResources.CPU_00,268509189,31.63 percent
2026-03-01T14:47:36.703809,(2(0)-1772394456:703809),GncDeployment.systemResources.CPU_00,268509189,26.00 percent
2026-03-01T14:47:36.703827,(2(0)-1772394456:703827),GncDeployment.systemResources.CPU_01,268509190,23.23 percent
2026-03-01T14:47:36.703835,(2(0)-1772394456:703835),GncDeployment.systemResources.CPU_02,268509191,23.23 percent
2026-03-01T14:47:36.703843,(2(0)-1772394456:703843),GncDeployment.systemResources.CPU_03,268509192,19.00 percent
2026-03-01T14:47:36.703850,(2(0)-1772394456:703850),GncDeployment.systemResources.CPU_04,268509193,42.00 percent
2026-03-01T14:47:36.703858,(2(0)-1772394456:703858),GncDeployment.systemResources.CPU_05,268509194,23.23 percent
2026-03-01T14:47:36.703864,(2(0)-1772394456:703864),GncDeployment.systemResources.CPU_06,268509195,14.00 percent
2026-03-01T14:47:36.703871,(2(0)-1772394456:703871),GncDeployment.systemResources.CPU_07,268509196,7.92 percent
2026-03-01T14:47:36.703872,(2(0)-1772394456:703872),GncDeployment.systemResources.CPU,268509188,22.33 percent
2026-03-01T14:47:36.703878,(2(0)-1772394456:703878),GncDeployment.systemResources.MEMORY_TOTAL,268509184,4374480 KB
2026-03-01T14:47:36.703878,(2(0)-1772394456:703878),GncDeployment.systemResources.MEMORY_USED,268509185,4294768 KB
2026-03-01T14:47:36.703890,(2(0)-1772394456:703890),GncDeployment.systemResources.NON_VOLATILE_FREE,268509187,136005536 KB
2026-03-01T14:47:36.703891,(2(0)-1772394456:703891),GncDeployment.systemResources.NON_VOLATILE_TOTAL,268509186,239362496 KB
2026-03-01T14:47:36.703910,(2(0)-1772394456:703910),ComCcsds.comQueue.comQueueDepth,33554432,['0', '1']
2026-03-01T14:47:36.703912,(2(0)-1772394456:703912),ComCcsds.comQueue.buffQueueDepth,33554433,['0']
2026-03-01T14:47:37.704788,(2(0)-1772394457:704788),GncDeployment.systemResources.CPU_03,268509192,16.00 percent
2026-03-01T14:47:37.704806,(2(0)-1772394457:704806),GncDeployment.systemResources.CPU_04,268509193,37.37 percent
2026-03-01T14:47:37.704822,(2(0)-1772394457:704822),GncDeployment.systemResources.CPU_05,268509194,27.27 percent
2026-03-01T14:47:37.704841,(2(0)-1772394457:704841),GncDeployment.systemResources.CPU_06,268509195,22.22 percent
2026-03-01T14:47:37.704857,(2(0)-1772394457:704857),GncDeployment.systemResources.CPU_07,268509196,14.00 percent
2026-03-01T14:47:37.704858,(2(0)-1772394457:704858),GncDeployment.systemResources.CPU,268509188,23.14 percent
2026-03-01T14:47:37.704870,(2(0)-1772394457:704870),GncDeployment.systemResources.MEMORY_TOTAL,268509184,4380816 KB
2026-03-01T14:47:37.704872,(2(0)-1772394457:704872),GncDeployment.systemResources.MEMORY_USED,268509185,4302384 KB
2026-03-01T14:47:37.704899,(2(0)-1772394457:704899),GncDeployment.systemResources.NON_VOLATILE_FREE,268509187,136005528 KB
2026-03-01T14:47:37.704900,(2(0)-1772394457:704900),GncDeployment.systemResources.NON_VOLATILE_TOTAL,268509186,239362496 KB
2026-03-01T14:47:37.704915,(2(0)-1772394457:704915),ComCcsds.comQueue.comQueueDepth,33554432,['0', '1']
2026-03-01T14:47:37.704918,(2(0)-1772394457:704918),ComCcsds.comQueue.buffQueueDepth,33554433,['0']
2026-03-01T14:47:37.704755,(2(0)-1772394457:704755),GncDeployment.systemResources.CPU_01,268509190,23.00 percent
2026-03-01T14:47:37.704771,(2(0)-1772394457:704771),GncDeployment.systemResources.CPU_02,268509191,20.00 percent
2026-03-01T14:47:37.704728,(2(0)-1772394457:704728),GncDeployment.systemResources.CPU_00,268509189,25.25 percent
2026-03-01T14:47:38.706349,(2(0)-1772394458:706349),GncDeployment.systemResources.CPU_00,268509189,22.00 percent
2026-03-01T14:47:38.706374,(2(0)-1772394458:706374),GncDeployment.systemResources.CPU_01,268509190,17.17 percent
2026-03-01T14:47:38.706394,(2(0)-1772394458:706394),GncDeployment.systemResources.CPU_02,268509191,14.00 percent
2026-03-01T14:47:38.706414,(2(0)-1772394458:706414),GncDeployment.systemResources.CPU_03,268509192,11.00 percent
2026-03-01T14:47:38.706433,(2(0)-1772394458:706433),GncDeployment.systemResources.CPU_04,268509193,25.74 percent
2026-03-01T14:47:38.706453,(2(0)-1772394458:706453),GncDeployment.systemResources.CPU_05,268509194,20.79 percent
2026-03-01T14:47:38.706472,(2(0)-1772394458:706472),GncDeployment.systemResources.CPU_06,268509195,27.00 percent
2026-03-01T14:47:38.706491,(2(0)-1772394458:706491),GncDeployment.systemResources.CPU_07,268509196,10.00 percent
2026-03-01T14:47:38.706493,(2(0)-1772394458:706493),GncDeployment.systemResources.CPU,268509188,18.46 percent
2026-03-01T14:47:38.706512,(2(0)-1772394458:706512),GncDeployment.systemResources.MEMORY_TOTAL,268509184,4386656 KB
2026-03-01T14:47:38.706513,(2(0)-1772394458:706513),GncDeployment.systemResources.MEMORY_USED,268509185,4313168 KB
2026-03-01T14:47:38.706533,(2(0)-1772394458:706533),GncDeployment.systemResources.NON_VOLATILE_FREE,268509187,136005516 KB
2026-03-01T14:47:38.706534,(2(0)-1772394458:706534),GncDeployment.systemResources.NON_VOLATILE_TOTAL,268509186,239362496 KB
2026-03-01T14:47:38.706576,(2(0)-1772394458:706576),ComCcsds.comQueue.comQueueDepth,33554432,['0', '1']
2026-03-01T14:47:38.706600,(2(0)-1772394458:706600),ComCcsds.comQueue.buffQueueDepth,33554433,['0']
2026-03-01T14:47:39.709225,(2(0)-1772394459:709225),GncDeployment.systemResources.CPU_03,268509192,20.20 percent
2026-03-01T14:47:39.709236,(2(0)-1772394459:709236),GncDeployment.systemResources.CPU_04,268509193,34.34 percent
2026-03-01T14:47:39.709244,(2(0)-1772394459:709244),GncDeployment.systemResources.CPU_05,268509194,24.00 percent
2026-03-01T14:47:39.709252,(2(0)-1772394459:709252),GncDeployment.systemResources.CPU_06,268509195,25.74 percent
2026-03-01T14:47:39.709260,(2(0)-1772394459:709260),GncDeployment.systemResources.CPU_07,268509196,15.15 percent
2026-03-01T14:47:39.709261,(2(0)-1772394459:709261),GncDeployment.systemResources.CPU,268509188,24.96 percent
2026-03-01T14:47:39.709270,(2(0)-1772394459:709270),GncDeployment.systemResources.MEMORY_TOTAL,268509184,4368896 KB
2026-03-01T14:47:39.709270,(2(0)-1772394459:709270),GncDeployment.systemResources.MEMORY_USED,268509185,4294320 KB
2026-03-01T14:47:39.709284,(2(0)-1772394459:709284),GncDeployment.systemResources.NON_VOLATILE_FREE,268509187,136005472 KB
2026-03-01T14:47:39.709285,(2(0)-1772394459:709285),GncDeployment.systemResources.NON_VOLATILE_TOTAL,268509186,239362496 KB
2026-03-01T14:47:39.709304,(2(0)-1772394459:709304),ComCcsds.comQueue.comQueueDepth,33554432,['0', '1']
2026-03-01T14:47:39.709306,(2(0)-1772394459:709306),ComCcsds.comQueue.buffQueueDepth,33554433,['0']
2026-03-01T14:47:39.709200,(2(0)-1772394459:709200),GncDeployment.systemResources.CPU_01,268509190,27.72 percent
2026-03-01T14:47:39.709217,(2(0)-1772394459:709217),GncDeployment.systemResources.CPU_02,268509191,23.23 percent
2026-03-01T14:47:39.709186,(2(0)-1772394459:709186),GncDeployment.systemResources.CPU_00,268509189,29.29 percent
2026-03-01T14:47:41.719446,(2(0)-1772394461:719446),GncDeployment.systemResources.CPU_00,268509189,32.00 percent
2026-03-01T14:47:41.719487,(2(0)-1772394461:719487),GncDeployment.systemResources.CPU_01,268509190,30.00 percent
2026-03-01T14:47:41.719576,(2(0)-1772394461:719576),GncDeployment.systemResources.CPU_02,268509191,30.00 percent
2026-03-01T14:47:41.719608,(2(0)-1772394461:719608),GncDeployment.systemResources.CPU_03,268509192,25.00 percent
2026-03-01T14:47:41.719629,(2(0)-1772394461:719629),GncDeployment.systemResources.CPU_04,268509193,24.51 percent
2026-03-01T14:47:41.719700,(2(0)-1772394461:719700),GncDeployment.systemResources.CPU_05,268509194,31.31 percent
2026-03-01T14:47:41.719753,(2(0)-1772394461:719753),GncDeployment.systemResources.CPU_06,268509195,17.00 percent
2026-03-01T14:47:41.719773,(2(0)-1772394461:719773),GncDeployment.systemResources.CPU_07,268509196,11.00 percent
2026-03-01T14:47:41.719775,(2(0)-1772394461:719775),GncDeployment.systemResources.CPU,268509188,25.10 percent
2026-03-01T14:47:41.719786,(2(0)-1772394461:719786),GncDeployment.systemResources.MEMORY_TOTAL,268509184,4376080 KB
2026-03-01T14:47:41.719787,(2(0)-1772394461:719787),GncDeployment.systemResources.MEMORY_USED,268509185,4304624 KB
2026-03-01T14:47:41.719809,(2(0)-1772394461:719809),GncDeployment.systemResources.NON_VOLATILE_FREE,268509187,136005408 KB
2026-03-01T14:47:41.719810,(2(0)-1772394461:719810),GncDeployment.systemResources.NON_VOLATILE_TOTAL,268509186,239362496 KB
2026-03-01T14:47:41.719881,(2(0)-1772394461:719881),ComCcsds.comQueue.comQueueDepth,33554432,['0', '0']
2026-03-01T14:47:41.719883,(2(0)-1772394461:719883),ComCcsds.comQueue.buffQueueDepth,33554433,['0']
2026-03-01T14:47:42.722710,(2(0)-1772394462:722710),GncDeployment.systemResources.CPU_00,268509189,28.28 percent
2026-03-01T14:47:42.722730,(2(0)-1772394462:722730),GncDeployment.systemResources.CPU_01,268509190,27.00 percent
2026-03-01T14:47:42.722744,(2(0)-1772394462:722744),GncDeployment.systemResources.CPU_02,268509191,24.00 percent
2026-03-01T14:47:42.722758,(2(0)-1772394462:722758),GncDeployment.systemResources.CPU_03,268509192,21.00 percent
2026-03-01T14:47:42.722772,(2(0)-1772394462:722772),GncDeployment.systemResources.CPU_04,268509193,18.37 percent
2026-03-01T14:47:42.722786,(2(0)-1772394462:722786),GncDeployment.systemResources.CPU_05,268509194,29.70 percent
2026-03-01T14:47:42.722799,(2(0)-1772394462:722799),GncDeployment.systemResources.CPU_06,268509195,16.83 percent
2026-03-01T14:47:42.722813,(2(0)-1772394462:722813),GncDeployment.systemResources.CPU_07,268509196,17.82 percent
2026-03-01T14:47:42.722815,(2(0)-1772394462:722815),GncDeployment.systemResources.CPU,268509188,22.88 percent
2026-03-01T14:47:42.722825,(2(0)-1772394462:722825),GncDeployment.systemResources.MEMORY_TOTAL,268509184,4369440 KB
2026-03-01T14:47:42.722826,(2(0)-1772394462:722826),GncDeployment.systemResources.MEMORY_USED,268509185,4270688 KB
2026-03-01T14:47:42.722844,(2(0)-1772394462:722844),GncDeployment.systemResources.NON_VOLATILE_FREE,268509187,136005408 KB
2026-03-01T14:47:42.722846,(2(0)-1772394462:722846),GncDeployment.systemResources.NON_VOLATILE_TOTAL,268509186,239362496 KB
2026-03-01T14:47:42.722876,(2(0)-1772394462:722876),ComCcsds.comQueue.comQueueDepth,33554432,['0', '1']
2026-03-01T14:47:42.722878,(2(0)-1772394462:722878),ComCcsds.comQueue.buffQueueDepth,33554433,['0']
2026-03-01T14:47:43.727760,(2(0)-1772394463:727760),GncDeployment.systemResources.CPU_03,268509192,15.00 percent
2026-03-01T14:47:43.727777,(2(0)-1772394463:727777),GncDeployment.systemResources.CPU_04,268509193,15.84 percent
2026-03-01T14:47:43.727792,(2(0)-1772394463:727792),GncDeployment.systemResources.CPU_05,268509194,9.09 percent
2026-03-01T14:47:43.727810,(2(0)-1772394463:727810),GncDeployment.systemResources.CPU_06,268509195,23.23 percent
2026-03-01T14:47:43.727827,(2(0)-1772394463:727827),GncDeployment.systemResources.CPU_07,268509196,8.00 percent
2026-03-01T14:47:43.727828,(2(0)-1772394463:727828),GncDeployment.systemResources.CPU,268509188,18.01 percent
2026-03-01T14:47:43.727842,(2(0)-1772394463:727842),GncDeployment.systemResources.MEMORY_TOTAL,268509184,4371264 KB
2026-03-01T14:47:43.727844,(2(0)-1772394463:727844),GncDeployment.systemResources.MEMORY_USED,268509185,4289344 KB
2026-03-01T14:47:43.727866,(2(0)-1772394463:727866),GncDeployment.systemResources.NON_VOLATILE_FREE,268509187,136005536 KB
2026-03-01T14:47:43.727867,(2(0)-1772394463:727867),GncDeployment.systemResources.NON_VOLATILE_TOTAL,268509186,239362496 KB
2026-03-01T14:47:43.727886,(2(0)-1772394463:727886),ComCcsds.comQueue.comQueueDepth,33554432,['0', '1']
2026-03-01T14:47:43.727888,(2(0)-1772394463:727888),ComCcsds.comQueue.buffQueueDepth,33554433,['0']
2026-03-01T14:47:43.727727,(2(0)-1772394463:727727),GncDeployment.systemResources.CPU_01,268509190,25.00 percent
2026-03-01T14:47:43.727744,(2(0)-1772394463:727744),GncDeployment.systemResources.CPU_02,268509191,20.20 percent
2026-03-01T14:47:43.727703,(2(0)-1772394463:727703),GncDeployment.systemResources.CPU_00,268509189,27.72 percent
2026-03-01T14:47:45.735667,(2(0)-1772394465:735667),GncDeployment.systemResources.CPU_00,268509189,29.29 percent
2026-03-01T14:47:45.735691,(2(0)-1772394465:735691),GncDeployment.systemResources.CPU_01,268509190,28.00 percent
2026-03-01T14:47:45.735706,(2(0)-1772394465:735706),GncDeployment.systemResources.CPU_02,268509191,24.24 percent
2026-03-01T14:47:45.735721,(2(0)-1772394465:735721),GncDeployment.systemResources.CPU_03,268509192,23.00 percent
2026-03-01T14:47:45.735737,(2(0)-1772394465:735737),GncDeployment.systemResources.CPU_04,268509193,38.38 percent
2026-03-01T14:47:45.735751,(2(0)-1772394465:735751),GncDeployment.systemResources.CPU_05,268509194,30.30 percent
2026-03-01T14:47:45.735772,(2(0)-1772394465:735772),GncDeployment.systemResources.CPU_06,268509195,24.00 percent
2026-03-01T14:47:45.735787,(2(0)-1772394465:735787),GncDeployment.systemResources.CPU_07,268509196,30.69 percent
2026-03-01T14:47:45.735788,(2(0)-1772394465:735788),GncDeployment.systemResources.CPU,268509188,28.49 percent
2026-03-01T14:47:45.735800,(2(0)-1772394465:735800),GncDeployment.systemResources.MEMORY_TOTAL,268509184,4400832 KB
2026-03-01T14:47:45.735802,(2(0)-1772394465:735802),GncDeployment.systemResources.MEMORY_USED,268509185,4330256 KB
2026-03-01T14:47:45.735826,(2(0)-1772394465:735826),GncDeployment.systemResources.NON_VOLATILE_FREE,268509187,136005508 KB
2026-03-01T14:47:45.735827,(2(0)-1772394465:735827),GncDeployment.systemResources.NON_VOLATILE_TOTAL,268509186,239362496 KB
2026-03-01T14:47:45.735865,(2(0)-1772394465:735865),ComCcsds.comQueue.comQueueDepth,33554432,['0', '0']
2026-03-01T14:47:45.735868,(2(0)-1772394465:735868),ComCcsds.comQueue.buffQueueDepth,33554433,['0']
2026-03-01T14:47:46.740987,(2(0)-1772394466:740987),GncDeployment.systemResources.CPU_00,268509189,30.00 percent
2026-03-01T14:47:46.741013,(2(0)-1772394466:741013),GncDeployment.systemResources.CPU_01,268509190,30.00 percent
2026-03-01T14:47:46.741030,(2(0)-1772394466:741030),GncDeployment.systemResources.CPU_02,268509191,25.00 percent
2026-03-01T14:47:46.741048,(2(0)-1772394466:741048),GncDeployment.systemResources.CPU_03,268509192,22.00 percent
2026-03-01T14:47:46.741064,(2(0)-1772394466:741064),GncDeployment.systemResources.CPU_04,268509193,29.00 percent
2026-03-01T14:47:46.741081,(2(0)-1772394466:741081),GncDeployment.systemResources.CPU_05,268509194,23.53 percent
2026-03-01T14:47:46.741096,(2(0)-1772394466:741096),GncDeployment.systemResources.CPU_06,268509195,23.76 percent
2026-03-01T14:47:46.741111,(2(0)-1772394466:741111),GncDeployment.systemResources.CPU_07,268509196,17.82 percent
2026-03-01T14:47:46.741113,(2(0)-1772394466:741113),GncDeployment.systemResources.CPU,268509188,25.14 percent
2026-03-01T14:47:46.741126,(2(0)-1772394466:741126),GncDeployment.systemResources.MEMORY_TOTAL,268509184,4416160 KB
2026-03-01T14:47:46.741128,(2(0)-1772394466:741128),GncDeployment.systemResources.MEMORY_USED,268509185,4355424 KB
2026-03-01T14:47:46.741158,(2(0)-1772394466:741158),GncDeployment.systemResources.NON_VOLATILE_FREE,268509187,136005508 KB
2026-03-01T14:47:46.741159,(2(0)-1772394466:741159),GncDeployment.systemResources.NON_VOLATILE_TOTAL,268509186,239362496 KB
2026-03-01T14:47:46.741183,(2(0)-1772394466:741183),ComCcsds.comQueue.comQueueDepth,33554432,['0', '1']
2026-03-01T14:47:46.741186,(2(0)-1772394466:741186),ComCcsds.comQueue.buffQueueDepth,33554433,['0']
2026-03-01T14:47:47.746100,(2(0)-1772394467:746100),GncDeployment.systemResources.CPU_03,268509192,26.00 percent
2026-03-01T14:47:47.746126,(2(0)-1772394467:746126),GncDeployment.systemResources.CPU_04,268509193,13.86 percent
2026-03-01T14:47:47.746149,(2(0)-1772394467:746149),GncDeployment.systemResources.CPU_05,268509194,6.00 percent
2026-03-01T14:47:47.746174,(2(0)-1772394467:746174),GncDeployment.systemResources.CPU_06,268509195,3.00 percent
2026-03-01T14:47:47.746197,(2(0)-1772394467:746197),GncDeployment.systemResources.CPU_07,268509196,1.00 percent
2026-03-01T14:47:47.746199,(2(0)-1772394467:746199),GncDeployment.systemResources.CPU,268509188,18.36 percent
2026-03-01T14:47:47.746215,(2(0)-1772394467:746215),GncDeployment.systemResources.MEMORY_TOTAL,268509184,4427152 KB
2026-03-01T14:47:47.746217,(2(0)-1772394467:746217),GncDeployment.systemResources.MEMORY_USED,268509185,4344720 KB
2026-03-01T14:47:47.746253,(2(0)-1772394467:746253),GncDeployment.systemResources.NON_VOLATILE_FREE,268509187,136005376 KB
2026-03-01T14:47:47.746255,(2(0)-1772394467:746255),GncDeployment.systemResources.NON_VOLATILE_TOTAL,268509186,239362496 KB
2026-03-01T14:47:47.746948,(2(0)-1772394467:746948),ComCcsds.comQueue.comQueueDepth,33554432,['0', '1']
2026-03-01T14:47:47.746953,(2(0)-1772394467:746953),ComCcsds.comQueue.buffQueueDepth,33554433,['0']
2026-03-01T14:47:47.746050,(2(0)-1772394467:746050),GncDeployment.systemResources.CPU_01,268509190,33.00 percent
2026-03-01T14:47:47.746073,(2(0)-1772394467:746073),GncDeployment.systemResources.CPU_02,268509191,29.00 percent
2026-03-01T14:47:47.746020,(2(0)-1772394467:746020),GncDeployment.systemResources.CPU_00,268509189,35.00 percent
2026-03-01T14:47:48.747955,(2(0)-1772394468:747955),GncDeployment.systemResources.CPU_00,268509189,33.33 percent
2026-03-01T14:47:48.747976,(2(0)-1772394468:747976),GncDeployment.systemResources.CPU_01,268509190,29.29 percent
2026-03-01T14:47:48.747998,(2(0)-1772394468:747998),GncDeployment.systemResources.CPU_02,268509191,26.26 percent
2026-03-01T14:47:48.748015,(2(0)-1772394468:748015),GncDeployment.systemResources.CPU_03,268509192,21.00 percent
2026-03-01T14:47:48.748031,(2(0)-1772394468:748031),GncDeployment.systemResources.CPU_04,268509193,13.00 percent
2026-03-01T14:47:48.748046,(2(0)-1772394468:748046),GncDeployment.systemResources.CPU_05,268509194,5.05 percent
2026-03-01T14:47:48.748062,(2(0)-1772394468:748062),GncDeployment.systemResources.CPU_06,268509195,3.00 percent
2026-03-01T14:47:48.748078,(2(0)-1772394468:748078),GncDeployment.systemResources.CPU_07,268509196,2.00 percent
2026-03-01T14:47:48.748080,(2(0)-1772394468:748080),GncDeployment.systemResources.CPU,268509188,16.62 percent
2026-03-01T14:47:48.748089,(2(0)-1772394468:748089),GncDeployment.systemResources.MEMORY_TOTAL,268509184,4435088 KB
2026-03-01T14:47:48.748091,(2(0)-1772394468:748091),GncDeployment.systemResources.MEMORY_USED,268509185,4358016 KB
2026-03-01T14:47:48.748113,(2(0)-1772394468:748113),GncDeployment.systemResources.NON_VOLATILE_FREE,268509187,136005372 KB
2026-03-01T14:47:48.748114,(2(0)-1772394468:748114),GncDeployment.systemResources.NON_VOLATILE_TOTAL,268509186,239362496 KB
2026-03-01T14:47:48.748141,(2(0)-1772394468:748141),ComCcsds.comQueue.comQueueDepth,33554432,['0', '1']
2026-03-01T14:47:48.748143,(2(0)-1772394468:748143),ComCcsds.comQueue.buffQueueDepth,33554433,['0']
2026-03-01T14:47:49.753226,(2(0)-1772394469:753226),GncDeployment.systemResources.CPU_03,268509192,18.00 percent
2026-03-01T14:47:49.753261,(2(0)-1772394469:753261),GncDeployment.systemResources.CPU_04,268509193,22.22 percent
2026-03-01T14:47:49.753291,(2(0)-1772394469:753291),GncDeployment.systemResources.CPU_05,268509194,10.89 percent
2026-03-01T14:47:49.753321,(2(0)-1772394469:753321),GncDeployment.systemResources.CPU_06,268509195,6.00 percent
2026-03-01T14:47:49.753357,(2(0)-1772394469:753357),GncDeployment.systemResources.CPU_07,268509196,1.98 percent
2026-03-01T14:47:49.753360,(2(0)-1772394469:753360),GncDeployment.systemResources.CPU,268509188,17.23 percent
2026-03-01T14:47:49.753382,(2(0)-1772394469:753382),GncDeployment.systemResources.MEMORY_TOTAL,268509184,4457808 KB
2026-03-01T14:47:49.753385,(2(0)-1772394469:753385),GncDeployment.systemResources.MEMORY_USED,268509185,4380288 KB
2026-03-01T14:47:49.753423,(2(0)-1772394469:753423),GncDeployment.systemResources.NON_VOLATILE_FREE,268509187,136005356 KB
2026-03-01T14:47:49.753425,(2(0)-1772394469:753425),GncDeployment.systemResources.NON_VOLATILE_TOTAL,268509186,239362496 KB
2026-03-01T14:47:49.753462,(2(0)-1772394469:753462),ComCcsds.comQueue.comQueueDepth,33554432,['0', '1']
2026-03-01T14:47:49.753466,(2(0)-1772394469:753466),ComCcsds.comQueue.buffQueueDepth,33554433,['0']
2026-03-01T14:47:49.753144,(2(0)-1772394469:753144),GncDeployment.systemResources.CPU_01,268509190,27.00 percent
2026-03-01T14:47:49.753181,(2(0)-1772394469:753181),GncDeployment.systemResources.CPU_02,268509191,21.78 percent
2026-03-01T14:47:49.753043,(2(0)-1772394469:753043),GncDeployment.systemResources.CPU_00,268509189,30.00 percent
