2026-03-01T15:04:22.318133,(2(0)-1772395462:318133),CdhCore.version.FrameworkVersion,16789504,v4.1.1
2026-03-01T15:04:22.318139,(2(0)-1772395462:318139),CdhCore.version.ProjectVersion,16789505,ef106fd-dirty
2026-03-01T15:04:23.322309,(2(0)-1772395463:322309),GncDeployment.rateGroup2.RgMaxTime,268443648,66 us
2026-03-01T15:04:23.322372,(2(0)-1772395463:322372),GncDeployment.systemResources.CPU_00,268509189,21.86 percent
2026-03-01T15:04:23.322398,(2(0)-1772395463:322398),GncDeployment.systemResources.CPU_01,268509190,20.39 percent
2026-03-01T15:04:23.322421,(2(0)-1772395463:322421),GncDeployment.systemResources.CPU_02,268509191,17.25 percent
2026-03-01T15:04:23.322442,(2(0)-1772395463:322442),GncDeployment.systemResources.CPU_03,268509192,15.05 percent
2026-03-01T15:04:23.322458,(2(0)-1772395463:322458),ComCcsds.commsBufferManager.HiBuffs,33562626,1
2026-03-01T15:04:23.322460,(2(0)-1772395463:322460),ComCcsds.commsBufferManager.CurrBuffs,33562625,1
2026-03-01T15:04:23.322461,(2(0)-1772395463:322461),ComCcsds.commsBufferManager.TotalBuffs,33562624,50
2026-03-01T15:04:23.322461,(2(0)-1772395463:322461),GncDeployment.systemResources.CPU_04,268509193,10.32 percent
2026-03-01T15:04:23.322462,(2(0)-1772395463:322462),ComCcsds.commsBufferManager.NoBuffs,33562627,0
2026-03-01T15:04:23.322486,(2(0)-1772395463:322486),ComCcsds.commsBufferManager.EmptyBuffs,33562628,0
2026-03-01T15:04:23.322489,(2(0)-1772395463:322489),DataProducts.dpBufferManager.HiBuffs,67121154,0
2026-03-01T15:04:23.322490,(2(0)-1772395463:322490),DataProducts.dpBufferManager.CurrBuffs,67121153,0
2026-03-01T15:04:23.322490,(2(0)-1772395463:322490),GncDeployment.systemResources.CPU_05,268509194,8.24 percent
2026-03-01T15:04:23.322494,(2(0)-1772395463:322494),DataProducts.dpBufferManager.TotalBuffs,67121152,10
2026-03-01T15:04:23.322500,(2(0)-1772395463:322500),DataProducts.dpBufferManager.NoBuffs,67121155,0
2026-03-01T15:04:23.322501,(2(0)-1772395463:322501),DataProducts.dpBufferManager.EmptyBuffs,67121156,0
2026-03-01T15:04:23.322519,(2(0)-1772395463:322519),GncDeployment.systemResources.CPU_06,268509195,4.92 percent
2026-03-01T15:04:23.322547,(2(0)-1772395463:322547),GncDeployment.systemResources.CPU_07,268509196,3.71 percent
2026-03-01T15:04:23.322621,(2(0)-1772395463:322621),GncDeployment.systemResources.CPU,268509188,12.72 percent
2026-03-01T15:04:23.322634,(2(0)-1772395463:322634),GncDeployment.systemResources.MEMORY_TOTAL,268509184,4268048 KB
2026-03-01T15:04:23.322636,(2(0)-1772395463:322636),GncDeployment.systemResources.MEMORY_USED,268509185,4148240 KB
2026-03-01T15:04:23.322653,(2(0)-1772395463:322653),GncDeployment.systemResources.NON_VOLATILE_FREE,268509187,135993100 KB
2026-03-01T15:04:23.322654,(2(0)-1772395463:322654),GncDeployment.systemResources.NON_VOLATILE_TOTAL,268509186,239362496 KB
2026-03-01T15:04:23.322675,(2(0)-1772395463:322675),GncDeployment.rateGroup1.RgMaxTime,268439552,436 us
2026-03-01T15:04:23.322519,(2(0)-1772395463:322519),GncDeployment.rateGroup3.RgMaxTime,268447744,280 us
2026-03-01T15:04:23.322795,(2(0)-1772395463:322795),ComCcsds.comQueue.comQueueDepth,33554432,['2', '0']
2026-03-01T15:04:23.322798,(2(0)-1772395463:322798),ComCcsds.comQueue.buffQueueDepth,33554433,['0']
2026-03-01T15:04:23.322815,(2(0)-1772395463:322815),DataProducts.dpMgr.NumSuccessfulAllocations,67112960,0
2026-03-01T15:04:23.322816,(2(0)-1772395463:322816),DataProducts.dpMgr.NumFailedAllocations,67112961,0
2026-03-01T15:04:23.322817,(2(0)-1772395463:322817),DataProducts.dpMgr.NumDataProducts,67112962,0
2026-03-01T15:04:23.322818,(2(0)-1772395463:322818),DataProducts.dpMgr.NumBytes,67112963,0
2026-03-01T15:04:23.322862,(2(0)-1772395463:322862),DataProducts.dpWriter.NumBuffersReceived,67117056,0
2026-03-01T15:04:23.322874,(2(0)-1772395463:322874),DataProducts.dpWriter.NumBytesWritten,67117057,0
2026-03-01T15:04:23.322875,(2(0)-1772395463:322875),DataProducts.dpWriter.NumSuccessfulWrites,67117058,0
2026-03-01T15:04:23.322876,(2(0)-1772395463:322876),DataProducts.dpWriter.NumFailedWrites,67117059,0
2026-03-01T15:04:23.322877,(2(0)-1772395463:322877),DataProducts.dpWriter.NumErrors,67117060,0
2026-03-01T15:04:25.332269,(2(0)-1772395465:332269),GncDeployment.systemResources.CPU_00,268509189,36.36 percent
2026-03-01T15:04:24.327559,(2(0)-1772395464:327559),GncDeployment.systemResources.CPU_01,268509190,54.00 percent
2026-03-01T15:04:24.327579,(2(0)-1772395464:327579),GncDeployment.systemResources.CPU_02,268509191,48.48 percent
2026-03-01T15:04:24.327605,(2(0)-1772395464:327605),GncDeployment.systemResources.CPU_03,268509192,47.52 percent
2026-03-01T15:04:24.327626,(2(0)-1772395464:327626),GncDeployment.systemResources.CPU_04,268509193,25.00 percent
2026-03-01T15:04:24.327649,(2(0)-1772395464:327649),GncDeployment.systemResources.CPU_05,268509194,28.00 percent
2026-03-01T15:04:24.327670,(2(0)-1772395464:327670),GncDeployment.systemResources.CPU_06,268509195,17.17 percent
2026-03-01T15:04:24.327701,(2(0)-1772395464:327701),GncDeployment.systemResources.CPU_07,268509196,14.00 percent
2026-03-01T15:04:24.327704,(2(0)-1772395464:327704),GncDeployment.systemResources.CPU,268509188,36.02 percent
2026-03-01T15:04:24.327722,(2(0)-1772395464:327722),GncDeployment.systemResources.MEMORY_TOTAL,268509184,4288976 KB
2026-03-01T15:04:24.327723,(2(0)-1772395464:327723),GncDeployment.systemResources.MEMORY_USED,268509185,4164240 KB
2026-03-01T15:04:24.327760,(2(0)-1772395464:327760),GncDeployment.systemResources.NON_VOLATILE_FREE,268509187,135992732 KB
2026-03-01T15:04:24.327761,(2(0)-1772395464:327761),GncDeployment.systemResources.NON_VOLATILE_TOTAL,268509186,239362496 KB
2026-03-01T15:04:24.327792,(2(0)-1772395464:327792),ComCcsds.comQueue.comQueueDepth,33554432,['0', '1']
2026-03-01T15:04:24.327794,(2(0)-1772395464:327794),ComCcsds.comQueue.buffQueueDepth,33554433,['0']
2026-03-01T15:04:25.332496,(2(0)-1772395465:332496),GncDeployment.systemResources.CPU_07,268509196,10.89 percent
2026-03-01T15:04:25.332497,(2(0)-1772395465:332497),GncDeployment.systemResources.CPU,268509188,24.35 percent
2026-03-01T15:04:25.332510,(2(0)-1772395465:332510),GncDeployment.systemResources.MEMORY_TOTAL,268509184,4291600 KB
2026-03-01T15:04:25.332511,(2(0)-1772395465:332511),GncDeployment.systemResources.MEMORY_USED,268509185,4180384 KB
2026-03-01T15:04:25.332527,(2(0)-1772395465:332527),GncDeployment.systemResources.NON_VOLATILE_FREE,268509187,135992720 KB
2026-03-01T15:04:25.332528,(2(0)-1772395465:332528),GncDeployment.systemResources.NON_VOLATILE_TOTAL,268509186,239362496 KB
2026-03-01T15:04:25.332548,(2(0)-1772395465:332548),ComCcsds.comQueue.comQueueDepth,33554432,['0', '1']
2026-03-01T15:04:25.332551,(2(0)-1772395465:332551),ComCcsds.comQueue.buffQueueDepth,33554433,['0']
2026-03-01T15:04:25.332324,(2(0)-1772395465:332324),GncDeployment.systemResources.CPU_01,268509190,32.00 percent
2026-03-01T15:04:25.332399,(2(0)-1772395465:332399),GncDeployment.systemResources.CPU_02,268509191,28.00 percent
2026-03-01T15:04:25.332422,(2(0)-1772395465:332422),GncDeployment.systemResources.CPU_03,268509192,26.00 percent
2026-03-01T15:04:25.332443,(2(0)-1772395465:332443),GncDeployment.systemResources.CPU_04,268509193,36.63 percent
2026-03-01T15:04:25.332461,(2(0)-1772395465:332461),GncDeployment.systemResources.CPU_05,268509194,11.88 percent
2026-03-01T15:04:25.332479,(2(0)-1772395465:332479),GncDeployment.systemResources.CPU_06,268509195,13.00 percent
2026-03-01T15:04:26.337206,(2(0)-1772395466:337206),GncDeployment.systemResources.CPU_00,268509189,51.00 percent
2026-03-01T15:04:27.340852,(2(0)-1772395467:340852),GncDeployment.rateGroup2.RgMaxTime,268443648,74 us
2026-03-01T15:04:27.340861,(2(0)-1772395467:340861),GncDeployment.systemResources.CPU_00,268509189,47.47 percent
2026-03-01T15:04:27.340889,(2(0)-1772395467:340889),GncDeployment.systemResources.CPU_01,268509190,43.88 percent
2026-03-01T15:04:26.337344,(2(0)-1772395466:337344),GncDeployment.systemResources.CPU_02,268509191,47.00 percent
2026-03-01T15:04:26.337359,(2(0)-1772395466:337359),GncDeployment.systemResources.CPU_03,268509192,44.00 percent
2026-03-01T15:04:26.337373,(2(0)-1772395466:337373),GncDeployment.systemResources.CPU_04,268509193,57.58 percent
2026-03-01T15:04:26.337386,(2(0)-1772395466:337386),GncDeployment.systemResources.CPU_05,268509194,62.63 percent
2026-03-01T15:04:26.337400,(2(0)-1772395466:337400),GncDeployment.systemResources.CPU_06,268509195,48.00 percent
2026-03-01T15:04:26.337415,(2(0)-1772395466:337415),GncDeployment.systemResources.CPU_07,268509196,37.00 percent
2026-03-01T15:04:26.337417,(2(0)-1772395466:337417),GncDeployment.systemResources.CPU,268509188,49.53 percent
2026-03-01T15:04:26.337425,(2(0)-1772395466:337425),GncDeployment.systemResources.MEMORY_TOTAL,268509184,4210896 KB
2026-03-01T15:04:26.337426,(2(0)-1772395466:337426),GncDeployment.systemResources.MEMORY_USED,268509185,4027088 KB
2026-03-01T15:04:26.337441,(2(0)-1772395466:337441),GncDeployment.systemResources.NON_VOLATILE_FREE,268509187,135992196 KB
2026-03-01T15:04:26.337442,(2(0)-1772395466:337442),GncDeployment.systemResources.NON_VOLATILE_TOTAL,268509186,239362496 KB
2026-03-01T15:04:26.337449,(2(0)-1772395466:337449),ComCcsds.comQueue.comQueueDepth,33554432,['0', '1']
2026-03-01T15:04:26.337451,(2(0)-1772395466:337451),ComCcsds.comQueue.buffQueueDepth,33554433,['0']
2026-03-01T15:04:27.341103,(2(0)-1772395467:341103),GncDeployment.systemResources.CPU_07,268509196,14.14 percent
2026-03-01T15:04:27.341105,(2(0)-1772395467:341105),GncDeployment.systemResources.CPU,268509188,34.79 percent
2026-03-01T15:04:27.341118,(2(0)-1772395467:341118),GncDeployment.systemResources.MEMORY_TOTAL,268509184,4187456 KB
2026-03-01T15:04:27.341120,(2(0)-1772395467:341120),GncDeployment.systemResources.MEMORY_USED,268509185,4030480 KB
2026-03-01T15:04:27.341141,(2(0)-1772395467:341141),GncDeployment.systemResources.NON_VOLATILE_FREE,268509187,135992024 KB
2026-03-01T15:04:27.341143,(2(0)-1772395467:341143),GncDeployment.systemResources.NON_VOLATILE_TOTAL,268509186,239362496 KB
2026-03-01T15:04:27.341179,(2(0)-1772395467:341179),ComCcsds.comQueue.comQueueDepth,33554432,['0', '1']
2026-03-01T15:04:27.341182,(2(0)-1772395467:341182),ComCcsds.comQueue.buffQueueDepth,33554433,['0']
2026-03-01T15:04:27.340915,(2(0)-1772395467:340915),GncDeployment.systemResources.CPU_02,268509191,38.38 percent
2026-03-01T15:04:27.340989,(2(0)-1772395467:340989),GncDeployment.systemResources.CPU_03,268509192,37.37 percent
2026-03-01T15:04:27.341014,(2(0)-1772395467:341014),GncDeployment.systemResources.CPU_04,268509193,31.31 percent
2026-03-01T15:04:27.341035,(2(0)-1772395467:341035),GncDeployment.systemResources.CPU_05,268509194,44.00 percent
2026-03-01T15:04:27.341082,(2(0)-1772395467:341082),GncDeployment.systemResources.CPU_06,268509195,21.78 percent
2026-03-01T15:04:27.340989,(2(0)-1772395467:340989),ComCcsds.commsBufferManager.HiBuffs,33562626,2
2026-03-01T15:04:28.345494,(2(0)-1772395468:345494),GncDeployment.systemResources.CPU_00,268509189,65.00 percent
2026-03-01T15:04:28.345515,(2(0)-1772395468:345515),GncDeployment.systemResources.CPU_01,268509190,62.00 percent
2026-03-01T15:04:28.345530,(2(0)-1772395468:345530),GncDeployment.systemResources.CPU_02,268509191,57.43 percent
2026-03-01T15:04:28.345544,(2(0)-1772395468:345544),GncDeployment.systemResources.CPU_03,268509192,55.00 percent
2026-03-01T15:04:28.345558,(2(0)-1772395468:345558),GncDeployment.systemResources.CPU_04,268509193,23.76 percent
2026-03-01T15:04:28.345573,(2(0)-1772395468:345573),GncDeployment.systemResources.CPU_05,268509194,21.00 percent
2026-03-01T15:04:28.345587,(2(0)-1772395468:345587),GncDeployment.systemResources.CPU_06,268509195,12.87 percent
2026-03-01T15:04:28.345602,(2(0)-1772395468:345602),GncDeployment.systemResources.CPU_07,268509196,10.89 percent
2026-03-01T15:04:28.345603,(2(0)-1772395468:345603),GncDeployment.systemResources.CPU,268509188,38.49 percent
2026-03-01T15:04:28.345613,(2(0)-1772395468:345613),GncDeployment.systemResources.MEMORY_TOTAL,268509184,4158752 KB
2026-03-01T15:04:28.345614,(2(0)-1772395468:345614),GncDeployment.systemResources.MEMORY_USED,268509185,4048448 KB
2026-03-01T15:04:28.345623,(2(0)-1772395468:345623),GncDeployment.systemResources.NON_VOLATILE_FREE,268509187,135991884 KB
2026-03-01T15:04:28.345624,(2(0)-1772395468:345624),GncDeployment.systemResources.NON_VOLATILE_TOTAL,268509186,239362496 KB
2026-03-01T15:04:28.345643,(2(0)-1772395468:345643),ComCcsds.comQueue.comQueueDepth,33554432,['0', '1']
2026-03-01T15:04:28.345645,(2(0)-1772395468:345645),ComCcsds.comQueue.buffQueueDepth,33554433,['0']
2026-03-01T15:04:29.349355,(2(0)-1772395469:349355),GncDeployment.systemResources.CPU_07,268509196,5.00 percent
2026-03-01T15:04:29.349355,(2(0)-1772395469:349355),GncDeployment.systemResources.CPU,268509188,29.45 percent
2026-03-01T15:04:29.349359,(2(0)-1772395469:349359),GncDeployment.systemResources.MEMORY_TOTAL,268509184,4184720 KB
2026-03-01T15:04:29.349359,(2(0)-1772395469:349359),GncDeployment.systemResources.MEMORY_USED,268509185,4033872 KB
2026-03-01T15:04:29.349364,(2(0)-1772395469:349364),GncDeployment.systemResources.NON_VOLATILE_FREE,268509187,136001896 KB
2026-03-01T15:04:29.349365,(2(0)-1772395469:349365),GncDeployment.systemResources.NON_VOLATILE_TOTAL,268509186,239362496 KB
2026-03-01T15:04:29.349370,(2(0)-1772395469:349370),ComCcsds.comQueue.comQueueDepth,33554432,['0', '1']
2026-03-01T15:04:29.349371,(2(0)-1772395469:349371),ComCcsds.comQueue.buffQueueDepth,33554433,['0']
2026-03-01T15:04:29.349321,(2(0)-1772395469:349321),GncDeployment.systemResources.CPU_01,268509190,45.00 percent
2026-03-01T15:04:29.349326,(2(0)-1772395469:349326),GncDeployment.systemResources.CPU_02,268509191,38.78 percent
2026-03-01T15:04:29.349332,(2(0)-1772395469:349332),GncDeployment.systemResources.CPU_03,268509192,36.00 percent
2026-03-01T15:04:29.349338,(2(0)-1772395469:349338),GncDeployment.systemResources.CPU_04,268509193,23.23 percent
2026-03-01T15:04:29.349344,(2(0)-1772395469:349344),GncDeployment.systemResources.CPU_05,268509194,27.00 percent
2026-03-01T15:04:29.349350,(2(0)-1772395469:349350),GncDeployment.systemResources.CPU_06,268509195,9.09 percent
2026-03-01T15:04:29.349310,(2(0)-1772395469:349310),GncDeployment.systemResources.CPU_00,268509189,51.52 percent
2026-03-01T15:04:30.352539,(2(0)-1772395470:352539),GncDeployment.systemResources.CPU_00,268509189,41.41 percent
2026-03-01T15:04:30.352593,(2(0)-1772395470:352593),GncDeployment.systemResources.CPU_01,268509190,39.00 percent
2026-03-01T15:04:30.352605,(2(0)-1772395470:352605),GncDeployment.systemResources.CPU_02,268509191,35.64 percent
2026-03-01T15:04:30.352616,(2(0)-1772395470:352616),GncDeployment.systemResources.CPU_03,268509192,29.29 percent
2026-03-01T15:04:30.352626,(2(0)-1772395470:352626),GncDeployment.systemResources.CPU_04,268509193,31.00 percent
2026-03-01T15:04:30.352638,(2(0)-1772395470:352638),GncDeployment.systemResources.CPU_05,268509194,24.00 percent
2026-03-01T15:04:30.352648,(2(0)-1772395470:352648),GncDeployment.systemResources.CPU_06,268509195,15.00 percent
2026-03-01T15:04:30.352657,(2(0)-1772395470:352657),GncDeployment.systemResources.CPU_07,268509196,4.00 percent
2026-03-01T15:04:30.352658,(2(0)-1772395470:352658),GncDeployment.systemResources.CPU,268509188,27.42 percent
2026-03-01T15:04:30.352664,(2(0)-1772395470:352664),GncDeployment.systemResources.MEMORY_TOTAL,268509184,4237488 KB
2026-03-01T15:04:30.352665,(2(0)-1772395470:352665),GncDeployment.systemResources.MEMORY_USED,268509185,4070400 KB
2026-03-01T15:04:30.352680,(2(0)-1772395470:352680),GncDeployment.systemResources.NON_VOLATILE_FREE,268509187,136001844 KB
2026-03-01T15:04:30.352680,(2(0)-1772395470:352680),GncDeployment.systemResources.NON_VOLATILE_TOTAL,268509186,239362496 KB
2026-03-01T15:04:30.352693,(2(0)-1772395470:352693),ComCcsds.comQueue.comQueueDepth,33554432,['0', '1']
2026-03-01T15:04:30.352696,(2(0)-1772395470:352696),ComCcsds.comQueue.buffQueueDepth,33554433,['0']
2026-03-01T15:04:31.356427,(2(0)-1772395471:356427),GncDeployment.systemResources.CPU_07,268509196,4.95 percent
2026-03-01T15:04:31.356428,(2(0)-1772395471:356428),GncDeployment.systemResources.CPU,268509188,21.32 percent
2026-03-01T15:04:31.356437,(2(0)-1772395471:356437),GncDeployment.systemResources.MEMORY_TOTAL,268509184,4247088 KB
2026-03-01T15:04:31.356439,(2(0)-1772395471:356439),GncDeployment.systemResources.MEMORY_USED,268509185,4078000 KB
2026-03-01T15:04:31.356456,(2(0)-1772395471:356456),GncDeployment.systemResources.NON_VOLATILE_FREE,268509187,136001824 KB
2026-03-01T15:04:31.356457,(2(0)-1772395471:356457),GncDeployment.systemResources.NON_VOLATILE_TOTAL,268509186,239362496 KB
2026-03-01T15:04:31.356478,(2(0)-1772395471:356478),ComCcsds.comQueue.comQueueDepth,33554432,['0', '1']
2026-03-01T15:04:31.356480,(2(0)-1772395471:356480),ComCcsds.comQueue.buffQueueDepth,33554433,['0']
2026-03-01T15:04:31.356338,(2(0)-1772395471:356338),GncDeployment.systemResources.CPU_01,268509190,29.29 percent
2026-03-01T15:04:31.356355,(2(0)-1772395471:356355),GncDeployment.systemResources.CPU_02,268509191,27.27 percent
2026-03-01T15:04:31.356371,(2(0)-1772395471:356371),GncDeployment.systemResources.CPU_03,268509192,24.24 percent
2026-03-01T15:04:31.356385,(2(0)-1772395471:356385),GncDeployment.systemResources.CPU_04,268509193,27.00 percent
2026-03-01T15:04:31.356399,(2(0)-1772395471:356399),GncDeployment.systemResources.CPU_05,268509194,16.83 percent
2026-03-01T15:04:31.356414,(2(0)-1772395471:356414),GncDeployment.systemResources.CPU_06,268509195,9.00 percent
2026-03-01T15:04:31.356284,(2(0)-1772395471:356284),GncDeployment.systemResources.CPU_00,268509189,32.00 percent
2026-03-01T15:04:33.362777,(2(0)-1772395473:362777),GncDeployment.rateGroup2.RgMaxTime,268443648,607 us
2026-03-01T15:04:33.362474,(2(0)-1772395473:362474),GncDeployment.systemResources.CPU_00,268509189,31.00 percent
2026-03-01T15:04:33.362510,(2(0)-1772395473:362510),GncDeployment.systemResources.CPU_01,268509190,28.00 percent
2026-03-01T15:04:33.362532,(2(0)-1772395473:362532),GncDeployment.systemResources.CPU_02,268509191,26.26 percent
2026-03-01T15:04:33.362554,(2(0)-1772395473:362554),GncDeployment.systemResources.CPU_03,268509192,23.76 percent
2026-03-01T15:04:33.362576,(2(0)-1772395473:362576),GncDeployment.systemResources.CPU_04,268509193,24.00 percent
2026-03-01T15:04:33.362597,(2(0)-1772395473:362597),GncDeployment.systemResources.CPU_05,268509194,18.00 percent
2026-03-01T15:04:33.362614,(2(0)-1772395473:362614),GncDeployment.systemResources.CPU_06,268509195,9.09 percent
2026-03-01T15:04:33.362635,(2(0)-1772395473:362635),GncDeployment.systemResources.CPU_07,268509196,5.00 percent
2026-03-01T15:04:33.362637,(2(0)-1772395473:362637),GncDeployment.systemResources.CPU,268509188,20.64 percent
2026-03-01T15:04:33.362650,(2(0)-1772395473:362650),GncDeployment.systemResources.MEMORY_TOTAL,268509184,4214176 KB
2026-03-01T15:04:33.362652,(2(0)-1772395473:362652),GncDeployment.systemResources.MEMORY_USED,268509185,4055408 KB
2026-03-01T15:04:33.362675,(2(0)-1772395473:362675),GncDeployment.systemResources.NON_VOLATILE_FREE,268509187,136001552 KB
2026-03-01T15:04:33.362677,(2(0)-1772395473:362677),GncDeployment.systemResources.NON_VOLATILE_TOTAL,268509186,239362496 KB
2026-03-01T15:04:33.363547,(2(0)-1772395473:363547),ComCcsds.comQueue.comQueueDepth,33554432,['0', '0']
2026-03-01T15:04:33.363551,(2(0)-1772395473:363551),ComCcsds.comQueue.buffQueueDepth,33554433,['0']
2026-03-01T15:04:33.362697,(2(0)-1772395473:362697),GncDeployment.rateGroup1.RgMaxTime,268439552,526 us
2026-03-01T15:04:35.369583,(2(0)-1772395475:369583),GncDeployment.systemResources.CPU_00,268509189,50.00 percent
2026-03-01T15:04:35.369606,(2(0)-1772395475:369606),GncDeployment.systemResources.CPU_01,268509190,51.00 percent
2026-03-01T15:04:35.369631,(2(0)-1772395475:369631),GncDeployment.systemResources.CPU_02,268509191,43.43 percent
2026-03-01T15:04:35.369645,(2(0)-1772395475:369645),GncDeployment.systemResources.CPU_03,268509192,41.41 percent
2026-03-01T15:04:35.369661,(2(0)-1772395475:369661),GncDeployment.systemResources.CPU_04,268509193,20.00 percent
2026-03-01T15:04:35.369680,(2(0)-1772395475:369680),GncDeployment.systemResources.CPU_05,268509194,9.09 percent
2026-03-01T15:04:35.369694,(2(0)-1772395475:369694),GncDeployment.systemResources.CPU_06,268509195,4.95 percent
2026-03-01T15:04:35.369711,(2(0)-1772395475:369711),GncDeployment.systemResources.CPU_07,268509196,2.00 percent
2026-03-01T15:04:35.369713,(2(0)-1772395475:369713),GncDeployment.systemResources.CPU,268509188,27.74 percent
2026-03-01T15:04:34.368113,(2(0)-1772395474:368113),GncDeployment.systemResources.MEMORY_TOTAL,268509184,4204640 KB
2026-03-01T15:04:34.368115,(2(0)-1772395474:368115),GncDeployment.systemResources.MEMORY_USED,268509185,4065776 KB
2026-03-01T15:04:34.368135,(2(0)-1772395474:368135),GncDeployment.systemResources.NON_VOLATILE_FREE,268509187,136002344 KB
2026-03-01T15:04:34.368137,(2(0)-1772395474:368137),GncDeployment.systemResources.NON_VOLATILE_TOTAL,268509186,239362496 KB
2026-03-01T15:04:34.368164,(2(0)-1772395474:368164),ComCcsds.comQueue.comQueueDepth,33554432,['0', '1']
2026-03-01T15:04:34.368167,(2(0)-1772395474:368167),ComCcsds.comQueue.buffQueueDepth,33554433,['0']
2026-03-01T15:04:35.369726,(2(0)-1772395475:369726),GncDeployment.systemResources.MEMORY_TOTAL,268509184,4167040 KB
2026-03-01T15:04:35.369750,(2(0)-1772395475:369750),GncDeployment.systemResources.MEMORY_USED,268509185,4052416 KB
2026-03-01T15:04:35.369773,(2(0)-1772395475:369773),GncDeployment.systemResources.NON_VOLATILE_FREE,268509187,136001356 KB
2026-03-01T15:04:35.369775,(2(0)-1772395475:369775),GncDeployment.systemResources.NON_VOLATILE_TOTAL,268509186,239362496 KB
2026-03-01T15:04:35.369792,(2(0)-1772395475:369792),ComCcsds.comQueue.comQueueDepth,33554432,['0', '0']
2026-03-01T15:04:35.369803,(2(0)-1772395475:369803),ComCcsds.comQueue.buffQueueDepth,33554433,['0']
2026-03-01T15:04:36.370410,(2(0)-1772395476:370410),GncDeployment.systemResources.CPU_00,268509189,41.00 percent
2026-03-01T15:04:36.370438,(2(0)-1772395476:370438),GncDeployment.systemResources.CPU_01,268509190,37.37 percent
2026-03-01T15:04:36.370453,(2(0)-1772395476:370453),GncDeployment.systemResources.CPU_02,268509191,36.00 percent
2026-03-01T15:04:36.370468,(2(0)-1772395476:370468),GncDeployment.systemResources.CPU_03,268509192,31.00 percent
2026-03-01T15:04:36.370486,(2(0)-1772395476:370486),GncDeployment.systemResources.CPU_04,268509193,23.00 percent
2026-03-01T15:04:36.370504,(2(0)-1772395476:370504),GncDeployment.systemResources.CPU_05,268509194,7.92 percent
2026-03-01T15:04:36.370522,(2(0)-1772395476:370522),GncDeployment.systemResources.CPU_06,268509195,6.00 percent
2026-03-01T15:04:36.370535,(2(0)-1772395476:370535),GncDeployment.systemResources.CPU_07,268509196,2.00 percent
2026-03-01T15:04:36.370537,(2(0)-1772395476:370537),GncDeployment.systemResources.CPU,268509188,23.04 percent
2026-03-01T15:04:36.370548,(2(0)-1772395476:370548),GncDeployment.systemResources.MEMORY_TOTAL,268509184,4152320 KB
2026-03-01T15:04:36.370549,(2(0)-1772395476:370549),GncDeployment.systemResources.MEMORY_USED,268509185,4027312 KB
2026-03-01T15:04:36.370576,(2(0)-1772395476:370576),GncDeployment.systemResources.NON_VOLATILE_FREE,268509187,136001616 KB
2026-03-01T15:04:36.370577,(2(0)-1772395476:370577),GncDeployment.systemResources.NON_VOLATILE_TOTAL,268509186,239362496 KB
2026-03-01T15:04:36.370600,(2(0)-1772395476:370600),ComCcsds.comQueue.comQueueDepth,33554432,['0', '1']
2026-03-01T15:04:36.370603,(2(0)-1772395476:370603),ComCcsds.comQueue.buffQueueDepth,33554433,['0']
2026-03-01T15:04:37.371113,(2(0)-1772395477:371113),GncDeployment.systemResources.CPU_07,268509196,2.00 percent
2026-03-01T15:04:37.371115,(2(0)-1772395477:371115),GncDeployment.systemResources.CPU,268509188,19.51 percent
2026-03-01T15:04:37.371125,(2(0)-1772395477:371125),GncDeployment.systemResources.MEMORY_TOTAL,268509184,4165456 KB
2026-03-01T15:04:37.371126,(2(0)-1772395477:371126),GncDeployment.systemResources.MEMORY_USED,268509185,4033328 KB
2026-03-01T15:04:37.371151,(2(0)-1772395477:371151),GncDeployment.systemResources.NON_VOLATILE_FREE,268509187,136000376 KB
2026-03-01T15:04:37.371152,(2(0)-1772395477:371152),GncDeployment.systemResources.NON_VOLATILE_TOTAL,268509186,239362496 KB
2026-03-01T15:04:37.371178,(2(0)-1772395477:371178),ComCcsds.comQueue.comQueueDepth,33554432,['0', '1']
2026-03-01T15:04:37.371181,(2(0)-1772395477:371181),ComCcsds.comQueue.buffQueueDepth,33554433,['0']
2026-03-01T15:04:37.371020,(2(0)-1772395477:371020),GncDeployment.systemResources.CPU_01,268509190,34.34 percent
2026-03-01T15:04:37.371038,(2(0)-1772395477:371038),GncDeployment.systemResources.CPU_02,268509191,31.31 percent
2026-03-01T15:04:37.371055,(2(0)-1772395477:371055),GncDeployment.systemResources.CPU_03,268509192,26.00 percent
2026-03-01T15:04:37.371070,(2(0)-1772395477:371070),GncDeployment.systemResources.CPU_04,268509193,15.00 percent
2026-03-01T15:04:37.371085,(2(0)-1772395477:371085),GncDeployment.systemResources.CPU_05,268509194,7.00 percent
2026-03-01T15:04:37.371099,(2(0)-1772395477:371099),GncDeployment.systemResources.CPU_06,268509195,3.03 percent
2026-03-01T15:04:37.370997,(2(0)-1772395477:370997),GncDeployment.systemResources.CPU_00,268509189,37.37 percent
2026-03-01T15:04:39.374473,(2(0)-1772395479:374473),GncDeployment.systemResources.CPU_00,268509189,28.00 percent
2026-03-01T15:04:39.374505,(2(0)-1772395479:374505),GncDeployment.systemResources.CPU_01,268509190,30.00 percent
2026-03-01T15:04:39.374532,(2(0)-1772395479:374532),GncDeployment.systemResources.CPU_02,268509191,23.23 percent
2026-03-01T15:04:39.374556,(2(0)-1772395479:374556),GncDeployment.systemResources.CPU_03,268509192,22.22 percent
2026-03-01T15:04:39.374578,(2(0)-1772395479:374578),GncDeployment.systemResources.CPU_04,268509193,25.25 percent
2026-03-01T15:04:39.374608,(2(0)-1772395479:374608),GncDeployment.systemResources.CPU_05,268509194,11.88 percent
2026-03-01T15:04:39.374635,(2(0)-1772395479:374635),GncDeployment.systemResources.CPU_06,268509195,5.05 percent
2026-03-01T15:04:39.374660,(2(0)-1772395479:374660),GncDeployment.systemResources.CPU_07,268509196,3.00 percent
2026-03-01T15:04:39.374663,(2(0)-1772395479:374663),GncDeployment.systemResources.CPU,268509188,18.58 percent
2026-03-01T15:04:39.374678,(2(0)-1772395479:374678),GncDeployment.systemResources.MEMORY_TOTAL,268509184,4191888 KB
2026-03-01T15:04:39.374681,(2(0)-1772395479:374681),GncDeployment.systemResources.MEMORY_USED,268509185,4079568 KB
2026-03-01T15:04:39.374719,(2(0)-1772395479:374719),GncDeployment.systemResources.NON_VOLATILE_FREE,268509187,136000360 KB
2026-03-01T15:04:39.374721,(2(0)-1772395479:374721),GncDeployment.systemResources.NON_VOLATILE_TOTAL,268509186,239362496 KB
2026-03-01T15:04:39.374844,(2(0)-1772395479:374844),ComCcsds.comQueue.comQueueDepth,33554432,['0', '0']
2026-03-01T15:04:39.374847,(2(0)-1772395479:374847),ComCcsds.comQueue.buffQueueDepth,33554433,['0']
2026-03-01T15:04:39.374817,(2(0)-1772395479:374817),GncDeployment.rateGroup3.RgMaxTime,268447744,541 us
2026-03-01T15:04:40.379273,(2(0)-1772395480:379273),GncDeployment.systemResources.CPU_00,268509189,44.00 percent
2026-03-01T15:04:40.379321,(2(0)-1772395480:379321),GncDeployment.systemResources.CPU_01,268509190,44.44 percent
2026-03-01T15:04:40.379347,(2(0)-1772395480:379347),GncDeployment.systemResources.CPU_02,268509191,39.39 percent
2026-03-01T15:04:40.379365,(2(0)-1772395480:379365),GncDeployment.systemResources.CPU_03,268509192,36.73 percent
2026-03-01T15:04:40.379383,(2(0)-1772395480:379383),GncDeployment.systemResources.CPU_04,268509193,38.38 percent
2026-03-01T15:04:40.379400,(2(0)-1772395480:379400),GncDeployment.systemResources.CPU_05,268509194,29.29 percent
2026-03-01T15:04:40.379417,(2(0)-1772395480:379417),GncDeployment.systemResources.CPU_06,268509195,21.00 percent
2026-03-01T15:04:40.379436,(2(0)-1772395480:379436),GncDeployment.systemResources.CPU_07,268509196,17.65 percent
2026-03-01T15:04:40.379440,(2(0)-1772395480:379440),GncDeployment.systemResources.CPU,268509188,33.86 percent
2026-03-01T15:04:40.379459,(2(0)-1772395480:379459),GncDeployment.systemResources.MEMORY_TOTAL,268509184,4224800 KB
2026-03-01T15:04:40.379461,(2(0)-1772395480:379461),GncDeployment.systemResources.MEMORY_USED,268509185,4103376 KB
2026-03-01T15:04:40.379478,(2(0)-1772395480:379478),GncDeployment.systemResources.NON_VOLATILE_FREE,268509187,136000232 KB
2026-03-01T15:04:40.379479,(2(0)-1772395480:379479),GncDeployment.systemResources.NON_VOLATILE_TOTAL,268509186,239362496 KB
2026-03-01T15:04:40.379515,(2(0)-1772395480:379515),ComCcsds.comQueue.comQueueDepth,33554432,['0', '1']
2026-03-01T15:04:40.379525,(2(0)-1772395480:379525),ComCcsds.comQueue.buffQueueDepth,33554433,['0']
2026-03-01T15:04:41.384465,(2(0)-1772395481:384465),GncDeployment.systemResources.CPU_07,268509196,5.05 percent
2026-03-01T15:04:41.384467,(2(0)-1772395481:384467),GncDeployment.systemResources.CPU,268509188,21.06 percent
2026-03-01T15:04:41.384480,(2(0)-1772395481:384480),GncDeployment.systemResources.MEMORY_TOTAL,268509184,4230976 KB
2026-03-01T15:04:41.384482,(2(0)-1772395481:384482),GncDeployment.systemResources.MEMORY_USED,268509185,4112144 KB
2026-03-01T15:04:41.384511,(2(0)-1772395481:384511),GncDeployment.systemResources.NON_VOLATILE_FREE,268509187,136000212 KB
2026-03-01T15:04:41.384512,(2(0)-1772395481:384512),GncDeployment.systemResources.NON_VOLATILE_TOTAL,268509186,239362496 KB
2026-03-01T15:04:41.384536,(2(0)-1772395481:384536),ComCcsds.comQueue.comQueueDepth,33554432,['0', '1']
2026-03-01T15:04:41.384540,(2(0)-1772395481:384540),ComCcsds.comQueue.buffQueueDepth,33554433,['0']
2026-03-01T15:04:41.384345,(2(0)-1772395481:384345),GncDeployment.systemResources.CPU_01,268509190,27.00 percent
2026-03-01T15:04:41.384365,(2(0)-1772395481:384365),GncDeployment.systemResources.CPU_02,268509191,21.00 percent
2026-03-01T15:04:41.384384,(2(0)-1772395481:384384),GncDeployment.systemResources.CPU_03,268509192,19.00 percent
2026-03-01T15:04:41.384400,(2(0)-1772395481:384400),GncDeployment.systemResources.CPU_04,268509193,35.00 percent
2026-03-01T15:04:41.384420,(2(0)-1772395481:384420),GncDeployment.systemResources.CPU_05,268509194,21.00 percent
2026-03-01T15:04:41.384445,(2(0)-1772395481:384445),GncDeployment.systemResources.CPU_06,268509195,12.87 percent
2026-03-01T15:04:42.388930,(2(0)-1772395482:388930),GncDeployment.systemResources.CPU_00,268509189,44.00 percent
2026-03-01T15:04:43.394042,(2(0)-1772395483:394042),GncDeployment.systemResources.CPU_00,268509189,67.00 percent
2026-03-01T15:04:43.394065,(2(0)-1772395483:394065),GncDeployment.systemResources.CPU_01,268509190,63.64 percent
2026-03-01T15:04:43.394083,(2(0)-1772395483:394083),GncDeployment.systemResources.CPU_02,268509191,59.41 percent
2026-03-01T15:04:43.394100,(2(0)-1772395483:394100),GncDeployment.systemResources.CPU_03,268509192,55.00 percent
2026-03-01T15:04:43.394118,(2(0)-1772395483:394118),GncDeployment.systemResources.CPU_04,268509193,29.70 percent
2026-03-01T15:04:43.394133,(2(0)-1772395483:394133),GncDeployment.systemResources.CPU_05,268509194,23.76 percent
2026-03-01T15:04:43.394148,(2(0)-1772395483:394148),GncDeployment.systemResources.CPU_06,268509195,16.16 percent
2026-03-01T15:04:43.394164,(2(0)-1772395483:394164),GncDeployment.systemResources.CPU_07,268509196,13.86 percent
2026-03-01T15:04:43.394166,(2(0)-1772395483:394166),GncDeployment.systemResources.CPU,268509188,41.07 percent
2026-03-01T15:04:42.389124,(2(0)-1772395482:389124),GncDeployment.systemResources.MEMORY_TOTAL,268509184,4622624 KB
2026-03-01T15:04:42.389126,(2(0)-1772395482:389126),GncDeployment.systemResources.MEMORY_USED,268509185,3904576 KB
2026-03-01T15:04:42.389151,(2(0)-1772395482:389151),GncDeployment.systemResources.NON_VOLATILE_FREE,268509187,136004444 KB
2026-03-01T15:04:42.389152,(2(0)-1772395482:389152),GncDeployment.systemResources.NON_VOLATILE_TOTAL,268509186,239362496 KB
2026-03-01T15:04:42.389179,(2(0)-1772395482:389179),ComCcsds.comQueue.comQueueDepth,33554432,['0', '1']
2026-03-01T15:04:42.389182,(2(0)-1772395482:389182),ComCcsds.comQueue.buffQueueDepth,33554433,['0']
2026-03-01T15:04:43.394180,(2(0)-1772395483:394180),GncDeployment.systemResources.MEMORY_TOTAL,268509184,4708512 KB
2026-03-01T15:04:43.394211,(2(0)-1772395483:394211),GncDeployment.systemResources.MEMORY_USED,268509185,4340288 KB
2026-03-01T15:04:43.394238,(2(0)-1772395483:394238),GncDeployment.systemResources.NON_VOLATILE_FREE,268509187,136004488 KB
2026-03-01T15:04:43.394240,(2(0)-1772395483:394240),GncDeployment.systemResources.NON_VOLATILE_TOTAL,268509186,239362496 KB
2026-03-01T15:04:43.394260,(2(0)-1772395483:394260),ComCcsds.comQueue.comQueueDepth,33554432,['0', '0']
2026-03-01T15:04:43.394275,(2(0)-1772395483:394275),ComCcsds.comQueue.buffQueueDepth,33554433,['0']
2026-03-01T15:04:44.396275,(2(0)-1772395484:396275),GncDeployment.systemResources.CPU_00,268509189,42.42 percent
2026-03-01T15:04:44.396306,(2(0)-1772395484:396306),GncDeployment.systemResources.CPU_01,268509190,43.00 percent
2026-03-01T15:04:44.396327,(2(0)-1772395484:396327),GncDeployment.systemResources.CPU_02,268509191,41.41 percent
2026-03-01T15:04:44.396353,(2(0)-1772395484:396353),GncDeployment.systemResources.CPU_03,268509192,38.38 percent
2026-03-01T15:04:44.396377,(2(0)-1772395484:396377),GncDeployment.systemResources.CPU_04,268509193,6.06 percent
2026-03-01T15:04:44.396397,(2(0)-1772395484:396397),GncDeployment.systemResources.CPU_05,268509194,2.00 percent
2026-03-01T15:04:44.396416,(2(0)-1772395484:396416),GncDeployment.systemResources.CPU_06,268509195,2.97 percent
2026-03-01T15:04:44.396435,(2(0)-1772395484:396435),GncDeployment.systemResources.CPU_07,268509196,0.00 percent
2026-03-01T15:04:44.396437,(2(0)-1772395484:396437),GncDeployment.systemResources.CPU,268509188,22.03 percent
2026-03-01T15:04:44.396455,(2(0)-1772395484:396455),GncDeployment.systemResources.MEMORY_TOTAL,268509184,4710800 KB
2026-03-01T15:04:44.396456,(2(0)-1772395484:396456),GncDeployment.systemResources.MEMORY_USED,268509185,4348192 KB
2026-03-01T15:04:44.396491,(2(0)-1772395484:396491),GncDeployment.systemResources.NON_VOLATILE_FREE,268509187,136004372 KB
2026-03-01T15:04:44.396493,(2(0)-1772395484:396493),GncDeployment.systemResources.NON_VOLATILE_TOTAL,268509186,239362496 KB
2026-03-01T15:04:44.396514,(2(0)-1772395484:396514),ComCcsds.comQueue.comQueueDepth,33554432,['0', '1']
2026-03-01T15:04:44.396517,(2(0)-1772395484:396517),ComCcsds.comQueue.buffQueueDepth,33554433,['0']
2026-03-01T15:04:45.401457,(2(0)-1772395485:401457),GncDeployment.systemResources.CPU_07,268509196,1.98 percent
2026-03-01T15:04:45.401459,(2(0)-1772395485:401459),GncDeployment.systemResources.CPU,268509188,13.97 percent
2026-03-01T15:04:45.401476,(2(0)-1772395485:401476),GncDeployment.systemResources.MEMORY_TOTAL,268509184,4715216 KB
2026-03-01T15:04:45.401478,(2(0)-1772395485:401478),GncDeployment.systemResources.MEMORY_USED,268509185,4356112 KB
2026-03-01T15:04:45.401510,(2(0)-1772395485:401510),GncDeployment.systemResources.NON_VOLATILE_FREE,268509187,136004348 KB
2026-03-01T15:04:45.401512,(2(0)-1772395485:401512),GncDeployment.systemResources.NON_VOLATILE_TOTAL,268509186,239362496 KB
2026-03-01T15:04:45.401530,(2(0)-1772395485:401530),ComCcsds.comQueue.comQueueDepth,33554432,['0', '1']
2026-03-01T15:04:45.401533,(2(0)-1772395485:401533),ComCcsds.comQueue.buffQueueDepth,33554433,['0']
2026-03-01T15:04:45.401315,(2(0)-1772395485:401315),GncDeployment.systemResources.CPU_01,268509190,26.00 percent
2026-03-01T15:04:45.401350,(2(0)-1772395485:401350),GncDeployment.systemResources.CPU_02,268509191,23.00 percent
2026-03-01T15:04:45.401372,(2(0)-1772395485:401372),GncDeployment.systemResources.CPU_03,268509192,20.79 percent
2026-03-01T15:04:45.401396,(2(0)-1772395485:401396),GncDeployment.systemResources.CPU_04,268509193,4.00 percent
2026-03-01T15:04:45.401418,(2(0)-1772395485:401418),GncDeployment.systemResources.CPU_05,268509194,2.97 percent
2026-03-01T15:04:45.401438,(2(0)-1772395485:401438),GncDeployment.systemResources.CPU_06,268509195,0.99 percent
2026-03-01T15:04:45.401289,(2(0)-1772395485:401289),GncDeployment.systemResources.CPU_00,268509189,32.00 percent
2026-03-01T15:04:46.402722,(2(0)-1772395486:402722),GncDeployment.systemResources.CPU_00,268509189,73.00 percent
2026-03-01T15:04:46.402799,(2(0)-1772395486:402799),GncDeployment.systemResources.CPU_01,268509190,69.70 percent
2026-03-01T15:04:46.402821,(2(0)-1772395486:402821),GncDeployment.systemResources.CPU_02,268509191,63.64 percent
2026-03-01T15:04:46.402843,(2(0)-1772395486:402843),GncDeployment.systemResources.CPU_03,268509192,62.24 percent
2026-03-01T15:04:46.402860,(2(0)-1772395486:402860),GncDeployment.systemResources.CPU_04,268509193,16.83 percent
2026-03-01T15:04:46.402878,(2(0)-1772395486:402878),GncDeployment.systemResources.CPU_05,268509194,4.00 percent
2026-03-01T15:04:46.402894,(2(0)-1772395486:402894),GncDeployment.systemResources.CPU_06,268509195,2.02 percent
2026-03-01T15:04:46.402919,(2(0)-1772395486:402919),GncDeployment.systemResources.CPU_07,268509196,1.00 percent
2026-03-01T15:04:46.402921,(2(0)-1772395486:402921),GncDeployment.systemResources.CPU,268509188,36.55 percent
2026-03-01T15:04:46.402936,(2(0)-1772395486:402936),GncDeployment.systemResources.MEMORY_TOTAL,268509184,4766176 KB
2026-03-01T15:04:46.402937,(2(0)-1772395486:402937),GncDeployment.systemResources.MEMORY_USED,268509185,4430960 KB
2026-03-01T15:04:46.402958,(2(0)-1772395486:402958),GncDeployment.systemResources.NON_VOLATILE_FREE,268509187,136004224 KB
2026-03-01T15:04:46.402960,(2(0)-1772395486:402960),GncDeployment.systemResources.NON_VOLATILE_TOTAL,268509186,239362496 KB
2026-03-01T15:04:46.402975,(2(0)-1772395486:402975),ComCcsds.comQueue.comQueueDepth,33554432,['0', '1']
2026-03-01T15:04:46.402977,(2(0)-1772395486:402977),ComCcsds.comQueue.buffQueueDepth,33554433,['0']
2026-03-01T15:04:47.403033,(2(0)-1772395487:403033),GncDeployment.systemResources.CPU_07,268509196,6.00 percent
2026-03-01T15:04:47.403035,(2(0)-1772395487:403035),GncDeployment.systemResources.CPU,268509188,21.40 percent
2026-03-01T15:04:47.403053,(2(0)-1772395487:403053),GncDeployment.systemResources.MEMORY_TOTAL,268509184,4772976 KB
2026-03-01T15:04:47.403054,(2(0)-1772395487:403054),GncDeployment.systemResources.MEMORY_USED,268509185,4443328 KB
2026-03-01T15:04:47.403090,(2(0)-1772395487:403090),GncDeployment.systemResources.NON_VOLATILE_FREE,268509187,136008020 KB
2026-03-01T15:04:47.403091,(2(0)-1772395487:403091),GncDeployment.systemResources.NON_VOLATILE_TOTAL,268509186,239362496 KB
2026-03-01T15:04:47.403106,(2(0)-1772395487:403106),ComCcsds.comQueue.comQueueDepth,33554432,['0', '1']
2026-03-01T15:04:47.403109,(2(0)-1772395487:403109),ComCcsds.comQueue.buffQueueDepth,33554433,['0']
2026-03-01T15:04:47.402924,(2(0)-1772395487:402924),GncDeployment.systemResources.CPU_01,268509190,34.00 percent
2026-03-01T15:04:47.402945,(2(0)-1772395487:402945),GncDeployment.systemResources.CPU_02,268509191,25.00 percent
2026-03-01T15:04:47.402965,(2(0)-1772395487:402965),GncDeployment.systemResources.CPU_03,268509192,27.72 percent
2026-03-01T15:04:47.402985,(2(0)-1772395487:402985),GncDeployment.systemResources.CPU_04,268509193,21.21 percent
2026-03-01T15:04:47.403003,(2(0)-1772395487:403003),GncDeployment.systemResources.CPU_05,268509194,15.00 percent
2026-03-01T15:04:47.403017,(2(0)-1772395487:403017),GncDeployment.systemResources.CPU_06,268509195,7.92 percent
2026-03-01T15:04:47.402873,(2(0)-1772395487:402873),GncDeployment.systemResources.CPU_00,268509189,34.34 percent
2026-03-01T15:04:48.404190,(2(0)-1772395488:404190),GncDeployment.systemResources.CPU_00,268509189,32.32 percent
2026-03-01T15:04:48.404217,(2(0)-1772395488:404217),GncDeployment.systemResources.CPU_01,268509190,28.00 percent
2026-03-01T15:04:48.404243,(2(0)-1772395488:404243),GncDeployment.systemResources.CPU_02,268509191,25.25 percent
2026-03-01T15:04:48.404261,(2(0)-1772395488:404261),GncDeployment.systemResources.CPU_03,268509192,21.21 percent
2026-03-01T15:04:48.404282,(2(0)-1772395488:404282),GncDeployment.systemResources.CPU_04,268509193,12.00 percent
2026-03-01T15:04:48.404303,(2(0)-1772395488:404303),GncDeployment.systemResources.CPU_05,268509194,4.04 percent
2026-03-01T15:04:48.404323,(2(0)-1772395488:404323),GncDeployment.systemResources.CPU_06,268509195,1.01 percent
2026-03-01T15:04:48.404357,(2(0)-1772395488:404357),GncDeployment.systemResources.CPU_07,268509196,1.00 percent
2026-03-01T15:04:48.404359,(2(0)-1772395488:404359),GncDeployment.systemResources.CPU,268509188,15.60 percent
2026-03-01T15:04:48.404375,(2(0)-1772395488:404375),GncDeployment.systemResources.MEMORY_TOTAL,268509184,4776832 KB
2026-03-01T15:04:48.404376,(2(0)-1772395488:404376),GncDeployment.systemResources.MEMORY_USED,268509185,4451952 KB
2026-03-01T15:04:48.404406,(2(0)-1772395488:404406),GncDeployment.systemResources.NON_VOLATILE_FREE,268509187,136008040 KB
2026-03-01T15:04:48.404408,(2(0)-1772395488:404408),GncDeployment.systemResources.NON_VOLATILE_TOTAL,268509186,239362496 KB
2026-03-01T15:04:48.404435,(2(0)-1772395488:404435),ComCcsds.comQueue.comQueueDepth,33554432,['0', '1']
2026-03-01T15:04:48.404437,(2(0)-1772395488:404437),ComCcsds.comQueue.buffQueueDepth,33554433,['0']
2026-03-01T15:04:49.409527,(2(0)-1772395489:409527),GncDeployment.systemResources.CPU_07,268509196,0.00 percent
2026-03-01T15:04:49.409532,(2(0)-1772395489:409532),GncDeployment.systemResources.CPU,268509188,15.63 percent
2026-03-01T15:04:49.409560,(2(0)-1772395489:409560),GncDeployment.systemResources.MEMORY_TOTAL,268509184,4779472 KB
2026-03-01T15:04:49.409563,(2(0)-1772395489:409563),GncDeployment.systemResources.MEMORY_USED,268509185,4456240 KB
2026-03-01T15:04:49.409599,(2(0)-1772395489:409599),GncDeployment.systemResources.NON_VOLATILE_FREE,268509187,136008036 KB
2026-03-01T15:04:49.409601,(2(0)-1772395489:409601),GncDeployment.systemResources.NON_VOLATILE_TOTAL,268509186,239362496 KB
2026-03-01T15:04:49.409624,(2(0)-1772395489:409624),GncDeployment.rateGroup1.RgMaxTime,268439552,527 us
2026-03-01T15:04:49.409630,(2(0)-1772395489:409630),ComCcsds.comQueue.comQueueDepth,33554432,['0', '1']
2026-03-01T15:04:49.409636,(2(0)-1772395489:409636),ComCcsds.comQueue.buffQueueDepth,33554433,['0']
2026-03-01T15:04:49.409323,(2(0)-1772395489:409323),GncDeployment.systemResources.CPU_01,268509190,28.57 percent
2026-03-01T15:04:49.409368,(2(0)-1772395489:409368),GncDeployment.systemResources.CPU_02,268509191,25.74 percent
2026-03-01T15:04:49.409402,(2(0)-1772395489:409402),GncDeployment.systemResources.CPU_03,268509192,21.78 percent
2026-03-01T15:04:49.409437,(2(0)-1772395489:409437),GncDeployment.systemResources.CPU_04,268509193,9.00 percent
2026-03-01T15:04:49.409468,(2(0)-1772395489:409468),GncDeployment.systemResources.CPU_05,268509194,3.96 percent
2026-03-01T15:04:49.409499,(2(0)-1772395489:409499),GncDeployment.systemResources.CPU_06,268509195,1.98 percent
2026-03-01T15:04:49.409279,(2(0)-1772395489:409279),GncDeployment.systemResources.CPU_00,268509189,34.00 percent
2026-03-01T15:04:50.410697,(2(0)-1772395490:410697),GncDeployment.systemResources.CPU_00,268509189,42.00 percent
2026-03-01T15:04:50.410728,(2(0)-1772395490:410728),GncDeployment.systemResources.CPU_01,268509190,38.61 percent
2026-03-01T15:04:50.410751,(2(0)-1772395490:410751),GncDeployment.systemResources.CPU_02,268509191,33.00 percent
2026-03-01T15:04:50.410770,(2(0)-1772395490:410770),GncDeployment.systemResources.CPU_03,268509192,35.00 percent
2026-03-01T15:04:50.410790,(2(0)-1772395490:410790),GncDeployment.systemResources.CPU_04,268509193,7.00 percent
2026-03-01T15:04:50.410807,(2(0)-1772395490:410807),GncDeployment.systemResources.CPU_05,268509194,5.00 percent
2026-03-01T15:04:50.410826,(2(0)-1772395490:410826),GncDeployment.systemResources.CPU_06,268509195,1.01 percent
2026-03-01T15:04:50.410842,(2(0)-1772395490:410842),GncDeployment.systemResources.CPU_07,268509196,0.99 percent
2026-03-01T15:04:50.410845,(2(0)-1772395490:410845),GncDeployment.systemResources.CPU,268509188,20.33 percent
2026-03-01T15:04:50.410865,(2(0)-1772395490:410865),GncDeployment.systemResources.MEMORY_TOTAL,268509184,4783040 KB
2026-03-01T15:04:50.410866,(2(0)-1772395490:410866),GncDeployment.systemResources.MEMORY_USED,268509185,4491232 KB
2026-03-01T15:04:50.410905,(2(0)-1772395490:410905),GncDeployment.systemResources.NON_VOLATILE_FREE,268509187,136007804 KB
2026-03-01T15:04:50.410906,(2(0)-1772395490:410906),GncDeployment.systemResources.NON_VOLATILE_TOTAL,268509186,239362496 KB
2026-03-01T15:04:50.410925,(2(0)-1772395490:410925),ComCcsds.comQueue.comQueueDepth,33554432,['0', '1']
2026-03-01T15:04:50.410928,(2(0)-1772395490:410928),ComCcsds.comQueue.buffQueueDepth,33554433,['0']
2026-03-01T15:04:51.413843,(2(0)-1772395491:413843),GncDeployment.systemResources.CPU_07,268509196,0.99 percent
2026-03-01T15:04:51.413845,(2(0)-1772395491:413845),GncDeployment.systemResources.CPU,268509188,17.55 percent
2026-03-01T15:04:51.413858,(2(0)-1772395491:413858),GncDeployment.systemResources.MEMORY_TOTAL,268509184,4788768 KB
2026-03-01T15:04:51.413860,(2(0)-1772395491:413860),GncDeployment.systemResources.MEMORY_USED,268509185,4505840 KB
2026-03-01T15:04:51.413892,(2(0)-1772395491:413892),GncDeployment.systemResources.NON_VOLATILE_FREE,268509187,136007800 KB
2026-03-01T15:04:51.413893,(2(0)-1772395491:413893),GncDeployment.systemResources.NON_VOLATILE_TOTAL,268509186,239362496 KB
2026-03-01T15:04:51.413917,(2(0)-1772395491:413917),ComCcsds.comQueue.comQueueDepth,33554432,['0', '1']
2026-03-01T15:04:51.413920,(2(0)-1772395491:413920),ComCcsds.comQueue.buffQueueDepth,33554433,['0']
2026-03-01T15:04:51.413737,(2(0)-1772395491:413737),GncDeployment.systemResources.CPU_01,268509190,33.33 percent
2026-03-01T15:04:51.413755,(2(0)-1772395491:413755),GncDeployment.systemResources.CPU_02,268509191,31.31 percent
2026-03-01T15:04:51.413773,(2(0)-1772395491:413773),GncDeployment.systemResources.CPU_03,268509192,24.49 percent
2026-03-01T15:04:51.413791,(2(0)-1772395491:413791),GncDeployment.systemResources.CPU_04,268509193,6.93 percent
2026-03-01T15:04:51.413808,(2(0)-1772395491:413808),GncDeployment.systemResources.CPU_05,268509194,3.00 percent
2026-03-01T15:04:51.413826,(2(0)-1772395491:413826),GncDeployment.systemResources.CPU_06,268509195,1.98 percent
2026-03-01T15:04:51.413683,(2(0)-1772395491:413683),GncDeployment.systemResources.CPU_00,268509189,38.38 percent
2026-03-01T15:04:52.415016,(2(0)-1772395492:415016),GncDeployment.systemResources.CPU_00,268509189,26.26 percent
2026-03-01T15:04:52.415044,(2(0)-1772395492:415044),GncDeployment.systemResources.CPU_01,268509190,27.27 percent
2026-03-01T15:04:52.415066,(2(0)-1772395492:415066),GncDeployment.systemResources.CPU_02,268509191,23.23 percent
2026-03-01T15:04:52.415083,(2(0)-1772395492:415083),GncDeployment.systemResources.CPU_03,268509192,20.00 percent
2026-03-01T15:04:52.415104,(2(0)-1772395492:415104),GncDeployment.systemResources.CPU_04,268509193,4.00 percent
2026-03-01T15:04:52.415122,(2(0)-1772395492:415122),GncDeployment.systemResources.CPU_05,268509194,1.01 percent
2026-03-01T15:04:52.415139,(2(0)-1772395492:415139),GncDeployment.systemResources.CPU_06,268509195,0.99 percent
2026-03-01T15:04:52.415154,(2(0)-1772395492:415154),GncDeployment.systemResources.CPU_07,268509196,0.00 percent
2026-03-01T15:04:52.415156,(2(0)-1772395492:415156),GncDeployment.systemResources.CPU,268509188,12.85 percent
2026-03-01T15:04:52.415172,(2(0)-1772395492:415172),GncDeployment.systemResources.MEMORY_TOTAL,268509184,4789056 KB
2026-03-01T15:04:52.415174,(2(0)-1772395492:415174),GncDeployment.systemResources.MEMORY_USED,268509185,4506688 KB
2026-03-01T15:04:52.415208,(2(0)-1772395492:415208),GncDeployment.systemResources.NON_VOLATILE_FREE,268509187,136007796 KB
2026-03-01T15:04:52.415210,(2(0)-1772395492:415210),GncDeployment.systemResources.NON_VOLATILE_TOTAL,268509186,239362496 KB
2026-03-01T15:04:52.415236,(2(0)-1772395492:415236),ComCcsds.comQueue.comQueueDepth,33554432,['0', '1']
2026-03-01T15:04:52.415238,(2(0)-1772395492:415238),ComCcsds.comQueue.buffQueueDepth,33554433,['0']
2026-03-01T15:04:53.418955,(2(0)-1772395493:418955),GncDeployment.systemResources.CPU_07,268509196,1.00 percent
2026-03-01T15:04:53.418958,(2(0)-1772395493:418958),GncDeployment.systemResources.CPU,268509188,12.08 percent
2026-03-01T15:04:53.418974,(2(0)-1772395493:418974),GncDeployment.systemResources.MEMORY_TOTAL,268509184,4789952 KB
2026-03-01T15:04:53.418976,(2(0)-1772395493:418976),GncDeployment.systemResources.MEMORY_USED,268509185,4514576 KB
2026-03-01T15:04:53.419016,(2(0)-1772395493:419016),GncDeployment.systemResources.NON_VOLATILE_FREE,268509187,136007792 KB
2026-03-01T15:04:53.419017,(2(0)-1772395493:419017),GncDeployment.systemResources.NON_VOLATILE_TOTAL,268509186,239362496 KB
2026-03-01T15:04:53.419072,(2(0)-1772395493:419072),ComCcsds.comQueue.comQueueDepth,33554432,['0', '1']
2026-03-01T15:04:53.419075,(2(0)-1772395493:419075),ComCcsds.comQueue.buffQueueDepth,33554433,['0']
2026-03-01T15:04:53.418834,(2(0)-1772395493:418834),GncDeployment.systemResources.CPU_01,268509190,21.00 percent
2026-03-01T15:04:53.418857,(2(0)-1772395493:418857),GncDeployment.systemResources.CPU_02,268509191,20.00 percent
2026-03-01T15:04:53.418882,(2(0)-1772395493:418882),GncDeployment.systemResources.CPU_03,268509192,19.00 percent
2026-03-01T15:04:53.418902,(2(0)-1772395493:418902),GncDeployment.systemResources.CPU_04,268509193,4.00 percent
2026-03-01T15:04:53.418920,(2(0)-1772395493:418920),GncDeployment.systemResources.CPU_05,268509194,2.94 percent
2026-03-01T15:04:53.418938,(2(0)-1772395493:418938),GncDeployment.systemResources.CPU_06,268509195,0.00 percent
2026-03-01T15:04:53.418757,(2(0)-1772395493:418757),GncDeployment.systemResources.CPU_00,268509189,28.71 percent
2026-03-01T15:04:55.423974,(2(0)-1772395495:423974),GncDeployment.systemResources.CPU_00,268509189,23.47 percent
2026-03-01T15:04:55.423997,(2(0)-1772395495:423997),GncDeployment.systemResources.CPU_01,268509190,21.00 percent
2026-03-01T15:04:55.424012,(2(0)-1772395495:424012),GncDeployment.systemResources.CPU_02,268509191,13.00 percent
2026-03-01T15:04:55.424027,(2(0)-1772395495:424027),GncDeployment.systemResources.CPU_03,268509192,13.27 percent
2026-03-01T15:04:54.423673,(2(0)-1772395494:423673),GncDeployment.systemResources.CPU_04,268509193,7.00 percent
2026-03-01T15:04:54.423698,(2(0)-1772395494:423698),GncDeployment.systemResources.CPU_05,268509194,3.00 percent
2026-03-01T15:04:54.423722,(2(0)-1772395494:423722),GncDeployment.systemResources.CPU_06,268509195,1.98 percent
2026-03-01T15:04:54.423743,(2(0)-1772395494:423743),GncDeployment.systemResources.CPU_07,268509196,0.00 percent
2026-03-01T15:04:54.423746,(2(0)-1772395494:423746),GncDeployment.systemResources.CPU,268509188,11.11 percent
2026-03-01T15:04:54.423762,(2(0)-1772395494:423762),GncDeployment.systemResources.MEMORY_TOTAL,268509184,4818976 KB
2026-03-01T15:04:54.423763,(2(0)-1772395494:423763),GncDeployment.systemResources.MEMORY_USED,268509185,4560240 KB
2026-03-01T15:04:54.423803,(2(0)-1772395494:423803),GncDeployment.systemResources.NON_VOLATILE_FREE,268509187,136007936 KB
2026-03-01T15:04:54.423804,(2(0)-1772395494:423804),GncDeployment.systemResources.NON_VOLATILE_TOTAL,268509186,239362496 KB
2026-03-01T15:04:54.423820,(2(0)-1772395494:423820),ComCcsds.comQueue.comQueueDepth,33554432,['0', '1']
2026-03-01T15:04:54.423828,(2(0)-1772395494:423828),ComCcsds.comQueue.buffQueueDepth,33554433,['0']
2026-03-01T15:04:55.424111,(2(0)-1772395495:424111),GncDeployment.systemResources.CPU_07,268509196,1.00 percent
2026-03-01T15:04:55.424112,(2(0)-1772395495:424112),GncDeployment.systemResources.CPU,268509188,9.72 percent
2026-03-01T15:04:55.424123,(2(0)-1772395495:424123),GncDeployment.systemResources.MEMORY_TOTAL,268509184,4823056 KB
2026-03-01T15:04:55.424125,(2(0)-1772395495:424125),GncDeployment.systemResources.MEMORY_USED,268509185,4569824 KB
2026-03-01T15:04:55.424145,(2(0)-1772395495:424145),GncDeployment.systemResources.NON_VOLATILE_FREE,268509187,136007920 KB
2026-03-01T15:04:55.424146,(2(0)-1772395495:424146),GncDeployment.systemResources.NON_VOLATILE_TOTAL,268509186,239362496 KB
2026-03-01T15:04:55.424179,(2(0)-1772395495:424179),ComCcsds.comQueue.comQueueDepth,33554432,['0', '1']
2026-03-01T15:04:55.424181,(2(0)-1772395495:424181),ComCcsds.comQueue.buffQueueDepth,33554433,['0']
2026-03-01T15:04:55.424042,(2(0)-1772395495:424042),GncDeployment.systemResources.CPU_04,268509193,3.03 percent
2026-03-01T15:04:55.424080,(2(0)-1772395495:424080),GncDeployment.systemResources.CPU_05,268509194,2.00 percent
2026-03-01T15:04:55.424097,(2(0)-1772395495:424097),GncDeployment.systemResources.CPU_06,268509195,1.00 percent
2026-03-01T15:04:56.428326,(2(0)-1772395496:428326),GncDeployment.systemResources.CPU_00,268509189,26.00 percent
2026-03-01T15:04:56.428350,(2(0)-1772395496:428350),GncDeployment.systemResources.CPU_01,268509190,25.00 percent
2026-03-01T15:04:56.428390,(2(0)-1772395496:428390),GncDeployment.systemResources.CPU_02,268509191,22.00 percent
2026-03-01T15:04:56.428417,(2(0)-1772395496:428417),GncDeployment.systemResources.CPU_03,268509192,19.80 percent
2026-03-01T15:04:56.428434,(2(0)-1772395496:428434),GncDeployment.systemResources.CPU_04,268509193,16.83 percent
2026-03-01T15:04:56.428449,(2(0)-1772395496:428449),GncDeployment.systemResources.CPU_05,268509194,8.00 percent
2026-03-01T15:04:56.428465,(2(0)-1772395496:428465),GncDeployment.systemResources.CPU_06,268509195,5.00 percent
2026-03-01T15:04:56.428485,(2(0)-1772395496:428485),GncDeployment.systemResources.CPU_07,268509196,2.97 percent
2026-03-01T15:04:56.428488,(2(0)-1772395496:428488),GncDeployment.systemResources.CPU,268509188,15.70 percent
2026-03-01T15:04:56.428500,(2(0)-1772395496:428500),GncDeployment.systemResources.MEMORY_TOTAL,268509184,4843584 KB
2026-03-01T15:04:56.428501,(2(0)-1772395496:428501),GncDeployment.systemResources.MEMORY_USED,268509185,4624784 KB
2026-03-01T15:04:56.428523,(2(0)-1772395496:428523),GncDeployment.systemResources.NON_VOLATILE_FREE,268509187,136007776 KB
2026-03-01T15:04:56.428524,(2(0)-1772395496:428524),GncDeployment.systemResources.NON_VOLATILE_TOTAL,268509186,239362496 KB
2026-03-01T15:04:56.428545,(2(0)-1772395496:428545),ComCcsds.comQueue.comQueueDepth,33554432,['0', '1']
2026-03-01T15:04:56.428548,(2(0)-1772395496:428548),ComCcsds.comQueue.buffQueueDepth,33554433,['0']
2026-03-01T15:04:57.432682,(2(0)-1772395497:432682),GncDeployment.systemResources.CPU_07,268509196,2.97 percent
2026-03-01T15:04:57.432683,(2(0)-1772395497:432683),GncDeployment.systemResources.CPU,268509188,15.50 percent
2026-03-01T15:04:57.432698,(2(0)-1772395497:432698),GncDeployment.systemResources.MEMORY_TOTAL,268509184,4849184 KB
2026-03-01T15:04:57.432700,(2(0)-1772395497:432700),GncDeployment.systemResources.MEMORY_USED,268509185,4635168 KB
2026-03-01T15:04:57.432729,(2(0)-1772395497:432729),GncDeployment.systemResources.NON_VOLATILE_FREE,268509187,136007772 KB
2026-03-01T15:04:57.432730,(2(0)-1772395497:432730),GncDeployment.systemResources.NON_VOLATILE_TOTAL,268509186,239362496 KB
2026-03-01T15:04:57.432748,(2(0)-1772395497:432748),ComCcsds.comQueue.comQueueDepth,33554432,['0', '1']
2026-03-01T15:04:57.432751,(2(0)-1772395497:432751),ComCcsds.comQueue.buffQueueDepth,33554433,['0']
2026-03-01T15:04:57.432569,(2(0)-1772395497:432569),GncDeployment.systemResources.CPU_01,268509190,25.25 percent
2026-03-01T15:04:57.432590,(2(0)-1772395497:432590),GncDeployment.systemResources.CPU_02,268509191,20.79 percent
2026-03-01T15:04:57.432609,(2(0)-1772395497:432609),GncDeployment.systemResources.CPU_03,268509192,21.00 percent
2026-03-01T15:04:57.432628,(2(0)-1772395497:432628),GncDeployment.systemResources.CPU_04,268509193,16.00 percent
2026-03-01T15:04:57.432648,(2(0)-1772395497:432648),GncDeployment.systemResources.CPU_05,268509194,6.00 percent
2026-03-01T15:04:57.432665,(2(0)-1772395497:432665),GncDeployment.systemResources.CPU_06,268509195,4.95 percent
2026-03-01T15:04:57.432526,(2(0)-1772395497:432526),GncDeployment.systemResources.CPU_00,268509189,27.00 percent
2026-03-01T15:04:59.439997,(2(0)-1772395499:439997),GncDeployment.systemResources.CPU_00,268509189,32.00 percent
2026-03-01T15:04:59.440025,(2(0)-1772395499:440025),GncDeployment.systemResources.CPU_01,268509190,24.00 percent
2026-03-01T15:04:58.437649,(2(0)-1772395498:437649),GncDeployment.systemResources.CPU_02,268509191,20.20 percent
2026-03-01T15:04:58.437668,(2(0)-1772395498:437668),GncDeployment.systemResources.CPU_03,268509192,24.00 percent
2026-03-01T15:04:58.437687,(2(0)-1772395498:437687),GncDeployment.systemResources.CPU_04,268509193,7.92 percent
2026-03-01T15:04:58.437705,(2(0)-1772395498:437705),GncDeployment.systemResources.CPU_05,268509194,3.00 percent
2026-03-01T15:04:58.437764,(2(0)-1772395498:437764),GncDeployment.systemResources.CPU_06,268509195,0.00 percent
2026-03-01T15:04:58.437779,(2(0)-1772395498:437779),GncDeployment.systemResources.CPU_07,268509196,0.00 percent
2026-03-01T15:04:58.437782,(2(0)-1772395498:437782),GncDeployment.systemResources.CPU,268509188,14.27 percent
2026-03-01T15:04:58.437794,(2(0)-1772395498:437794),GncDeployment.systemResources.MEMORY_TOTAL,268509184,4854112 KB
2026-03-01T15:04:58.437795,(2(0)-1772395498:437795),GncDeployment.systemResources.MEMORY_USED,268509185,4646608 KB
2026-03-01T15:04:58.437822,(2(0)-1772395498:437822),GncDeployment.systemResources.NON_VOLATILE_FREE,268509187,136007768 KB
2026-03-01T15:04:58.437823,(2(0)-1772395498:437823),GncDeployment.systemResources.NON_VOLATILE_TOTAL,268509186,239362496 KB
2026-03-01T15:04:58.437845,(2(0)-1772395498:437845),ComCcsds.comQueue.comQueueDepth,33554432,['0', '1']
2026-03-01T15:04:58.437848,(2(0)-1772395498:437848),ComCcsds.comQueue.buffQueueDepth,33554433,['0']
2026-03-01T15:04:59.440155,(2(0)-1772395499:440155),GncDeployment.systemResources.CPU_07,268509196,0.00 percent
2026-03-01T15:04:59.440157,(2(0)-1772395499:440157),GncDeployment.systemResources.CPU,268509188,14.77 percent
2026-03-01T15:04:59.440169,(2(0)-1772395499:440169),GncDeployment.systemResources.MEMORY_TOTAL,268509184,4855152 KB
2026-03-01T15:04:59.440171,(2(0)-1772395499:440171),GncDeployment.systemResources.MEMORY_USED,268509185,4644288 KB
2026-03-01T15:04:59.440203,(2(0)-1772395499:440203),GncDeployment.systemResources.NON_VOLATILE_FREE,268509187,136007768 KB
2026-03-01T15:04:59.440204,(2(0)-1772395499:440204),GncDeployment.systemResources.NON_VOLATILE_TOTAL,268509186,239362496 KB
2026-03-01T15:04:59.440226,(2(0)-1772395499:440226),ComCcsds.comQueue.comQueueDepth,33554432,['0', '1']
2026-03-01T15:04:59.440229,(2(0)-1772395499:440229),ComCcsds.comQueue.buffQueueDepth,33554433,['0']
2026-03-01T15:04:59.440044,(2(0)-1772395499:440044),GncDeployment.systemResources.CPU_02,268509191,26.26 percent
2026-03-01T15:04:59.440088,(2(0)-1772395499:440088),GncDeployment.systemResources.CPU_03,268509192,21.00 percent
2026-03-01T15:04:59.440106,(2(0)-1772395499:440106),GncDeployment.systemResources.CPU_04,268509193,9.90 percent
2026-03-01T15:04:59.440124,(2(0)-1772395499:440124),GncDeployment.systemResources.CPU_05,268509194,3.96 percent
2026-03-01T15:04:59.440140,(2(0)-1772395499:440140),GncDeployment.systemResources.CPU_06,268509195,1.01 percent
2026-03-01T15:05:00.445098,(2(0)-1772395500:445098),GncDeployment.systemResources.CPU_00,268509189,28.00 percent
2026-03-01T15:05:00.445122,(2(0)-1772395500:445122),GncDeployment.systemResources.CPU_01,268509190,27.27 percent
2026-03-01T15:05:00.445140,(2(0)-1772395500:445140),GncDeployment.systemResources.CPU_02,268509191,23.76 percent
2026-03-01T15:05:00.445157,(2(0)-1772395500:445157),GncDeployment.systemResources.CPU_03,268509192,19.80 percent
2026-03-01T15:05:00.445174,(2(0)-1772395500:445174),GncDeployment.systemResources.CPU_04,268509193,10.10 percent
2026-03-01T15:05:00.445189,(2(0)-1772395500:445189),GncDeployment.systemResources.CPU_05,268509194,3.00 percent
2026-03-01T15:05:00.445219,(2(0)-1772395500:445219),GncDeployment.systemResources.CPU_06,268509195,2.94 percent
2026-03-01T15:05:00.445235,(2(0)-1772395500:445235),GncDeployment.systemResources.CPU_07,268509196,0.99 percent
2026-03-01T15:05:00.445238,(2(0)-1772395500:445238),GncDeployment.systemResources.CPU,268509188,14.48 percent
2026-03-01T15:05:00.445251,(2(0)-1772395500:445251),GncDeployment.systemResources.MEMORY_TOTAL,268509184,4858704 KB
2026-03-01T15:05:00.445252,(2(0)-1772395500:445252),GncDeployment.systemResources.MEMORY_USED,268509185,4649264 KB
2026-03-01T15:05:00.445284,(2(0)-1772395500:445284),GncDeployment.systemResources.NON_VOLATILE_FREE,268509187,136007736 KB
2026-03-01T15:05:00.445285,(2(0)-1772395500:445285),GncDeployment.systemResources.NON_VOLATILE_TOTAL,268509186,239362496 KB
2026-03-01T15:05:00.445312,(2(0)-1772395500:445312),ComCcsds.comQueue.comQueueDepth,33554432,['0', '1']
2026-03-01T15:05:00.445315,(2(0)-1772395500:445315),ComCcsds.comQueue.buffQueueDepth,33554433,['0']
2026-03-01T15:05:01.448654,(2(0)-1772395501:448654),GncDeployment.systemResources.CPU_07,268509196,1.98 percent
2026-03-01T15:05:01.448656,(2(0)-1772395501:448656),GncDeployment.systemResources.CPU,268509188,14.25 percent
2026-03-01T15:05:01.448665,(2(0)-1772395501:448665),GncDeployment.systemResources.MEMORY_TOTAL,268509184,4859040 KB
2026-03-01T15:05:01.448666,(2(0)-1772395501:448666),GncDeployment.systemResources.MEMORY_USED,268509185,4653584 KB
2026-03-01T15:05:01.448687,(2(0)-1772395501:448687),GncDeployment.systemResources.NON_VOLATILE_FREE,268509187,136007736 KB
2026-03-01T15:05:01.448688,(2(0)-1772395501:448688),GncDeployment.systemResources.NON_VOLATILE_TOTAL,268509186,239362496 KB
2026-03-01T15:05:01.448710,(2(0)-1772395501:448710),ComCcsds.comQueue.comQueueDepth,33554432,['0', '1']
2026-03-01T15:05:01.448714,(2(0)-1772395501:448714),ComCcsds.comQueue.buffQueueDepth,33554433,['0']
2026-03-01T15:05:01.448557,(2(0)-1772395501:448557),GncDeployment.systemResources.CPU_01,268509190,21.78 percent
2026-03-01T15:05:01.448576,(2(0)-1772395501:448576),GncDeployment.systemResources.CPU_02,268509191,20.00 percent
2026-03-01T15:05:01.448594,(2(0)-1772395501:448594),GncDeployment.systemResources.CPU_03,268509192,16.16 percent
2026-03-01T15:05:01.448609,(2(0)-1772395501:448609),GncDeployment.systemResources.CPU_04,268509193,18.81 percent
2026-03-01T15:05:01.448627,(2(0)-1772395501:448627),GncDeployment.systemResources.CPU_05,268509194,8.00 percent
2026-03-01T15:05:01.448642,(2(0)-1772395501:448642),GncDeployment.systemResources.CPU_06,268509195,4.00 percent
2026-03-01T15:05:01.448534,(2(0)-1772395501:448534),GncDeployment.systemResources.CPU_00,268509189,23.23 percent
2026-03-01T15:05:02.453537,(2(0)-1772395502:453537),GncDeployment.systemResources.CPU_00,268509189,27.27 percent
2026-03-01T15:05:02.453557,(2(0)-1772395502:453557),GncDeployment.systemResources.CPU_01,268509190,26.26 percent
2026-03-01T15:05:02.453572,(2(0)-1772395502:453572),GncDeployment.systemResources.CPU_02,268509191,20.20 percent
2026-03-01T15:05:02.453585,(2(0)-1772395502:453585),GncDeployment.systemResources.CPU_03,268509192,19.00 percent
2026-03-01T15:05:02.453599,(2(0)-1772395502:453599),GncDeployment.systemResources.CPU_04,268509193,27.27 percent
2026-03-01T15:05:02.453612,(2(0)-1772395502:453612),GncDeployment.systemResources.CPU_05,268509194,14.85 percent
2026-03-01T15:05:02.453626,(2(0)-1772395502:453626),GncDeployment.systemResources.CPU_06,268509195,9.09 percent
2026-03-01T15:05:02.453638,(2(0)-1772395502:453638),GncDeployment.systemResources.CPU_07,268509196,6.00 percent
2026-03-01T15:05:02.453640,(2(0)-1772395502:453640),GncDeployment.systemResources.CPU,268509188,18.74 percent
2026-03-01T15:05:02.453649,(2(0)-1772395502:453649),GncDeployment.systemResources.MEMORY_TOTAL,268509184,4861568 KB
2026-03-01T15:05:02.453651,(2(0)-1772395502:453651),GncDeployment.systemResources.MEMORY_USED,268509185,4712096 KB
2026-03-01T15:05:02.453669,(2(0)-1772395502:453669),GncDeployment.systemResources.NON_VOLATILE_FREE,268509187,136007692 KB
2026-03-01T15:05:02.453671,(2(0)-1772395502:453671),GncDeployment.systemResources.NON_VOLATILE_TOTAL,268509186,239362496 KB
2026-03-01T15:05:02.453692,(2(0)-1772395502:453692),ComCcsds.comQueue.comQueueDepth,33554432,['0', '1']
2026-03-01T15:05:02.453694,(2(0)-1772395502:453694),ComCcsds.comQueue.buffQueueDepth,33554433,['0']
2026-03-01T15:05:03.454060,(2(0)-1772395503:454060),GncDeployment.systemResources.CPU_07,268509196,2.00 percent
2026-03-01T15:05:03.454063,(2(0)-1772395503:454063),GncDeployment.systemResources.CPU,268509188,27.62 percent
2026-03-01T15:05:03.454082,(2(0)-1772395503:454082),GncDeployment.systemResources.MEMORY_TOTAL,268509184,4867888 KB
2026-03-01T15:05:03.454084,(2(0)-1772395503:454084),GncDeployment.systemResources.MEMORY_USED,268509185,4754208 KB
2026-03-01T15:05:03.454125,(2(0)-1772395503:454125),GncDeployment.systemResources.NON_VOLATILE_FREE,268509187,136006836 KB
2026-03-01T15:05:03.454127,(2(0)-1772395503:454127),GncDeployment.systemResources.NON_VOLATILE_TOTAL,268509186,239362496 KB
2026-03-01T15:05:03.454144,(2(0)-1772395503:454144),ComCcsds.comQueue.comQueueDepth,33554432,['0', '1']
2026-03-01T15:05:03.454148,(2(0)-1772395503:454148),ComCcsds.comQueue.buffQueueDepth,33554433,['0']
2026-03-01T15:05:03.453908,(2(0)-1772395503:453908),GncDeployment.systemResources.CPU_01,268509190,48.00 percent
2026-03-01T15:05:03.453933,(2(0)-1772395503:453933),GncDeployment.systemResources.CPU_02,268509191,43.00 percent
2026-03-01T15:05:03.453961,(2(0)-1772395503:453961),GncDeployment.systemResources.CPU_03,268509192,40.40 percent
2026-03-01T15:05:03.453982,(2(0)-1772395503:453982),GncDeployment.systemResources.CPU_04,268509193,19.00 percent
2026-03-01T15:05:03.454006,(2(0)-1772395503:454006),GncDeployment.systemResources.CPU_05,268509194,9.09 percent
2026-03-01T15:05:03.454032,(2(0)-1772395503:454032),GncDeployment.systemResources.CPU_06,268509195,5.94 percent
2026-03-01T15:05:03.453882,(2(0)-1772395503:453882),GncDeployment.systemResources.CPU_00,268509189,53.54 percent
2026-03-01T15:05:04.458986,(2(0)-1772395504:458986),GncDeployment.systemResources.CPU_00,268509189,25.00 percent
2026-03-01T15:05:04.459028,(2(0)-1772395504:459028),GncDeployment.systemResources.CPU_01,268509190,22.22 percent
2026-03-01T15:05:04.459066,(2(0)-1772395504:459066),GncDeployment.systemResources.CPU_02,268509191,19.19 percent
2026-03-01T15:05:04.459093,(2(0)-1772395504:459093),GncDeployment.systemResources.CPU_03,268509192,20.00 percent
2026-03-01T15:05:04.459120,(2(0)-1772395504:459120),GncDeployment.systemResources.CPU_04,268509193,23.00 percent
2026-03-01T15:05:04.459148,(2(0)-1772395504:459148),GncDeployment.systemResources.CPU_05,268509194,12.87 percent
2026-03-01T15:05:04.459172,(2(0)-1772395504:459172),GncDeployment.systemResources.CPU_06,268509195,6.00 percent
2026-03-01T15:05:04.459192,(2(0)-1772395504:459192),GncDeployment.systemResources.CPU_07,268509196,4.00 percent
2026-03-01T15:05:04.459195,(2(0)-1772395504:459195),GncDeployment.systemResources.CPU,268509188,16.54 percent
2026-03-01T15:05:04.459215,(2(0)-1772395504:459215),GncDeployment.systemResources.MEMORY_TOTAL,268509184,4908016 KB
2026-03-01T15:05:04.459217,(2(0)-1772395504:459217),GncDeployment.systemResources.MEMORY_USED,268509185,4806624 KB
2026-03-01T15:05:04.459256,(2(0)-1772395504:459256),GncDeployment.systemResources.NON_VOLATILE_FREE,268509187,136006672 KB
2026-03-01T15:05:04.459259,(2(0)-1772395504:459259),GncDeployment.systemResources.NON_VOLATILE_TOTAL,268509186,239362496 KB
2026-03-01T15:05:04.459295,(2(0)-1772395504:459295),ComCcsds.comQueue.comQueueDepth,33554432,['0', '1']
2026-03-01T15:05:04.459299,(2(0)-1772395504:459299),ComCcsds.comQueue.buffQueueDepth,33554433,['0']
2026-03-01T15:05:05.459884,(2(0)-1772395505:459884),GncDeployment.systemResources.CPU_07,268509196,4.00 percent
2026-03-01T15:05:05.459887,(2(0)-1772395505:459887),GncDeployment.systemResources.CPU,268509188,16.48 percent
2026-03-01T15:05:05.459903,(2(0)-1772395505:459903),GncDeployment.systemResources.MEMORY_TOTAL,268509184,4871712 KB
2026-03-01T15:05:05.459904,(2(0)-1772395505:459904),GncDeployment.systemResources.MEMORY_USED,268509185,4727776 KB
2026-03-01T15:05:05.459937,(2(0)-1772395505:459937),GncDeployment.systemResources.NON_VOLATILE_FREE,268509187,136006540 KB
2026-03-01T15:05:05.459938,(2(0)-1772395505:459938),GncDeployment.systemResources.NON_VOLATILE_TOTAL,268509186,239362496 KB
2026-03-01T15:05:05.459961,(2(0)-1772395505:459961),ComCcsds.comQueue.comQueueDepth,33554432,['0', '1']
2026-03-01T15:05:05.459964,(2(0)-1772395505:459964),ComCcsds.comQueue.buffQueueDepth,33554433,['0']
2026-03-01T15:05:05.459757,(2(0)-1772395505:459757),GncDeployment.systemResources.CPU_01,268509190,23.23 percent
2026-03-01T15:05:05.459778,(2(0)-1772395505:459778),GncDeployment.systemResources.CPU_02,268509191,20.00 percent
2026-03-01T15:05:05.459798,(2(0)-1772395505:459798),GncDeployment.systemResources.CPU_03,268509192,16.00 percent
2026-03-01T15:05:05.459819,(2(0)-1772395505:459819),GncDeployment.systemResources.CPU_04,268509193,20.20 percent
2026-03-01T15:05:05.459840,(2(0)-1772395505:459840),GncDeployment.systemResources.CPU_05,268509194,15.15 percent
2026-03-01T15:05:05.459859,(2(0)-1772395505:459859),GncDeployment.systemResources.CPU_06,268509195,8.00 percent
2026-03-01T15:05:05.459730,(2(0)-1772395505:459730),GncDeployment.systemResources.CPU_00,268509189,25.25 percent
2026-03-01T15:05:06.464742,(2(0)-1772395506:464742),GncDeployment.systemResources.CPU_00,268509189,24.00 percent
2026-03-01T15:05:06.464767,(2(0)-1772395506:464767),GncDeployment.systemResources.CPU_01,268509190,23.76 percent
2026-03-01T15:05:06.464786,(2(0)-1772395506:464786),GncDeployment.systemResources.CPU_02,268509191,19.00 percent
2026-03-01T15:05:06.464802,(2(0)-1772395506:464802),GncDeployment.systemResources.CPU_03,268509192,15.15 percent
2026-03-01T15:05:06.464817,(2(0)-1772395506:464817),GncDeployment.systemResources.CPU_04,268509193,21.00 percent
2026-03-01T15:05:06.464832,(2(0)-1772395506:464832),GncDeployment.systemResources.CPU_05,268509194,10.00 percent
2026-03-01T15:05:06.464849,(2(0)-1772395506:464849),GncDeployment.systemResources.CPU_06,268509195,5.00 percent
2026-03-01T15:05:06.464868,(2(0)-1772395506:464868),GncDeployment.systemResources.CPU_07,268509196,4.00 percent
2026-03-01T15:05:06.464870,(2(0)-1772395506:464870),GncDeployment.systemResources.CPU,268509188,15.24 percent
2026-03-01T15:05:06.464884,(2(0)-1772395506:464884),GncDeployment.systemResources.MEMORY_TOTAL,268509184,4873664 KB
2026-03-01T15:05:06.464886,(2(0)-1772395506:464886),GncDeployment.systemResources.MEMORY_USED,268509185,4758288 KB
2026-03-01T15:05:06.464930,(2(0)-1772395506:464930),GncDeployment.systemResources.NON_VOLATILE_FREE,268509187,136006408 KB
2026-03-01T15:05:06.464932,(2(0)-1772395506:464932),GncDeployment.systemResources.NON_VOLATILE_TOTAL,268509186,239362496 KB
2026-03-01T15:05:06.464948,(2(0)-1772395506:464948),ComCcsds.comQueue.comQueueDepth,33554432,['0', '1']
2026-03-01T15:05:06.464951,(2(0)-1772395506:464951),ComCcsds.comQueue.buffQueueDepth,33554433,['0']
2026-03-01T15:05:07.466562,(2(0)-1772395507:466562),GncDeployment.systemResources.CPU_07,268509196,3.00 percent
2026-03-01T15:05:07.466564,(2(0)-1772395507:466564),GncDeployment.systemResources.CPU,268509188,13.30 percent
2026-03-01T15:05:07.466579,(2(0)-1772395507:466579),GncDeployment.systemResources.MEMORY_TOTAL,268509184,4884288 KB
2026-03-01T15:05:07.466581,(2(0)-1772395507:466581),GncDeployment.systemResources.MEMORY_USED,268509185,4771904 KB
2026-03-01T15:05:07.466596,(2(0)-1772395507:466596),GncDeployment.systemResources.NON_VOLATILE_FREE,268509187,136006400 KB
2026-03-01T15:05:07.466597,(2(0)-1772395507:466597),GncDeployment.systemResources.NON_VOLATILE_TOTAL,268509186,239362496 KB
2026-03-01T15:05:07.466627,(2(0)-1772395507:466627),ComCcsds.comQueue.comQueueDepth,33554432,['0', '1']
2026-03-01T15:05:07.466630,(2(0)-1772395507:466630),ComCcsds.comQueue.buffQueueDepth,33554433,['0']
2026-03-01T15:05:07.466449,(2(0)-1772395507:466449),GncDeployment.systemResources.CPU_01,268509190,23.23 percent
2026-03-01T15:05:07.466467,(2(0)-1772395507:466467),GncDeployment.systemResources.CPU_02,268509191,18.18 percent
2026-03-01T15:05:07.466487,(2(0)-1772395507:466487),GncDeployment.systemResources.CPU_03,268509192,15.84 percent
2026-03-01T15:05:07.466504,(2(0)-1772395507:466504),GncDeployment.systemResources.CPU_04,268509193,14.00 percent
2026-03-01T15:05:07.466523,(2(0)-1772395507:466523),GncDeployment.systemResources.CPU_05,268509194,6.93 percent
2026-03-01T15:05:07.466546,(2(0)-1772395507:466546),GncDeployment.systemResources.CPU_06,268509195,3.00 percent
2026-03-01T15:05:07.466427,(2(0)-1772395507:466427),GncDeployment.systemResources.CPU_00,268509189,22.22 percent
2026-03-01T15:05:08.469584,(2(0)-1772395508:469584),GncDeployment.systemResources.CPU_00,268509189,27.00 percent
2026-03-01T15:05:08.469615,(2(0)-1772395508:469615),GncDeployment.systemResources.CPU_01,268509190,22.22 percent
2026-03-01T15:05:08.469639,(2(0)-1772395508:469639),GncDeployment.systemResources.CPU_02,268509191,18.81 percent
2026-03-01T15:05:08.469658,(2(0)-1772395508:469658),GncDeployment.systemResources.CPU_03,268509192,18.00 percent
2026-03-01T15:05:08.469681,(2(0)-1772395508:469681),GncDeployment.systemResources.CPU_04,268509193,17.17 percent
2026-03-01T15:05:08.469709,(2(0)-1772395508:469709),GncDeployment.systemResources.CPU_05,268509194,12.24 percent
2026-03-01T15:05:08.469730,(2(0)-1772395508:469730),GncDeployment.systemResources.CPU_06,268509195,7.00 percent
2026-03-01T15:05:08.469753,(2(0)-1772395508:469753),GncDeployment.systemResources.CPU_07,268509196,3.96 percent
2026-03-01T15:05:08.469755,(2(0)-1772395508:469755),GncDeployment.systemResources.CPU,268509188,15.80 percent
2026-03-01T15:05:08.469770,(2(0)-1772395508:469770),GncDeployment.systemResources.MEMORY_TOTAL,268509184,4887072 KB
2026-03-01T15:05:08.469772,(2(0)-1772395508:469772),GncDeployment.systemResources.MEMORY_USED,268509185,4771648 KB
2026-03-01T15:05:08.469802,(2(0)-1772395508:469802),GncDeployment.systemResources.NON_VOLATILE_FREE,268509187,136005312 KB
2026-03-01T15:05:08.469803,(2(0)-1772395508:469803),GncDeployment.systemResources.NON_VOLATILE_TOTAL,268509186,239362496 KB
2026-03-01T15:05:08.469820,(2(0)-1772395508:469820),ComCcsds.comQueue.comQueueDepth,33554432,['0', '1']
2026-03-01T15:05:08.469824,(2(0)-1772395508:469824),ComCcsds.comQueue.buffQueueDepth,33554433,['0']
2026-03-01T15:05:09.474866,(2(0)-1772395509:474866),GncDeployment.systemResources.CPU_07,268509196,0.00 percent
2026-03-01T15:05:09.474869,(2(0)-1772395509:474869),GncDeployment.systemResources.CPU,268509188,13.28 percent
2026-03-01T15:05:09.474894,(2(0)-1772395509:474894),GncDeployment.systemResources.MEMORY_TOTAL,268509184,4892528 KB
2026-03-01T15:05:09.474898,(2(0)-1772395509:474898),GncDeployment.systemResources.MEMORY_USED,268509185,4784320 KB
2026-03-01T15:05:09.474922,(2(0)-1772395509:474922),GncDeployment.systemResources.NON_VOLATILE_FREE,268509187,136005236 KB
2026-03-01T15:05:09.474924,(2(0)-1772395509:474924),GncDeployment.systemResources.NON_VOLATILE_TOTAL,268509186,239362496 KB
2026-03-01T15:05:09.474953,(2(0)-1772395509:474953),ComCcsds.comQueue.comQueueDepth,33554432,['0', '1']
2026-03-01T15:05:09.474960,(2(0)-1772395509:474960),ComCcsds.comQueue.buffQueueDepth,33554433,['0']
2026-03-01T15:05:09.474664,(2(0)-1772395509:474664),GncDeployment.systemResources.CPU_01,268509190,29.00 percent
2026-03-01T15:05:09.474701,(2(0)-1772395509:474701),GncDeployment.systemResources.CPU_02,268509191,21.21 percent
2026-03-01T15:05:09.474733,(2(0)-1772395509:474733),GncDeployment.systemResources.CPU_03,268509192,15.15 percent
2026-03-01T15:05:09.474768,(2(0)-1772395509:474768),GncDeployment.systemResources.CPU_04,268509193,5.94 percent
2026-03-01T15:05:09.474799,(2(0)-1772395509:474799),GncDeployment.systemResources.CPU_05,268509194,1.98 percent
2026-03-01T15:05:09.474833,(2(0)-1772395509:474833),GncDeployment.systemResources.CPU_06,268509195,1.98 percent
2026-03-01T15:05:09.474627,(2(0)-1772395509:474627),GncDeployment.systemResources.CPU_00,268509189,31.00 percent
2026-03-01T15:05:11.482666,(2(0)-1772395511:482666),GncDeployment.systemResources.CPU_00,268509189,22.45 percent
2026-03-01T15:05:11.482703,(2(0)-1772395511:482703),GncDeployment.systemResources.CPU_01,268509190,20.20 percent
2026-03-01T15:05:11.482742,(2(0)-1772395511:482742),GncDeployment.systemResources.CPU_02,268509191,18.00 percent
2026-03-01T15:05:11.482774,(2(0)-1772395511:482774),GncDeployment.systemResources.CPU_03,268509192,18.00 percent
2026-03-01T15:05:11.482802,(2(0)-1772395511:482802),GncDeployment.systemResources.CPU_04,268509193,23.00 percent
2026-03-01T15:05:11.482830,(2(0)-1772395511:482830),GncDeployment.systemResources.CPU_05,268509194,10.10 percent
2026-03-01T15:05:11.482859,(2(0)-1772395511:482859),GncDeployment.systemResources.CPU_06,268509195,5.00 percent
2026-03-01T15:05:11.482887,(2(0)-1772395511:482887),GncDeployment.systemResources.CPU_07,268509196,4.00 percent
2026-03-01T15:05:11.482891,(2(0)-1772395511:482891),GncDeployment.systemResources.CPU,268509188,15.09 percent
2026-03-01T15:05:11.482913,(2(0)-1772395511:482913),GncDeployment.systemResources.MEMORY_TOTAL,268509184,4915680 KB
2026-03-01T15:05:11.482917,(2(0)-1772395511:482917),GncDeployment.systemResources.MEMORY_USED,268509185,4798656 KB
2026-03-01T15:05:10.479962,(2(0)-1772395510:479962),GncDeployment.systemResources.NON_VOLATILE_FREE,268509187,136005232 KB
2026-03-01T15:05:10.479965,(2(0)-1772395510:479965),GncDeployment.systemResources.NON_VOLATILE_TOTAL,268509186,239362496 KB
2026-03-01T15:05:10.479986,(2(0)-1772395510:479986),ComCcsds.comQueue.comQueueDepth,33554432,['0', '1']
2026-03-01T15:05:10.479991,(2(0)-1772395510:479991),ComCcsds.comQueue.buffQueueDepth,33554433,['0']
2026-03-01T15:05:11.482957,(2(0)-1772395511:482957),GncDeployment.systemResources.NON_VOLATILE_FREE,268509187,136005232 KB
2026-03-01T15:05:11.482960,(2(0)-1772395511:482960),GncDeployment.systemResources.NON_VOLATILE_TOTAL,268509186,239362496 KB
2026-03-01T15:05:11.482991,(2(0)-1772395511:482991),ComCcsds.comQueue.comQueueDepth,33554432,['0', '0']
2026-03-01T15:05:11.482996,(2(0)-1772395511:482996),ComCcsds.comQueue.buffQueueDepth,33554433,['0']
2026-03-01T15:05:12.486182,(2(0)-1772395512:486182),GncDeployment.systemResources.CPU_00,268509189,29.00 percent
2026-03-01T15:05:12.486207,(2(0)-1772395512:486207),GncDeployment.systemResources.CPU_01,268509190,23.23 percent
2026-03-01T15:05:12.486225,(2(0)-1772395512:486225),GncDeployment.systemResources.CPU_02,268509191,20.00 percent
2026-03-01T15:05:12.486243,(2(0)-1772395512:486243),GncDeployment.systemResources.CPU_03,268509192,17.17 percent
2026-03-01T15:05:12.486259,(2(0)-1772395512:486259),GncDeployment.systemResources.CPU_04,268509193,31.00 percent
2026-03-01T15:05:12.486279,(2(0)-1772395512:486279),GncDeployment.systemResources.CPU_05,268509194,19.00 percent
2026-03-01T15:05:12.486297,(2(0)-1772395512:486297),GncDeployment.systemResources.CPU_06,268509195,13.13 percent
2026-03-01T15:05:12.486314,(2(0)-1772395512:486314),GncDeployment.systemResources.CPU_07,268509196,8.08 percent
2026-03-01T15:05:12.486316,(2(0)-1772395512:486316),GncDeployment.systemResources.CPU,268509188,20.08 percent
2026-03-01T15:05:12.486329,(2(0)-1772395512:486329),GncDeployment.systemResources.MEMORY_TOTAL,268509184,4917616 KB
2026-03-01T15:05:12.486331,(2(0)-1772395512:486331),GncDeployment.systemResources.MEMORY_USED,268509185,4832176 KB
2026-03-01T15:05:12.486365,(2(0)-1772395512:486365),GncDeployment.systemResources.NON_VOLATILE_FREE,268509187,136005052 KB
2026-03-01T15:05:12.486367,(2(0)-1772395512:486367),GncDeployment.systemResources.NON_VOLATILE_TOTAL,268509186,239362496 KB
2026-03-01T15:05:12.486392,(2(0)-1772395512:486392),ComCcsds.comQueue.comQueueDepth,33554432,['0', '1']
2026-03-01T15:05:12.486395,(2(0)-1772395512:486395),ComCcsds.comQueue.buffQueueDepth,33554433,['0']
2026-03-01T15:05:13.491392,(2(0)-1772395513:491392),GncDeployment.systemResources.CPU_07,268509196,2.97 percent
2026-03-01T15:05:13.491394,(2(0)-1772395513:491394),GncDeployment.systemResources.CPU,268509188,15.79 percent
2026-03-01T15:05:13.491407,(2(0)-1772395513:491407),GncDeployment.systemResources.MEMORY_TOTAL,268509184,4929520 KB
2026-03-01T15:05:13.491408,(2(0)-1772395513:491408),GncDeployment.systemResources.MEMORY_USED,268509185,4848016 KB
2026-03-01T15:05:13.491436,(2(0)-1772395513:491436),GncDeployment.systemResources.NON_VOLATILE_FREE,268509187,136006968 KB
2026-03-01T15:05:13.491438,(2(0)-1772395513:491438),GncDeployment.systemResources.NON_VOLATILE_TOTAL,268509186,239362496 KB
2026-03-01T15:05:13.491458,(2(0)-1772395513:491458),ComCcsds.comQueue.comQueueDepth,33554432,['0', '1']
2026-03-01T15:05:13.491460,(2(0)-1772395513:491460),ComCcsds.comQueue.buffQueueDepth,33554433,['0']
2026-03-01T15:05:13.491235,(2(0)-1772395513:491235),GncDeployment.systemResources.CPU_01,268509190,23.00 percent
2026-03-01T15:05:13.491258,(2(0)-1772395513:491258),GncDeployment.systemResources.CPU_02,268509191,21.21 percent
2026-03-01T15:05:13.491279,(2(0)-1772395513:491279),GncDeployment.systemResources.CPU_03,268509192,15.00 percent
2026-03-01T15:05:13.491326,(2(0)-1772395513:491326),GncDeployment.systemResources.CPU_04,268509193,22.00 percent
2026-03-01T15:05:13.491344,(2(0)-1772395513:491344),GncDeployment.systemResources.CPU_05,268509194,12.87 percent
2026-03-01T15:05:13.491375,(2(0)-1772395513:491375),GncDeployment.systemResources.CPU_06,268509195,6.00 percent
2026-03-01T15:05:13.491206,(2(0)-1772395513:491206),GncDeployment.systemResources.CPU_00,268509189,23.23 percent
2026-03-01T15:05:15.499438,(2(0)-1772395515:499438),GncDeployment.systemResources.CPU_00,268509189,16.00 percent
2026-03-01T15:05:14.494426,(2(0)-1772395514:494426),GncDeployment.systemResources.CPU_01,268509190,32.32 percent
2026-03-01T15:05:14.494447,(2(0)-1772395514:494447),GncDeployment.systemResources.CPU_02,268509191,27.27 percent
2026-03-01T15:05:14.494465,(2(0)-1772395514:494465),GncDeployment.systemResources.CPU_03,268509192,27.00 percent
2026-03-01T15:05:14.494486,(2(0)-1772395514:494486),GncDeployment.systemResources.CPU_04,268509193,48.48 percent
2026-03-01T15:05:14.494503,(2(0)-1772395514:494503),GncDeployment.systemResources.CPU_05,268509194,46.46 percent
2026-03-01T15:05:14.494521,(2(0)-1772395514:494521),GncDeployment.systemResources.CPU_06,268509195,38.00 percent
2026-03-01T15:05:14.494536,(2(0)-1772395514:494536),GncDeployment.systemResources.CPU_07,268509196,35.64 percent
2026-03-01T15:05:14.494538,(2(0)-1772395514:494538),GncDeployment.systemResources.CPU,268509188,36.27 percent
2026-03-01T15:05:14.494552,(2(0)-1772395514:494552),GncDeployment.systemResources.MEMORY_TOTAL,268509184,5035328 KB
2026-03-01T15:05:14.494553,(2(0)-1772395514:494553),GncDeployment.systemResources.MEMORY_USED,268509185,4932384 KB
2026-03-01T15:05:14.494585,(2(0)-1772395514:494585),GncDeployment.systemResources.NON_VOLATILE_FREE,268509187,136006900 KB
2026-03-01T15:05:14.494586,(2(0)-1772395514:494586),GncDeployment.systemResources.NON_VOLATILE_TOTAL,268509186,239362496 KB
2026-03-01T15:05:14.494615,(2(0)-1772395514:494615),ComCcsds.comQueue.comQueueDepth,33554432,['0', '1']
2026-03-01T15:05:14.494618,(2(0)-1772395514:494618),ComCcsds.comQueue.buffQueueDepth,33554433,['0']
2026-03-01T15:05:16.505154,(2(0)-1772395516:505154),GncDeployment.systemResources.CPU_07,268509196,1.00 percent
2026-03-01T15:05:16.505156,(2(0)-1772395516:505156),GncDeployment.systemResources.CPU,268509188,11.51 percent
2026-03-01T15:05:16.505188,(2(0)-1772395516:505188),GncDeployment.systemResources.MEMORY_TOTAL,268509184,5031568 KB
2026-03-01T15:05:16.505190,(2(0)-1772395516:505190),GncDeployment.systemResources.MEMORY_USED,268509185,4947312 KB
2026-03-01T15:05:16.505227,(2(0)-1772395516:505227),GncDeployment.systemResources.NON_VOLATILE_FREE,268509187,136006888 KB
2026-03-01T15:05:16.505229,(2(0)-1772395516:505229),GncDeployment.systemResources.NON_VOLATILE_TOTAL,268509186,239362496 KB
2026-03-01T15:05:16.505257,(2(0)-1772395516:505257),GncDeployment.rateGroup1.RgMaxTime,268439552,861 us
2026-03-01T15:05:16.508260,(2(0)-1772395516:508260),ComCcsds.comQueue.comQueueDepth,33554432,['0', '0']
2026-03-01T15:05:16.508271,(2(0)-1772395516:508271),ComCcsds.comQueue.buffQueueDepth,33554433,['0']
2026-03-01T15:05:16.504863,(2(0)-1772395516:504863),GncDeployment.systemResources.CPU_01,268509190,18.18 percent
2026-03-01T15:05:16.504884,(2(0)-1772395516:504884),GncDeployment.systemResources.CPU_02,268509191,17.82 percent
2026-03-01T15:05:16.504906,(2(0)-1772395516:504906),GncDeployment.systemResources.CPU_03,268509192,11.00 percent
2026-03-01T15:05:16.504930,(2(0)-1772395516:504930),GncDeployment.systemResources.CPU_04,268509193,14.00 percent
2026-03-01T15:05:16.505109,(2(0)-1772395516:505109),GncDeployment.systemResources.CPU_05,268509194,8.00 percent
2026-03-01T15:05:16.505133,(2(0)-1772395516:505133),GncDeployment.systemResources.CPU_06,268509195,3.92 percent
2026-03-01T15:05:16.504834,(2(0)-1772395516:504834),GncDeployment.systemResources.CPU_00,268509189,18.18 percent
2026-03-01T15:05:17.510217,(2(0)-1772395517:510217),GncDeployment.systemResources.CPU_07,268509196,1.00 percent
2026-03-01T15:05:17.510220,(2(0)-1772395517:510220),GncDeployment.systemResources.CPU,268509188,11.29 percent
2026-03-01T15:05:17.510240,(2(0)-1772395517:510240),GncDeployment.systemResources.MEMORY_TOTAL,268509184,5039088 KB
2026-03-01T15:05:17.510241,(2(0)-1772395517:510241),GncDeployment.systemResources.MEMORY_USED,268509185,4949968 KB
2026-03-01T15:05:17.510271,(2(0)-1772395517:510271),GncDeployment.systemResources.NON_VOLATILE_FREE,268509187,136006844 KB
2026-03-01T15:05:17.510273,(2(0)-1772395517:510273),GncDeployment.systemResources.NON_VOLATILE_TOTAL,268509186,239362496 KB
2026-03-01T15:05:17.510298,(2(0)-1772395517:510298),ComCcsds.comQueue.comQueueDepth,33554432,['0', '1']
2026-03-01T15:05:17.510301,(2(0)-1772395517:510301),ComCcsds.comQueue.buffQueueDepth,33554433,['0']
2026-03-01T15:05:17.510075,(2(0)-1772395517:510075),GncDeployment.systemResources.CPU_01,268509190,19.80 percent
2026-03-01T15:05:17.510099,(2(0)-1772395517:510099),GncDeployment.systemResources.CPU_02,268509191,17.00 percent
2026-03-01T15:05:17.510132,(2(0)-1772395517:510132),GncDeployment.systemResources.CPU_03,268509192,12.87 percent
2026-03-01T15:05:17.510159,(2(0)-1772395517:510159),GncDeployment.systemResources.CPU_04,268509193,8.91 percent
2026-03-01T15:05:17.510182,(2(0)-1772395517:510182),GncDeployment.systemResources.CPU_05,268509194,7.92 percent
2026-03-01T15:05:17.510200,(2(0)-1772395517:510200),GncDeployment.systemResources.CPU_06,268509195,2.02 percent
2026-03-01T15:05:17.510045,(2(0)-1772395517:510045),GncDeployment.systemResources.CPU_00,268509189,20.79 percent
2026-03-01T15:05:18.515149,(2(0)-1772395518:515149),GncDeployment.systemResources.CPU_00,268509189,15.84 percent
2026-03-01T15:05:18.515181,(2(0)-1772395518:515181),GncDeployment.systemResources.CPU_01,268509190,13.00 percent
2026-03-01T15:05:18.515209,(2(0)-1772395518:515209),GncDeployment.systemResources.CPU_02,268509191,9.09 percent
2026-03-01T15:05:18.515232,(2(0)-1772395518:515232),GncDeployment.systemResources.CPU_03,268509192,7.92 percent
2026-03-01T15:05:18.515256,(2(0)-1772395518:515256),GncDeployment.systemResources.CPU_04,268509193,13.86 percent
2026-03-01T15:05:18.515277,(2(0)-1772395518:515277),GncDeployment.systemResources.CPU_05,268509194,2.00 percent
2026-03-01T15:05:18.515302,(2(0)-1772395518:515302),GncDeployment.systemResources.CPU_06,268509195,1.98 percent
2026-03-01T15:05:18.515329,(2(0)-1772395518:515329),GncDeployment.systemResources.CPU_07,268509196,1.96 percent
2026-03-01T15:05:18.515332,(2(0)-1772395518:515332),GncDeployment.systemResources.CPU,268509188,8.21 percent
2026-03-01T15:05:18.515353,(2(0)-1772395518:515353),GncDeployment.systemResources.MEMORY_TOTAL,268509184,5035984 KB
2026-03-01T15:05:18.515355,(2(0)-1772395518:515355),GncDeployment.systemResources.MEMORY_USED,268509185,4963840 KB
2026-03-01T15:05:18.515398,(2(0)-1772395518:515398),GncDeployment.systemResources.NON_VOLATILE_FREE,268509187,136006844 KB
2026-03-01T15:05:18.515401,(2(0)-1772395518:515401),GncDeployment.systemResources.NON_VOLATILE_TOTAL,268509186,239362496 KB
2026-03-01T15:05:18.515423,(2(0)-1772395518:515423),ComCcsds.comQueue.comQueueDepth,33554432,['0', '1']
2026-03-01T15:05:18.515427,(2(0)-1772395518:515427),ComCcsds.comQueue.buffQueueDepth,33554433,['0']
2026-03-01T15:05:20.524769,(2(0)-1772395520:524769),GncDeployment.systemResources.CPU_07,268509196,1.00 percent
2026-03-01T15:05:20.524772,(2(0)-1772395520:524772),GncDeployment.systemResources.CPU,268509188,10.18 percent
2026-03-01T15:05:20.524789,(2(0)-1772395520:524789),GncDeployment.systemResources.MEMORY_TOTAL,268509184,5065072 KB
2026-03-01T15:05:20.524791,(2(0)-1772395520:524791),GncDeployment.systemResources.MEMORY_USED,268509185,4964672 KB
2026-03-01T15:05:20.524806,(2(0)-1772395520:524806),GncDeployment.systemResources.NON_VOLATILE_FREE,268509187,136006896 KB
2026-03-01T15:05:20.524808,(2(0)-1772395520:524808),GncDeployment.systemResources.NON_VOLATILE_TOTAL,268509186,239362496 KB
2026-03-01T15:05:20.524882,(2(0)-1772395520:524882),ComCcsds.comQueue.comQueueDepth,33554432,['0', '0']
2026-03-01T15:05:20.524885,(2(0)-1772395520:524885),ComCcsds.comQueue.buffQueueDepth,33554433,['0']
2026-03-01T15:05:20.524621,(2(0)-1772395520:524621),GncDeployment.systemResources.CPU_01,268509190,14.85 percent
2026-03-01T15:05:20.524647,(2(0)-1772395520:524647),GncDeployment.systemResources.CPU_02,268509191,11.88 percent
2026-03-01T15:05:20.524675,(2(0)-1772395520:524675),GncDeployment.systemResources.CPU_03,268509192,9.09 percent
2026-03-01T15:05:20.524698,(2(0)-1772395520:524698),GncDeployment.systemResources.CPU_04,268509193,15.69 percent
2026-03-01T15:05:20.524720,(2(0)-1772395520:524720),GncDeployment.systemResources.CPU_05,268509194,7.00 percent
2026-03-01T15:05:20.524743,(2(0)-1772395520:524743),GncDeployment.systemResources.CPU_06,268509195,4.95 percent
2026-03-01T15:05:20.524577,(2(0)-1772395520:524577),GncDeployment.systemResources.CPU_00,268509189,17.00 percent
2026-03-01T15:05:21.530239,(2(0)-1772395521:530239),GncDeployment.systemResources.CPU_07,268509196,0.99 percent
2026-03-01T15:05:21.530241,(2(0)-1772395521:530241),GncDeployment.systemResources.CPU,268509188,10.21 percent
2026-03-01T15:05:21.530256,(2(0)-1772395521:530256),GncDeployment.systemResources.MEMORY_TOTAL,268509184,5067344 KB
2026-03-01T15:05:21.530258,(2(0)-1772395521:530258),GncDeployment.systemResources.MEMORY_USED,268509185,4971760 KB
2026-03-01T15:05:21.530293,(2(0)-1772395521:530293),GncDeployment.systemResources.NON_VOLATILE_FREE,268509187,136006900 KB
2026-03-01T15:05:21.530294,(2(0)-1772395521:530294),GncDeployment.systemResources.NON_VOLATILE_TOTAL,268509186,239362496 KB
2026-03-01T15:05:21.530546,(2(0)-1772395521:530546),ComCcsds.comQueue.comQueueDepth,33554432,['0', '1']
2026-03-01T15:05:21.530550,(2(0)-1772395521:530550),ComCcsds.comQueue.buffQueueDepth,33554433,['0']
2026-03-01T15:05:21.530041,(2(0)-1772395521:530041),GncDeployment.systemResources.CPU_01,268509190,16.00 percent
2026-03-01T15:05:21.530061,(2(0)-1772395521:530061),GncDeployment.systemResources.CPU_02,268509191,12.87 percent
2026-03-01T15:05:21.530083,(2(0)-1772395521:530083),GncDeployment.systemResources.CPU_03,268509192,10.89 percent
2026-03-01T15:05:21.530102,(2(0)-1772395521:530102),GncDeployment.systemResources.CPU_04,268509193,14.00 percent
2026-03-01T15:05:21.530124,(2(0)-1772395521:530124),GncDeployment.systemResources.CPU_05,268509194,5.00 percent
2026-03-01T15:05:21.530145,(2(0)-1772395521:530145),GncDeployment.systemResources.CPU_06,268509195,3.96 percent
2026-03-01T15:05:21.530015,(2(0)-1772395521:530015),GncDeployment.systemResources.CPU_00,268509189,18.00 percent
2026-03-01T15:05:23.535217,(2(0)-1772395523:535217),GncDeployment.systemResources.CPU_00,268509189,18.18 percent
2026-03-01T15:05:22.533440,(2(0)-1772395522:533440),GncDeployment.systemResources.CPU_01,268509190,15.00 percent
2026-03-01T15:05:22.533471,(2(0)-1772395522:533471),GncDeployment.systemResources.CPU_02,268509191,11.11 percent
2026-03-01T15:05:22.533501,(2(0)-1772395522:533501),GncDeployment.systemResources.CPU_03,268509192,9.00 percent
2026-03-01T15:05:22.533532,(2(0)-1772395522:533532),GncDeployment.systemResources.CPU_04,268509193,13.00 percent
2026-03-01T15:05:22.533564,(2(0)-1772395522:533564),GncDeployment.systemResources.CPU_05,268509194,5.94 percent
2026-03-01T15:05:22.533595,(2(0)-1772395522:533595),GncDeployment.systemResources.CPU_06,268509195,3.00 percent
2026-03-01T15:05:22.533628,(2(0)-1772395522:533628),GncDeployment.systemResources.CPU_07,268509196,1.00 percent
2026-03-01T15:05:22.533632,(2(0)-1772395522:533632),GncDeployment.systemResources.CPU,268509188,9.76 percent
2026-03-01T15:05:22.533663,(2(0)-1772395522:533663),GncDeployment.systemResources.MEMORY_TOTAL,268509184,5069968 KB
2026-03-01T15:05:22.533665,(2(0)-1772395522:533665),GncDeployment.systemResources.MEMORY_USED,268509185,4979568 KB
2026-03-01T15:05:22.533710,(2(0)-1772395522:533710),GncDeployment.systemResources.NON_VOLATILE_FREE,268509187,136006892 KB
2026-03-01T15:05:22.533713,(2(0)-1772395522:533713),GncDeployment.systemResources.NON_VOLATILE_TOTAL,268509186,239362496 KB
2026-03-01T15:05:22.533742,(2(0)-1772395522:533742),ComCcsds.comQueue.comQueueDepth,33554432,['0', '1']
2026-03-01T15:05:22.533747,(2(0)-1772395522:533747),ComCcsds.comQueue.buffQueueDepth,33554433,['0']
2026-03-01T15:05:23.535460,(2(0)-1772395523:535460),GncDeployment.systemResources.CPU_07,268509196,1.00 percent
2026-03-01T15:05:23.535463,(2(0)-1772395523:535463),GncDeployment.systemResources.CPU,268509188,9.06 percent
2026-03-01T15:05:23.535477,(2(0)-1772395523:535477),GncDeployment.systemResources.MEMORY_TOTAL,268509184,5068608 KB
2026-03-01T15:05:23.535479,(2(0)-1772395523:535479),GncDeployment.systemResources.MEMORY_USED,268509185,4985360 KB
2026-03-01T15:05:23.535505,(2(0)-1772395523:535505),GncDeployment.systemResources.NON_VOLATILE_FREE,268509187,136006892 KB
2026-03-01T15:05:23.535507,(2(0)-1772395523:535507),GncDeployment.systemResources.NON_VOLATILE_TOTAL,268509186,239362496 KB
2026-03-01T15:05:23.535532,(2(0)-1772395523:535532),ComCcsds.comQueue.comQueueDepth,33554432,['0', '1']
2026-03-01T15:05:23.535536,(2(0)-1772395523:535536),ComCcsds.comQueue.buffQueueDepth,33554433,['0']
2026-03-01T15:05:23.535253,(2(0)-1772395523:535253),GncDeployment.systemResources.CPU_01,268509190,12.12 percent
2026-03-01T15:05:23.535323,(2(0)-1772395523:535323),GncDeployment.systemResources.CPU_02,268509191,11.00 percent
2026-03-01T15:05:23.535349,(2(0)-1772395523:535349),GncDeployment.systemResources.CPU_03,268509192,9.00 percent
2026-03-01T15:05:23.535376,(2(0)-1772395523:535376),GncDeployment.systemResources.CPU_04,268509193,15.15 percent
2026-03-01T15:05:23.535410,(2(0)-1772395523:535410),GncDeployment.systemResources.CPU_05,268509194,4.00 percent
2026-03-01T15:05:23.535433,(2(0)-1772395523:535433),GncDeployment.systemResources.CPU_06,268509195,2.00 percent
2026-03-01T15:05:24.536833,(2(0)-1772395524:536833),GncDeployment.systemResources.CPU_00,268509189,14.85 percent
2026-03-01T15:05:24.536874,(2(0)-1772395524:536874),GncDeployment.systemResources.CPU_01,268509190,14.00 percent
2026-03-01T15:05:24.536912,(2(0)-1772395524:536912),GncDeployment.systemResources.CPU_02,268509191,9.00 percent
2026-03-01T15:05:24.536950,(2(0)-1772395524:536950),GncDeployment.systemResources.CPU_03,268509192,9.09 percent
2026-03-01T15:05:24.536984,(2(0)-1772395524:536984),GncDeployment.systemResources.CPU_04,268509193,9.90 percent
2026-03-01T15:05:24.537015,(2(0)-1772395524:537015),GncDeployment.systemResources.CPU_05,268509194,4.00 percent
2026-03-01T15:05:24.537049,(2(0)-1772395524:537049),GncDeployment.systemResources.CPU_06,268509195,4.00 percent
2026-03-01T15:05:24.537086,(2(0)-1772395524:537086),GncDeployment.systemResources.CPU_07,268509196,1.00 percent
2026-03-01T15:05:24.537090,(2(0)-1772395524:537090),GncDeployment.systemResources.CPU,268509188,8.23 percent
2026-03-01T15:05:24.537119,(2(0)-1772395524:537119),GncDeployment.systemResources.MEMORY_TOTAL,268509184,5073712 KB
2026-03-01T15:05:24.537121,(2(0)-1772395524:537121),GncDeployment.systemResources.MEMORY_USED,268509185,4998288 KB
2026-03-01T15:05:24.537177,(2(0)-1772395524:537177),GncDeployment.systemResources.NON_VOLATILE_FREE,268509187,136006876 KB
2026-03-01T15:05:24.537179,(2(0)-1772395524:537179),GncDeployment.systemResources.NON_VOLATILE_TOTAL,268509186,239362496 KB
2026-03-01T15:05:24.537209,(2(0)-1772395524:537209),ComCcsds.comQueue.comQueueDepth,33554432,['0', '1']
2026-03-01T15:05:24.537214,(2(0)-1772395524:537214),ComCcsds.comQueue.buffQueueDepth,33554433,['0']
2026-03-01T15:05:25.542550,(2(0)-1772395525:542550),GncDeployment.systemResources.CPU_07,268509196,0.00 percent
2026-03-01T15:05:25.542554,(2(0)-1772395525:542554),GncDeployment.systemResources.CPU,268509188,9.85 percent
2026-03-01T15:05:25.542584,(2(0)-1772395525:542584),GncDeployment.systemResources.MEMORY_TOTAL,268509184,5090224 KB
2026-03-01T15:05:25.542587,(2(0)-1772395525:542587),GncDeployment.systemResources.MEMORY_USED,268509185,4988464 KB
2026-03-01T15:05:25.542635,(2(0)-1772395525:542635),GncDeployment.systemResources.NON_VOLATILE_FREE,268509187,136006864 KB
2026-03-01T15:05:25.542638,(2(0)-1772395525:542638),GncDeployment.systemResources.NON_VOLATILE_TOTAL,268509186,239362496 KB
2026-03-01T15:05:25.542667,(2(0)-1772395525:542667),ComCcsds.comQueue.comQueueDepth,33554432,['0', '1']
2026-03-01T15:05:25.542672,(2(0)-1772395525:542672),ComCcsds.comQueue.buffQueueDepth,33554433,['0']
2026-03-01T15:05:26.545360,(2(0)-1772395526:545360),GncDeployment.systemResources.CPU_01,268509190,18.18 percent
2026-03-01T15:05:26.545377,(2(0)-1772395526:545377),GncDeployment.systemResources.CPU_02,268509191,12.12 percent
2026-03-01T15:05:26.545393,(2(0)-1772395526:545393),GncDeployment.systemResources.CPU_03,268509192,10.00 percent
2026-03-01T15:05:25.542452,(2(0)-1772395525:542452),GncDeployment.systemResources.CPU_04,268509193,11.00 percent
2026-03-01T15:05:25.542486,(2(0)-1772395525:542486),GncDeployment.systemResources.CPU_05,268509194,3.03 percent
2026-03-01T15:05:25.542517,(2(0)-1772395525:542517),GncDeployment.systemResources.CPU_06,268509195,1.98 percent
2026-03-01T15:05:26.545335,(2(0)-1772395526:545335),GncDeployment.systemResources.CPU_00,268509189,18.00 percent
2026-03-01T15:05:27.550784,(2(0)-1772395527:550784),GncDeployment.systemResources.CPU_00,268509189,21.00 percent
2026-03-01T15:05:26.545408,(2(0)-1772395526:545408),GncDeployment.systemResources.CPU_04,268509193,16.83 percent
2026-03-01T15:05:26.545451,(2(0)-1772395526:545451),GncDeployment.systemResources.CPU_05,268509194,5.88 percent
2026-03-01T15:05:26.545467,(2(0)-1772395526:545467),GncDeployment.systemResources.CPU_06,268509195,2.02 percent
2026-03-01T15:05:26.545482,(2(0)-1772395526:545482),GncDeployment.systemResources.CPU_07,268509196,1.00 percent
2026-03-01T15:05:26.545483,(2(0)-1772395526:545483),GncDeployment.systemResources.CPU,268509188,10.50 percent
2026-03-01T15:05:26.545494,(2(0)-1772395526:545494),GncDeployment.systemResources.MEMORY_TOTAL,268509184,5096544 KB
2026-03-01T15:05:26.545495,(2(0)-1772395526:545495),GncDeployment.systemResources.MEMORY_USED,268509185,4997072 KB
2026-03-01T15:05:26.545511,(2(0)-1772395526:545511),GncDeployment.systemResources.NON_VOLATILE_FREE,268509187,136006848 KB
2026-03-01T15:05:26.545512,(2(0)-1772395526:545512),GncDeployment.systemResources.NON_VOLATILE_TOTAL,268509186,239362496 KB
2026-03-01T15:05:26.545529,(2(0)-1772395526:545529),ComCcsds.comQueue.comQueueDepth,33554432,['0', '1']
2026-03-01T15:05:26.545531,(2(0)-1772395526:545531),ComCcsds.comQueue.buffQueueDepth,33554433,['0']
2026-03-01T15:05:27.551092,(2(0)-1772395527:551092),GncDeployment.systemResources.CPU_07,268509196,2.97 percent
2026-03-01T15:05:27.551095,(2(0)-1772395527:551095),GncDeployment.systemResources.CPU,268509188,11.57 percent
2026-03-01T15:05:27.551119,(2(0)-1772395527:551119),GncDeployment.systemResources.MEMORY_TOTAL,268509184,5101808 KB
2026-03-01T15:05:27.551121,(2(0)-1772395527:551121),GncDeployment.systemResources.MEMORY_USED,268509185,5009104 KB
2026-03-01T15:05:27.551163,(2(0)-1772395527:551163),GncDeployment.systemResources.NON_VOLATILE_FREE,268509187,136006640 KB
2026-03-01T15:05:27.551165,(2(0)-1772395527:551165),GncDeployment.systemResources.NON_VOLATILE_TOTAL,268509186,239362496 KB
2026-03-01T15:05:27.551398,(2(0)-1772395527:551398),ComCcsds.comQueue.comQueueDepth,33554432,['0', '1']
2026-03-01T15:05:27.551403,(2(0)-1772395527:551403),ComCcsds.comQueue.buffQueueDepth,33554433,['0']
2026-03-01T15:05:27.550836,(2(0)-1772395527:550836),GncDeployment.systemResources.CPU_01,268509190,17.00 percent
2026-03-01T15:05:27.550921,(2(0)-1772395527:550921),GncDeployment.systemResources.CPU_02,268509191,15.84 percent
2026-03-01T15:05:27.550959,(2(0)-1772395527:550959),GncDeployment.systemResources.CPU_03,268509192,11.76 percent
2026-03-01T15:05:27.550995,(2(0)-1772395527:550995),GncDeployment.systemResources.CPU_04,268509193,13.00 percent
2026-03-01T15:05:27.551026,(2(0)-1772395527:551026),GncDeployment.systemResources.CPU_05,268509194,6.06 percent
2026-03-01T15:05:27.551058,(2(0)-1772395527:551058),GncDeployment.systemResources.CPU_06,268509195,4.95 percent
2026-03-01T15:05:28.554929,(2(0)-1772395528:554929),GncDeployment.systemResources.CPU_00,268509189,15.00 percent
2026-03-01T15:05:28.554966,(2(0)-1772395528:554966),GncDeployment.systemResources.CPU_01,268509190,15.00 percent
2026-03-01T15:05:28.554991,(2(0)-1772395528:554991),GncDeployment.systemResources.CPU_02,268509191,13.13 percent
2026-03-01T15:05:28.555011,(2(0)-1772395528:555011),GncDeployment.systemResources.CPU_03,268509192,9.09 percent
2026-03-01T15:05:28.555037,(2(0)-1772395528:555037),GncDeployment.systemResources.CPU_04,268509193,12.00 percent
2026-03-01T15:05:28.555057,(2(0)-1772395528:555057),GncDeployment.systemResources.CPU_05,268509194,7.84 percent
2026-03-01T15:05:28.555079,(2(0)-1772395528:555079),GncDeployment.systemResources.CPU_06,268509195,2.97 percent
2026-03-01T15:05:28.555099,(2(0)-1772395528:555099),GncDeployment.systemResources.CPU_07,268509196,1.98 percent
2026-03-01T15:05:28.555102,(2(0)-1772395528:555102),GncDeployment.systemResources.CPU,268509188,9.63 percent
2026-03-01T15:05:28.555121,(2(0)-1772395528:555121),GncDeployment.systemResources.MEMORY_TOTAL,268509184,5101568 KB
2026-03-01T15:05:28.555122,(2(0)-1772395528:555122),GncDeployment.systemResources.MEMORY_USED,268509185,5031760 KB
2026-03-01T15:05:28.555159,(2(0)-1772395528:555159),GncDeployment.systemResources.NON_VOLATILE_FREE,268509187,136006632 KB
2026-03-01T15:05:28.555161,(2(0)-1772395528:555161),GncDeployment.systemResources.NON_VOLATILE_TOTAL,268509186,239362496 KB
2026-03-01T15:05:28.555179,(2(0)-1772395528:555179),ComCcsds.comQueue.comQueueDepth,33554432,['0', '1']
2026-03-01T15:05:28.555182,(2(0)-1772395528:555182),ComCcsds.comQueue.buffQueueDepth,33554433,['0']
2026-03-01T15:05:29.560534,(2(0)-1772395529:560534),GncDeployment.systemResources.CPU_07,268509196,1.00 percent
2026-03-01T15:05:29.560539,(2(0)-1772395529:560539),GncDeployment.systemResources.CPU,268509188,9.97 percent
2026-03-01T15:05:29.560566,(2(0)-1772395529:560566),GncDeployment.systemResources.MEMORY_TOTAL,268509184,5104784 KB
2026-03-01T15:05:29.560568,(2(0)-1772395529:560568),GncDeployment.systemResources.MEMORY_USED,268509185,5038800 KB
2026-03-01T15:05:29.560598,(2(0)-1772395529:560598),GncDeployment.systemResources.NON_VOLATILE_FREE,268509187,136006624 KB
2026-03-01T15:05:29.560601,(2(0)-1772395529:560601),GncDeployment.systemResources.NON_VOLATILE_TOTAL,268509186,239362496 KB
2026-03-01T15:05:29.560630,(2(0)-1772395529:560630),ComCcsds.comQueue.comQueueDepth,33554432,['0', '1']
2026-03-01T15:05:29.560637,(2(0)-1772395529:560637),ComCcsds.comQueue.buffQueueDepth,33554433,['0']
2026-03-01T15:05:29.560335,(2(0)-1772395529:560335),GncDeployment.systemResources.CPU_01,268509190,14.00 percent
2026-03-01T15:05:29.560367,(2(0)-1772395529:560367),GncDeployment.systemResources.CPU_02,268509191,10.89 percent
2026-03-01T15:05:29.560398,(2(0)-1772395529:560398),GncDeployment.systemResources.CPU_03,268509192,13.86 percent
2026-03-01T15:05:29.560432,(2(0)-1772395529:560432),GncDeployment.systemResources.CPU_04,268509193,14.00 percent
2026-03-01T15:05:29.560467,(2(0)-1772395529:560467),GncDeployment.systemResources.CPU_05,268509194,8.00 percent
2026-03-01T15:05:29.560498,(2(0)-1772395529:560498),GncDeployment.systemResources.CPU_06,268509195,3.00 percent
2026-03-01T15:05:29.560295,(2(0)-1772395529:560295),GncDeployment.systemResources.CPU_00,268509189,15.00 percent
2026-03-01T15:05:30.565516,(2(0)-1772395530:565516),GncDeployment.systemResources.CPU_00,268509189,13.00 percent
2026-03-01T15:05:30.565535,(2(0)-1772395530:565535),GncDeployment.systemResources.CPU_01,268509190,11.88 percent
2026-03-01T15:05:30.565550,(2(0)-1772395530:565550),GncDeployment.systemResources.CPU_02,268509191,10.00 percent
2026-03-01T15:05:30.565564,(2(0)-1772395530:565564),GncDeployment.systemResources.CPU_03,268509192,8.08 percent
2026-03-01T15:05:30.565579,(2(0)-1772395530:565579),GncDeployment.systemResources.CPU_04,268509193,9.90 percent
2026-03-01T15:05:30.565592,(2(0)-1772395530:565592),GncDeployment.systemResources.CPU_05,268509194,3.00 percent
2026-03-01T15:05:30.565606,(2(0)-1772395530:565606),GncDeployment.systemResources.CPU_06,268509195,1.00 percent
2026-03-01T15:05:30.565619,(2(0)-1772395530:565619),GncDeployment.systemResources.CPU_07,268509196,1.00 percent
2026-03-01T15:05:30.565621,(2(0)-1772395530:565621),GncDeployment.systemResources.CPU,268509188,7.23 percent
2026-03-01T15:05:30.565631,(2(0)-1772395530:565631),GncDeployment.systemResources.MEMORY_TOTAL,268509184,5112592 KB
2026-03-01T15:05:30.565632,(2(0)-1772395530:565632),GncDeployment.systemResources.MEMORY_USED,268509185,4994880 KB
2026-03-01T15:05:30.565652,(2(0)-1772395530:565652),GncDeployment.systemResources.NON_VOLATILE_FREE,268509187,136006624 KB
2026-03-01T15:05:30.565653,(2(0)-1772395530:565653),GncDeployment.systemResources.NON_VOLATILE_TOTAL,268509186,239362496 KB
2026-03-01T15:05:30.565672,(2(0)-1772395530:565672),ComCcsds.comQueue.comQueueDepth,33554432,['0', '1']
2026-03-01T15:05:30.565674,(2(0)-1772395530:565674),ComCcsds.comQueue.buffQueueDepth,33554433,['0']
2026-03-01T15:05:31.569826,(2(0)-1772395531:569826),GncDeployment.systemResources.CPU_07,268509196,9.90 percent
2026-03-01T15:05:31.569827,(2(0)-1772395531:569827),GncDeployment.systemResources.CPU,268509188,15.57 percent
2026-03-01T15:05:31.569836,(2(0)-1772395531:569836),GncDeployment.systemResources.MEMORY_TOTAL,268509184,5113936 KB
2026-03-01T15:05:31.569838,(2(0)-1772395531:569838),GncDeployment.systemResources.MEMORY_USED,268509185,5046512 KB
2026-03-01T15:05:31.569855,(2(0)-1772395531:569855),GncDeployment.systemResources.NON_VOLATILE_FREE,268509187,136006624 KB
2026-03-01T15:05:31.569856,(2(0)-1772395531:569856),GncDeployment.systemResources.NON_VOLATILE_TOTAL,268509186,239362496 KB
2026-03-01T15:05:31.569873,(2(0)-1772395531:569873),ComCcsds.comQueue.comQueueDepth,33554432,['0', '1']
2026-03-01T15:05:31.569875,(2(0)-1772395531:569875),ComCcsds.comQueue.buffQueueDepth,33554433,['0']
2026-03-01T15:05:31.569747,(2(0)-1772395531:569747),GncDeployment.systemResources.CPU_01,268509190,15.15 percent
2026-03-01T15:05:31.569763,(2(0)-1772395531:569763),GncDeployment.systemResources.CPU_02,268509191,15.00 percent
2026-03-01T15:05:31.569776,(2(0)-1772395531:569776),GncDeployment.systemResources.CPU_03,268509192,10.89 percent
2026-03-01T15:05:31.569789,(2(0)-1772395531:569789),GncDeployment.systemResources.CPU_04,268509193,24.75 percent
2026-03-01T15:05:31.569801,(2(0)-1772395531:569801),GncDeployment.systemResources.CPU_05,268509194,22.00 percent
2026-03-01T15:05:31.569813,(2(0)-1772395531:569813),GncDeployment.systemResources.CPU_06,268509195,11.88 percent
2026-03-01T15:05:31.569701,(2(0)-1772395531:569701),GncDeployment.systemResources.CPU_00,268509189,15.00 percent
2026-03-01T15:05:32.575090,(2(0)-1772395532:575090),GncDeployment.systemResources.CPU_00,268509189,20.00 percent
2026-03-01T15:05:32.575127,(2(0)-1772395532:575127),GncDeployment.systemResources.CPU_01,268509190,20.20 percent
2026-03-01T15:05:32.575146,(2(0)-1772395532:575146),GncDeployment.systemResources.CPU_02,268509191,14.00 percent
2026-03-01T15:05:32.575162,(2(0)-1772395532:575162),GncDeployment.systemResources.CPU_03,268509192,11.00 percent
2026-03-01T15:05:32.575180,(2(0)-1772395532:575180),GncDeployment.systemResources.CPU_04,268509193,18.18 percent
2026-03-01T15:05:32.575196,(2(0)-1772395532:575196),GncDeployment.systemResources.CPU_05,268509194,27.00 percent
2026-03-01T15:05:32.575211,(2(0)-1772395532:575211),GncDeployment.systemResources.CPU_06,268509195,6.06 percent
2026-03-01T15:05:32.575226,(2(0)-1772395532:575226),GncDeployment.systemResources.CPU_07,268509196,3.00 percent
2026-03-01T15:05:32.575229,(2(0)-1772395532:575229),GncDeployment.systemResources.CPU,268509188,14.93 percent
2026-03-01T15:05:32.575244,(2(0)-1772395532:575244),GncDeployment.systemResources.MEMORY_TOTAL,268509184,5019312 KB
2026-03-01T15:05:32.575245,(2(0)-1772395532:575245),GncDeployment.systemResources.MEMORY_USED,268509185,4904592 KB
2026-03-01T15:05:32.575284,(2(0)-1772395532:575284),GncDeployment.systemResources.NON_VOLATILE_FREE,268509187,136006620 KB
2026-03-01T15:05:32.575286,(2(0)-1772395532:575286),GncDeployment.systemResources.NON_VOLATILE_TOTAL,268509186,239362496 KB
2026-03-01T15:05:32.575312,(2(0)-1772395532:575312),ComCcsds.comQueue.comQueueDepth,33554432,['0', '1']
2026-03-01T15:05:32.575315,(2(0)-1772395532:575315),ComCcsds.comQueue.buffQueueDepth,33554433,['0']
2026-03-01T15:05:33.577594,(2(0)-1772395533:577594),GncDeployment.systemResources.CPU_07,268509196,1.00 percent
2026-03-01T15:05:33.577596,(2(0)-1772395533:577596),GncDeployment.systemResources.CPU,268509188,11.77 percent
2026-03-01T15:05:33.577608,(2(0)-1772395533:577608),GncDeployment.systemResources.MEMORY_TOTAL,268509184,5021424 KB
2026-03-01T15:05:33.577609,(2(0)-1772395533:577609),GncDeployment.systemResources.MEMORY_USED,268509185,4909904 KB
2026-03-01T15:05:33.577636,(2(0)-1772395533:577636),GncDeployment.systemResources.NON_VOLATILE_FREE,268509187,136006616 KB
2026-03-01T15:05:33.577638,(2(0)-1772395533:577638),GncDeployment.systemResources.NON_VOLATILE_TOTAL,268509186,239362496 KB
2026-03-01T15:05:33.577655,(2(0)-1772395533:577655),ComCcsds.comQueue.comQueueDepth,33554432,['0', '1']
2026-03-01T15:05:33.577658,(2(0)-1772395533:577658),ComCcsds.comQueue.buffQueueDepth,33554433,['0']
2026-03-01T15:05:33.577494,(2(0)-1772395533:577494),GncDeployment.systemResources.CPU_01,268509190,20.79 percent
2026-03-01T15:05:33.577512,(2(0)-1772395533:577512),GncDeployment.systemResources.CPU_02,268509191,16.00 percent
2026-03-01T15:05:33.577529,(2(0)-1772395533:577529),GncDeployment.systemResources.CPU_03,268509192,11.00 percent
2026-03-01T15:05:33.577545,(2(0)-1772395533:577545),GncDeployment.systemResources.CPU_04,268509193,17.17 percent
2026-03-01T15:05:33.577560,(2(0)-1772395533:577560),GncDeployment.systemResources.CPU_05,268509194,6.00 percent
2026-03-01T15:05:33.577575,(2(0)-1772395533:577575),GncDeployment.systemResources.CPU_06,268509195,2.97 percent
2026-03-01T15:05:33.577471,(2(0)-1772395533:577471),GncDeployment.systemResources.CPU_00,268509189,19.19 percent
2026-03-01T15:05:35.586101,(2(0)-1772395535:586101),GncDeployment.systemResources.CPU_00,268509189,17.82 percent
2026-03-01T15:05:35.586127,(2(0)-1772395535:586127),GncDeployment.systemResources.CPU_01,268509190,16.16 percent
2026-03-01T15:05:35.586143,(2(0)-1772395535:586143),GncDeployment.systemResources.CPU_02,268509191,11.00 percent
2026-03-01T15:05:35.586164,(2(0)-1772395535:586164),GncDeployment.systemResources.CPU_03,268509192,9.00 percent
2026-03-01T15:05:35.586206,(2(0)-1772395535:586206),GncDeployment.systemResources.CPU_04,268509193,24.75 percent
2026-03-01T15:05:34.581637,(2(0)-1772395534:581637),GncDeployment.systemResources.CPU_05,268509194,15.00 percent
2026-03-01T15:05:34.581661,(2(0)-1772395534:581661),GncDeployment.systemResources.CPU_06,268509195,4.95 percent
2026-03-01T15:05:34.581686,(2(0)-1772395534:581686),GncDeployment.systemResources.CPU_07,268509196,3.96 percent
2026-03-01T15:05:34.581689,(2(0)-1772395534:581689),GncDeployment.systemResources.CPU,268509188,16.00 percent
2026-03-01T15:05:34.581705,(2(0)-1772395534:581705),GncDeployment.systemResources.MEMORY_TOTAL,268509184,5035776 KB
2026-03-01T15:05:34.581707,(2(0)-1772395534:581707),GncDeployment.systemResources.MEMORY_USED,268509185,4917888 KB
2026-03-01T15:05:34.581733,(2(0)-1772395534:581733),GncDeployment.systemResources.NON_VOLATILE_FREE,268509187,136006616 KB
2026-03-01T15:05:34.581735,(2(0)-1772395534:581735),GncDeployment.systemResources.NON_VOLATILE_TOTAL,268509186,239362496 KB
2026-03-01T15:05:34.581833,(2(0)-1772395534:581833),ComCcsds.comQueue.comQueueDepth,33554432,['0', '1']
2026-03-01T15:05:34.581838,(2(0)-1772395534:581838),ComCcsds.comQueue.buffQueueDepth,33554433,['0']
2026-03-01T15:05:35.586267,(2(0)-1772395535:586267),GncDeployment.systemResources.CPU_07,268509196,1.00 percent
2026-03-01T15:05:35.586269,(2(0)-1772395535:586269),GncDeployment.systemResources.CPU,268509188,13.32 percent
2026-03-01T15:05:35.586282,(2(0)-1772395535:586282),GncDeployment.systemResources.MEMORY_TOTAL,268509184,5037408 KB
2026-03-01T15:05:35.586284,(2(0)-1772395535:586284),GncDeployment.systemResources.MEMORY_USED,268509185,4920624 KB
2026-03-01T15:05:35.586312,(2(0)-1772395535:586312),GncDeployment.systemResources.NON_VOLATILE_FREE,268509187,136006612 KB
2026-03-01T15:05:35.586313,(2(0)-1772395535:586313),GncDeployment.systemResources.NON_VOLATILE_TOTAL,268509186,239362496 KB
2026-03-01T15:05:35.586331,(2(0)-1772395535:586331),ComCcsds.comQueue.comQueueDepth,33554432,['0', '1']
2026-03-01T15:05:35.586333,(2(0)-1772395535:586333),ComCcsds.comQueue.buffQueueDepth,33554433,['0']
2026-03-01T15:05:35.586223,(2(0)-1772395535:586223),GncDeployment.systemResources.CPU_05,268509194,22.77 percent
2026-03-01T15:05:35.586250,(2(0)-1772395535:586250),GncDeployment.systemResources.CPU_06,268509195,4.04 percent
2026-03-01T15:05:36.588234,(2(0)-1772395536:588234),GncDeployment.systemResources.CPU_00,268509189,28.00 percent
2026-03-01T15:05:36.588266,(2(0)-1772395536:588266),GncDeployment.systemResources.CPU_01,268509190,25.00 percent
2026-03-01T15:05:36.588293,(2(0)-1772395536:588293),GncDeployment.systemResources.CPU_02,268509191,16.16 percent
2026-03-01T15:05:36.588365,(2(0)-1772395536:588365),GncDeployment.systemResources.CPU_03,268509192,12.87 percent
2026-03-01T15:05:36.588395,(2(0)-1772395536:588395),GncDeployment.systemResources.CPU_04,268509193,24.24 percent
2026-03-01T15:05:36.588423,(2(0)-1772395536:588423),GncDeployment.systemResources.CPU_05,268509194,27.00 percent
2026-03-01T15:05:36.588449,(2(0)-1772395536:588449),GncDeployment.systemResources.CPU_06,268509195,13.86 percent
2026-03-01T15:05:36.588475,(2(0)-1772395536:588475),GncDeployment.systemResources.CPU_07,268509196,9.90 percent
2026-03-01T15:05:36.588478,(2(0)-1772395536:588478),GncDeployment.systemResources.CPU,268509188,19.63 percent
2026-03-01T15:05:36.588494,(2(0)-1772395536:588494),GncDeployment.systemResources.MEMORY_TOTAL,268509184,5039440 KB
2026-03-01T15:05:36.588497,(2(0)-1772395536:588497),GncDeployment.systemResources.MEMORY_USED,268509185,4904320 KB
2026-03-01T15:05:36.588518,(2(0)-1772395536:588518),GncDeployment.systemResources.NON_VOLATILE_FREE,268509187,136006612 KB
2026-03-01T15:05:36.588520,(2(0)-1772395536:588520),GncDeployment.systemResources.NON_VOLATILE_TOTAL,268509186,239362496 KB
2026-03-01T15:05:36.588539,(2(0)-1772395536:588539),ComCcsds.comQueue.comQueueDepth,33554432,['0', '1']
2026-03-01T15:05:36.588543,(2(0)-1772395536:588543),ComCcsds.comQueue.buffQueueDepth,33554433,['0']
2026-03-01T15:05:37.593724,(2(0)-1772395537:593724),GncDeployment.systemResources.CPU_07,268509196,2.00 percent
2026-03-01T15:05:37.593727,(2(0)-1772395537:593727),GncDeployment.systemResources.CPU,268509188,13.92 percent
2026-03-01T15:05:37.593744,(2(0)-1772395537:593744),GncDeployment.systemResources.MEMORY_TOTAL,268509184,5040624 KB
2026-03-01T15:05:37.593746,(2(0)-1772395537:593746),GncDeployment.systemResources.MEMORY_USED,268509185,4891504 KB
2026-03-01T15:05:37.593770,(2(0)-1772395537:593770),GncDeployment.systemResources.NON_VOLATILE_FREE,268509187,136006608 KB
2026-03-01T15:05:37.593771,(2(0)-1772395537:593771),GncDeployment.systemResources.NON_VOLATILE_TOTAL,268509186,239362496 KB
2026-03-01T15:05:37.593791,(2(0)-1772395537:593791),ComCcsds.comQueue.comQueueDepth,33554432,['0', '1']
2026-03-01T15:05:37.593795,(2(0)-1772395537:593795),ComCcsds.comQueue.buffQueueDepth,33554433,['0']
2026-03-01T15:05:37.593560,(2(0)-1772395537:593560),GncDeployment.systemResources.CPU_01,268509190,16.00 percent
2026-03-01T15:05:37.593586,(2(0)-1772395537:593586),GncDeployment.systemResources.CPU_02,268509191,14.71 percent
2026-03-01T15:05:37.593609,(2(0)-1772395537:593609),GncDeployment.systemResources.CPU_03,268509192,11.00 percent
2026-03-01T15:05:37.593644,(2(0)-1772395537:593644),GncDeployment.systemResources.CPU_04,268509193,15.69 percent
2026-03-01T15:05:37.593669,(2(0)-1772395537:593669),GncDeployment.systemResources.CPU_05,268509194,25.74 percent
2026-03-01T15:05:37.593695,(2(0)-1772395537:593695),GncDeployment.systemResources.CPU_06,268509195,6.00 percent
2026-03-01T15:05:37.593527,(2(0)-1772395537:593527),GncDeployment.systemResources.CPU_00,268509189,20.20 percent
2026-03-01T15:05:39.600033,(2(0)-1772395539:600033),GncDeployment.systemResources.CPU_00,268509189,21.78 percent
2026-03-01T15:05:38.594871,(2(0)-1772395538:594871),GncDeployment.systemResources.CPU_01,268509190,17.17 percent
2026-03-01T15:05:38.594888,(2(0)-1772395538:594888),GncDeployment.systemResources.CPU_02,268509191,12.12 percent
2026-03-01T15:05:38.594906,(2(0)-1772395538:594906),GncDeployment.systemResources.CPU_03,268509192,10.00 percent
2026-03-01T15:05:38.594921,(2(0)-1772395538:594921),GncDeployment.systemResources.CPU_04,268509193,20.20 percent
2026-03-01T15:05:38.594937,(2(0)-1772395538:594937),GncDeployment.systemResources.CPU_05,268509194,24.00 percent
2026-03-01T15:05:38.594952,(2(0)-1772395538:594952),GncDeployment.systemResources.CPU_06,268509195,10.00 percent
2026-03-01T15:05:38.594963,(2(0)-1772395538:594963),GncDeployment.systemResources.CPU_07,268509196,6.00 percent
2026-03-01T15:05:38.594964,(2(0)-1772395538:594964),GncDeployment.systemResources.CPU,268509188,14.58 percent
2026-03-01T15:05:38.594973,(2(0)-1772395538:594973),GncDeployment.systemResources.MEMORY_TOTAL,268509184,5041760 KB
2026-03-01T15:05:38.594974,(2(0)-1772395538:594974),GncDeployment.systemResources.MEMORY_USED,268509185,4890096 KB
2026-03-01T15:05:38.594995,(2(0)-1772395538:594995),GncDeployment.systemResources.NON_VOLATILE_FREE,268509187,136006608 KB
2026-03-01T15:05:38.594997,(2(0)-1772395538:594997),GncDeployment.systemResources.NON_VOLATILE_TOTAL,268509186,239362496 KB
2026-03-01T15:05:38.595016,(2(0)-1772395538:595016),ComCcsds.comQueue.comQueueDepth,33554432,['0', '1']
2026-03-01T15:05:38.595018,(2(0)-1772395538:595018),ComCcsds.comQueue.buffQueueDepth,33554433,['0']
2026-03-01T15:05:39.600157,(2(0)-1772395539:600157),GncDeployment.systemResources.CPU_07,268509196,3.96 percent
2026-03-01T15:05:39.600159,(2(0)-1772395539:600159),GncDeployment.systemResources.CPU,268509188,15.82 percent
2026-03-01T15:05:39.600171,(2(0)-1772395539:600171),GncDeployment.systemResources.MEMORY_TOTAL,268509184,5042704 KB
2026-03-01T15:05:39.600172,(2(0)-1772395539:600172),GncDeployment.systemResources.MEMORY_USED,268509185,4901584 KB
2026-03-01T15:05:39.600192,(2(0)-1772395539:600192),GncDeployment.systemResources.NON_VOLATILE_FREE,268509187,136006696 KB
2026-03-01T15:05:39.600193,(2(0)-1772395539:600193),GncDeployment.systemResources.NON_VOLATILE_TOTAL,268509186,239362496 KB
2026-03-01T15:05:39.600216,(2(0)-1772395539:600216),ComCcsds.comQueue.comQueueDepth,33554432,['0', '1']
2026-03-01T15:05:39.600219,(2(0)-1772395539:600219),ComCcsds.comQueue.buffQueueDepth,33554433,['0']
2026-03-01T15:05:39.600054,(2(0)-1772395539:600054),GncDeployment.systemResources.CPU_01,268509190,23.00 percent
2026-03-01T15:05:39.600073,(2(0)-1772395539:600073),GncDeployment.systemResources.CPU_02,268509191,14.85 percent
2026-03-01T15:05:39.600095,(2(0)-1772395539:600095),GncDeployment.systemResources.CPU_03,268509192,11.00 percent
2026-03-01T15:05:39.600113,(2(0)-1772395539:600113),GncDeployment.systemResources.CPU_04,268509193,26.00 percent
2026-03-01T15:05:39.600128,(2(0)-1772395539:600128),GncDeployment.systemResources.CPU_05,268509194,16.00 percent
2026-03-01T15:05:39.600141,(2(0)-1772395539:600141),GncDeployment.systemResources.CPU_06,268509195,10.00 percent
2026-03-01T15:05:40.600982,(2(0)-1772395540:600982),GncDeployment.systemResources.CPU_00,268509189,22.22 percent
2026-03-01T15:05:40.601018,(2(0)-1772395540:601018),GncDeployment.systemResources.CPU_01,268509190,20.00 percent
2026-03-01T15:05:40.601040,(2(0)-1772395540:601040),GncDeployment.systemResources.CPU_02,268509191,16.33 percent
2026-03-01T15:05:40.601062,(2(0)-1772395540:601062),GncDeployment.systemResources.CPU_03,268509192,15.00 percent
2026-03-01T15:05:40.601086,(2(0)-1772395540:601086),GncDeployment.systemResources.CPU_04,268509193,14.00 percent
2026-03-01T15:05:40.601108,(2(0)-1772395540:601108),GncDeployment.systemResources.CPU_05,268509194,4.04 percent
2026-03-01T15:05:40.601135,(2(0)-1772395540:601135),GncDeployment.systemResources.CPU_06,268509195,7.00 percent
2026-03-01T15:05:40.601158,(2(0)-1772395540:601158),GncDeployment.systemResources.CPU_07,268509196,1.01 percent
2026-03-01T15:05:40.601161,(2(0)-1772395540:601161),GncDeployment.systemResources.CPU,268509188,12.45 percent
2026-03-01T15:05:40.601180,(2(0)-1772395540:601180),GncDeployment.systemResources.MEMORY_TOTAL,268509184,5044000 KB
2026-03-01T15:05:40.601182,(2(0)-1772395540:601182),GncDeployment.systemResources.MEMORY_USED,268509185,4904192 KB
2026-03-01T15:05:40.601227,(2(0)-1772395540:601227),GncDeployment.systemResources.NON_VOLATILE_FREE,268509187,136006684 KB
2026-03-01T15:05:40.601229,(2(0)-1772395540:601229),GncDeployment.systemResources.NON_VOLATILE_TOTAL,268509186,239362496 KB
2026-03-01T15:05:40.601251,(2(0)-1772395540:601251),ComCcsds.comQueue.comQueueDepth,33554432,['0', '1']
2026-03-01T15:05:40.601256,(2(0)-1772395540:601256),ComCcsds.comQueue.buffQueueDepth,33554433,['0']
2026-03-01T15:05:41.605113,(2(0)-1772395541:605113),GncDeployment.systemResources.CPU_07,268509196,1.98 percent
2026-03-01T15:05:41.605116,(2(0)-1772395541:605116),GncDeployment.systemResources.CPU,268509188,8.11 percent
2026-03-01T15:05:41.605136,(2(0)-1772395541:605136),GncDeployment.systemResources.MEMORY_TOTAL,268509184,5045088 KB
2026-03-01T15:05:41.605138,(2(0)-1772395541:605138),GncDeployment.systemResources.MEMORY_USED,268509185,4904464 KB
2026-03-01T15:05:41.605173,(2(0)-1772395541:605173),GncDeployment.systemResources.NON_VOLATILE_FREE,268509187,136006684 KB
2026-03-01T15:05:41.605175,(2(0)-1772395541:605175),GncDeployment.systemResources.NON_VOLATILE_TOTAL,268509186,239362496 KB
2026-03-01T15:05:41.605197,(2(0)-1772395541:605197),ComCcsds.comQueue.comQueueDepth,33554432,['0', '1']
2026-03-01T15:05:41.605201,(2(0)-1772395541:605201),ComCcsds.comQueue.buffQueueDepth,33554433,['0']
2026-03-01T15:05:41.604952,(2(0)-1772395541:604952),GncDeployment.systemResources.CPU_01,268509190,16.00 percent
2026-03-01T15:05:41.604978,(2(0)-1772395541:604978),GncDeployment.systemResources.CPU_02,268509191,13.86 percent
2026-03-01T15:05:41.605003,(2(0)-1772395541:605003),GncDeployment.systemResources.CPU_03,268509192,8.08 percent
2026-03-01T15:05:41.605032,(2(0)-1772395541:605032),GncDeployment.systemResources.CPU_04,268509193,3.00 percent
2026-03-01T15:05:41.605058,(2(0)-1772395541:605058),GncDeployment.systemResources.CPU_05,268509194,3.00 percent
2026-03-01T15:05:41.605085,(2(0)-1772395541:605085),GncDeployment.systemResources.CPU_06,268509195,1.98 percent
2026-03-01T15:05:41.604918,(2(0)-1772395541:604918),GncDeployment.systemResources.CPU_00,268509189,17.00 percent
2026-03-01T15:05:43.612982,(2(0)-1772395543:612982),GncDeployment.systemResources.CPU_00,268509189,25.00 percent
2026-03-01T15:05:43.613025,(2(0)-1772395543:613025),GncDeployment.systemResources.CPU_01,268509190,21.00 percent
2026-03-01T15:05:43.613057,(2(0)-1772395543:613057),GncDeployment.systemResources.CPU_02,268509191,19.00 percent
2026-03-01T15:05:43.613087,(2(0)-1772395543:613087),GncDeployment.systemResources.CPU_03,268509192,13.13 percent
2026-03-01T15:05:43.613121,(2(0)-1772395543:613121),GncDeployment.systemResources.CPU_04,268509193,14.85 percent
2026-03-01T15:05:43.613157,(2(0)-1772395543:613157),GncDeployment.systemResources.CPU_05,268509194,4.04 percent
2026-03-01T15:05:43.613186,(2(0)-1772395543:613186),GncDeployment.systemResources.CPU_06,268509195,2.97 percent
2026-03-01T15:05:43.613216,(2(0)-1772395543:613216),GncDeployment.systemResources.CPU_07,268509196,0.99 percent
2026-03-01T15:05:43.613220,(2(0)-1772395543:613220),GncDeployment.systemResources.CPU,268509188,12.62 percent
2026-03-01T15:05:43.613242,(2(0)-1772395543:613242),GncDeployment.systemResources.MEMORY_TOTAL,268509184,5052528 KB
2026-03-01T15:05:43.613245,(2(0)-1772395543:613245),GncDeployment.systemResources.MEMORY_USED,268509185,4917328 KB
2026-03-01T15:05:43.613278,(2(0)-1772395543:613278),GncDeployment.systemResources.NON_VOLATILE_FREE,268509187,136006724 KB
2026-03-01T15:05:43.613281,(2(0)-1772395543:613281),GncDeployment.systemResources.NON_VOLATILE_TOTAL,268509186,239362496 KB
2026-03-01T15:05:43.613339,(2(0)-1772395543:613339),ComCcsds.comQueue.comQueueDepth,33554432,['0', '0']
2026-03-01T15:05:43.613343,(2(0)-1772395543:613343),ComCcsds.comQueue.buffQueueDepth,33554433,['0']
2026-03-01T15:05:44.615682,(2(0)-1772395544:615682),GncDeployment.systemResources.CPU_00,268509189,23.23 percent
2026-03-01T15:05:44.615763,(2(0)-1772395544:615763),GncDeployment.systemResources.CPU_01,268509190,19.19 percent
2026-03-01T15:05:44.615784,(2(0)-1772395544:615784),GncDeployment.systemResources.CPU_02,268509191,17.17 percent
2026-03-01T15:05:44.615802,(2(0)-1772395544:615802),GncDeployment.systemResources.CPU_03,268509192,14.00 percent
2026-03-01T15:05:44.615824,(2(0)-1772395544:615824),GncDeployment.systemResources.CPU_04,268509193,15.15 percent
2026-03-01T15:05:44.615843,(2(0)-1772395544:615843),GncDeployment.systemResources.CPU_05,268509194,4.90 percent
2026-03-01T15:05:44.615860,(2(0)-1772395544:615860),GncDeployment.systemResources.CPU_06,268509195,3.03 percent
2026-03-01T15:05:44.615878,(2(0)-1772395544:615878),GncDeployment.systemResources.CPU_07,268509196,1.00 percent
2026-03-01T15:05:44.615880,(2(0)-1772395544:615880),GncDeployment.systemResources.CPU,268509188,12.21 percent
2026-03-01T15:05:44.615892,(2(0)-1772395544:615892),GncDeployment.systemResources.MEMORY_TOTAL,268509184,5053344 KB
2026-03-01T15:05:44.615894,(2(0)-1772395544:615894),GncDeployment.systemResources.MEMORY_USED,268509185,4904624 KB
2026-03-01T15:05:44.615925,(2(0)-1772395544:615925),GncDeployment.systemResources.NON_VOLATILE_FREE,268509187,136006724 KB
2026-03-01T15:05:44.615927,(2(0)-1772395544:615927),GncDeployment.systemResources.NON_VOLATILE_TOTAL,268509186,239362496 KB
2026-03-01T15:05:44.615962,(2(0)-1772395544:615962),ComCcsds.comQueue.comQueueDepth,33554432,['0', '1']
2026-03-01T15:05:44.615965,(2(0)-1772395544:615965),ComCcsds.comQueue.buffQueueDepth,33554433,['0']
2026-03-01T15:05:45.620932,(2(0)-1772395545:620932),GncDeployment.systemResources.CPU_07,268509196,1.00 percent
2026-03-01T15:05:45.620935,(2(0)-1772395545:620935),GncDeployment.systemResources.CPU,268509188,12.14 percent
2026-03-01T15:05:45.620955,(2(0)-1772395545:620955),GncDeployment.systemResources.MEMORY_TOTAL,268509184,5053216 KB
2026-03-01T15:05:45.620956,(2(0)-1772395545:620956),GncDeployment.systemResources.MEMORY_USED,268509185,4932624 KB
2026-03-01T15:05:45.620996,(2(0)-1772395545:620996),GncDeployment.systemResources.NON_VOLATILE_FREE,268509187,136006716 KB
2026-03-01T15:05:45.620997,(2(0)-1772395545:620997),GncDeployment.systemResources.NON_VOLATILE_TOTAL,268509186,239362496 KB
2026-03-01T15:05:45.621012,(2(0)-1772395545:621012),ComCcsds.comQueue.comQueueDepth,33554432,['0', '1']
2026-03-01T15:05:45.621016,(2(0)-1772395545:621016),ComCcsds.comQueue.buffQueueDepth,33554433,['0']
2026-03-01T15:05:45.620812,(2(0)-1772395545:620812),GncDeployment.systemResources.CPU_01,268509190,21.00 percent
2026-03-01T15:05:45.620834,(2(0)-1772395545:620834),GncDeployment.systemResources.CPU_02,268509191,17.65 percent
2026-03-01T15:05:45.620855,(2(0)-1772395545:620855),GncDeployment.systemResources.CPU_03,268509192,11.88 percent
2026-03-01T15:05:45.620878,(2(0)-1772395545:620878),GncDeployment.systemResources.CPU_04,268509193,15.84 percent
2026-03-01T15:05:45.620897,(2(0)-1772395545:620897),GncDeployment.systemResources.CPU_05,268509194,3.03 percent
2026-03-01T15:05:45.620912,(2(0)-1772395545:620912),GncDeployment.systemResources.CPU_06,268509195,3.96 percent
2026-03-01T15:05:45.620784,(2(0)-1772395545:620784),GncDeployment.systemResources.CPU_00,268509189,22.77 percent
2026-03-01T15:05:46.625939,(2(0)-1772395546:625939),GncDeployment.systemResources.CPU_00,268509189,21.21 percent
2026-03-01T15:05:46.625973,(2(0)-1772395546:625973),GncDeployment.systemResources.CPU_01,268509190,21.00 percent
2026-03-01T15:05:46.625994,(2(0)-1772395546:625994),GncDeployment.systemResources.CPU_02,268509191,15.00 percent
2026-03-01T15:05:46.626011,(2(0)-1772395546:626011),GncDeployment.systemResources.CPU_03,268509192,11.88 percent
2026-03-01T15:05:46.626028,(2(0)-1772395546:626028),GncDeployment.systemResources.CPU_04,268509193,10.89 percent
2026-03-01T15:05:46.626048,(2(0)-1772395546:626048),GncDeployment.systemResources.CPU_05,268509194,4.95 percent
2026-03-01T15:05:46.626067,(2(0)-1772395546:626067),GncDeployment.systemResources.CPU_06,268509195,4.95 percent
2026-03-01T15:05:46.626082,(2(0)-1772395546:626082),GncDeployment.systemResources.CPU_07,268509196,1.00 percent
2026-03-01T15:05:46.626084,(2(0)-1772395546:626084),GncDeployment.systemResources.CPU,268509188,11.36 percent
2026-03-01T15:05:46.626099,(2(0)-1772395546:626099),GncDeployment.systemResources.MEMORY_TOTAL,268509184,5053936 KB
2026-03-01T15:05:46.626101,(2(0)-1772395546:626101),GncDeployment.systemResources.MEMORY_USED,268509185,4918432 KB
2026-03-01T15:05:46.626144,(2(0)-1772395546:626144),GncDeployment.systemResources.NON_VOLATILE_FREE,268509187,136006716 KB
2026-03-01T15:05:46.626146,(2(0)-1772395546:626146),GncDeployment.systemResources.NON_VOLATILE_TOTAL,268509186,239362496 KB
2026-03-01T15:05:46.626168,(2(0)-1772395546:626168),ComCcsds.comQueue.comQueueDepth,33554432,['0', '1']
2026-03-01T15:05:46.626171,(2(0)-1772395546:626171),ComCcsds.comQueue.buffQueueDepth,33554433,['0']
2026-03-01T15:05:47.630811,(2(0)-1772395547:630811),GncDeployment.systemResources.CPU_07,268509196,0.99 percent
2026-03-01T15:05:47.630813,(2(0)-1772395547:630813),GncDeployment.systemResources.CPU,268509188,9.13 percent
2026-03-01T15:05:47.630828,(2(0)-1772395547:630828),GncDeployment.systemResources.MEMORY_TOTAL,268509184,5055520 KB
2026-03-01T15:05:47.630830,(2(0)-1772395547:630830),GncDeployment.systemResources.MEMORY_USED,268509185,4922944 KB
2026-03-01T15:05:47.630869,(2(0)-1772395547:630869),GncDeployment.systemResources.NON_VOLATILE_FREE,268509187,136006712 KB
2026-03-01T15:05:47.630871,(2(0)-1772395547:630871),GncDeployment.systemResources.NON_VOLATILE_TOTAL,268509186,239362496 KB
2026-03-01T15:05:47.630897,(2(0)-1772395547:630897),ComCcsds.comQueue.comQueueDepth,33554432,['0', '1']
2026-03-01T15:05:47.630900,(2(0)-1772395547:630900),ComCcsds.comQueue.buffQueueDepth,33554433,['0']
2026-03-01T15:05:48.633088,(2(0)-1772395548:633088),GncDeployment.systemResources.CPU_01,268509190,25.00 percent
2026-03-01T15:05:48.633140,(2(0)-1772395548:633140),GncDeployment.systemResources.CPU_02,268509191,17.17 percent
2026-03-01T15:05:48.633169,(2(0)-1772395548:633169),GncDeployment.systemResources.CPU_03,268509192,15.15 percent
2026-03-01T15:05:48.633193,(2(0)-1772395548:633193),GncDeployment.systemResources.CPU_04,268509193,10.00 percent
2026-03-01T15:05:47.630781,(2(0)-1772395547:630781),GncDeployment.systemResources.CPU_05,268509194,2.00 percent
2026-03-01T15:05:47.630796,(2(0)-1772395547:630796),GncDeployment.systemResources.CPU_06,268509195,2.00 percent
2026-03-01T15:05:48.632968,(2(0)-1772395548:632968),GncDeployment.systemResources.CPU_00,268509189,23.23 percent
2026-03-01T15:05:48.633216,(2(0)-1772395548:633216),GncDeployment.systemResources.CPU_05,268509194,4.00 percent
2026-03-01T15:05:48.633274,(2(0)-1772395548:633274),GncDeployment.systemResources.CPU_06,268509195,1.01 percent
2026-03-01T15:05:48.633297,(2(0)-1772395548:633297),GncDeployment.systemResources.CPU_07,268509196,2.00 percent
2026-03-01T15:05:48.633300,(2(0)-1772395548:633300),GncDeployment.systemResources.CPU,268509188,12.20 percent
2026-03-01T15:05:48.633317,(2(0)-1772395548:633317),GncDeployment.systemResources.MEMORY_TOTAL,268509184,5059312 KB
2026-03-01T15:05:48.633319,(2(0)-1772395548:633319),GncDeployment.systemResources.MEMORY_USED,268509185,4925488 KB
2026-03-01T15:05:48.633357,(2(0)-1772395548:633357),GncDeployment.systemResources.NON_VOLATILE_FREE,268509187,136006708 KB
2026-03-01T15:05:48.633358,(2(0)-1772395548:633358),GncDeployment.systemResources.NON_VOLATILE_TOTAL,268509186,239362496 KB
2026-03-01T15:05:48.633382,(2(0)-1772395548:633382),ComCcsds.comQueue.comQueueDepth,33554432,['0', '1']
2026-03-01T15:05:48.633387,(2(0)-1772395548:633387),ComCcsds.comQueue.buffQueueDepth,33554433,['0']
2026-03-01T15:05:50.641524,(2(0)-1772395550:641524),GncDeployment.systemResources.CPU_07,268509196,0.00 percent
2026-03-01T15:05:50.641526,(2(0)-1772395550:641526),GncDeployment.systemResources.CPU,268509188,8.86 percent
2026-03-01T15:05:50.641541,(2(0)-1772395550:641541),GncDeployment.systemResources.MEMORY_TOTAL,268509184,5082304 KB
2026-03-01T15:05:50.641543,(2(0)-1772395550:641543),GncDeployment.systemResources.MEMORY_USED,268509185,4960160 KB
2026-03-01T15:05:50.641582,(2(0)-1772395550:641582),GncDeployment.systemResources.NON_VOLATILE_FREE,268509187,136006680 KB
2026-03-01T15:05:50.641584,(2(0)-1772395550:641584),GncDeployment.systemResources.NON_VOLATILE_TOTAL,268509186,239362496 KB
2026-03-01T15:05:50.641626,(2(0)-1772395550:641626),ComCcsds.comQueue.comQueueDepth,33554432,['0', '0']
2026-03-01T15:05:50.641629,(2(0)-1772395550:641629),ComCcsds.comQueue.buffQueueDepth,33554433,['0']
2026-03-01T15:05:50.641395,(2(0)-1772395550:641395),GncDeployment.systemResources.CPU_01,268509190,17.00 percent
2026-03-01T15:05:50.641415,(2(0)-1772395550:641415),GncDeployment.systemResources.CPU_02,268509191,11.11 percent
2026-03-01T15:05:50.641436,(2(0)-1772395550:641436),GncDeployment.systemResources.CPU_03,268509192,10.89 percent
2026-03-01T15:05:50.641456,(2(0)-1772395550:641456),GncDeployment.systemResources.CPU_04,268509193,7.92 percent
2026-03-01T15:05:50.641482,(2(0)-1772395550:641482),GncDeployment.systemResources.CPU_05,268509194,3.96 percent
2026-03-01T15:05:50.641505,(2(0)-1772395550:641505),GncDeployment.systemResources.CPU_06,268509195,1.98 percent
2026-03-01T15:05:50.641365,(2(0)-1772395550:641365),GncDeployment.systemResources.CPU_00,268509189,18.00 percent
2026-03-01T15:05:51.644454,(2(0)-1772395551:644454),GncDeployment.systemResources.CPU_07,268509196,1.98 percent
2026-03-01T15:05:51.644456,(2(0)-1772395551:644456),GncDeployment.systemResources.CPU,268509188,12.09 percent
2026-03-01T15:05:51.644479,(2(0)-1772395551:644479),GncDeployment.systemResources.MEMORY_TOTAL,268509184,5088416 KB
2026-03-01T15:05:51.644482,(2(0)-1772395551:644482),GncDeployment.systemResources.MEMORY_USED,268509185,4971744 KB
2026-03-01T15:05:51.644530,(2(0)-1772395551:644530),GncDeployment.systemResources.NON_VOLATILE_FREE,268509187,136006676 KB
2026-03-01T15:05:51.644532,(2(0)-1772395551:644532),GncDeployment.systemResources.NON_VOLATILE_TOTAL,268509186,239362496 KB
2026-03-01T15:05:51.644560,(2(0)-1772395551:644560),ComCcsds.comQueue.comQueueDepth,33554432,['0', '1']
2026-03-01T15:05:51.644563,(2(0)-1772395551:644563),ComCcsds.comQueue.buffQueueDepth,33554433,['0']
2026-03-01T15:05:51.644336,(2(0)-1772395551:644336),GncDeployment.systemResources.CPU_01,268509190,20.00 percent
2026-03-01T15:05:51.644353,(2(0)-1772395551:644353),GncDeployment.systemResources.CPU_02,268509191,18.81 percent
2026-03-01T15:05:51.644371,(2(0)-1772395551:644371),GncDeployment.systemResources.CPU_03,268509192,15.00 percent
2026-03-01T15:05:51.644392,(2(0)-1772395551:644392),GncDeployment.systemResources.CPU_04,268509193,11.00 percent
2026-03-01T15:05:51.644415,(2(0)-1772395551:644415),GncDeployment.systemResources.CPU_05,268509194,3.96 percent
2026-03-01T15:05:51.644436,(2(0)-1772395551:644436),GncDeployment.systemResources.CPU_06,268509195,1.98 percent
2026-03-01T15:05:51.644313,(2(0)-1772395551:644313),GncDeployment.systemResources.CPU_00,268509189,24.00 percent
2026-03-01T15:05:52.647185,(2(0)-1772395552:647185),GncDeployment.systemResources.CPU_00,268509189,38.00 percent
2026-03-01T15:05:52.647216,(2(0)-1772395552:647216),GncDeployment.systemResources.CPU_01,268509190,33.33 percent
2026-03-01T15:05:52.647240,(2(0)-1772395552:647240),GncDeployment.systemResources.CPU_02,268509191,30.00 percent
2026-03-01T15:05:52.647257,(2(0)-1772395552:647257),GncDeployment.systemResources.CPU_03,268509192,27.27 percent
2026-03-01T15:05:52.647275,(2(0)-1772395552:647275),GncDeployment.systemResources.CPU_04,268509193,36.36 percent
2026-03-01T15:05:52.647291,(2(0)-1772395552:647291),GncDeployment.systemResources.CPU_05,268509194,30.00 percent
2026-03-01T15:05:52.647306,(2(0)-1772395552:647306),GncDeployment.systemResources.CPU_06,268509195,21.00 percent
2026-03-01T15:05:52.647322,(2(0)-1772395552:647322),GncDeployment.systemResources.CPU_07,268509196,17.00 percent
2026-03-01T15:05:52.647324,(2(0)-1772395552:647324),GncDeployment.systemResources.CPU,268509188,29.12 percent
2026-03-01T15:05:52.647341,(2(0)-1772395552:647341),GncDeployment.systemResources.MEMORY_TOTAL,268509184,5109056 KB
2026-03-01T15:05:52.647343,(2(0)-1772395552:647343),GncDeployment.systemResources.MEMORY_USED,268509185,5038480 KB
2026-03-01T15:05:52.647372,(2(0)-1772395552:647372),GncDeployment.systemResources.NON_VOLATILE_FREE,268509187,136005436 KB
2026-03-01T15:05:52.647373,(2(0)-1772395552:647373),GncDeployment.systemResources.NON_VOLATILE_TOTAL,268509186,239362496 KB
2026-03-01T15:05:52.647389,(2(0)-1772395552:647389),ComCcsds.comQueue.comQueueDepth,33554432,['0', '1']
2026-03-01T15:05:52.647392,(2(0)-1772395552:647392),ComCcsds.comQueue.buffQueueDepth,33554433,['0']
