2026-03-01T16:05:43.701457,(2(0)-1772399143:701457),CdhCore.version.FrameworkVersion,16789504,v4.1.1
2026-03-01T16:05:43.701462,(2(0)-1772399143:701462),CdhCore.version.ProjectVersion,16789505,ef106fd-dirty
2026-03-01T16:05:44.676688,(2(0)-1772399144:676688),GncDeployment.proximityDriver.Z_Distance,268455936,0.5
2026-03-01T16:05:44.676692,(2(0)-1772399144:676692),GncDeployment.proximityDriver.Signal_Strength,268455937,17370.619140625
2026-03-01T16:05:44.676693,(2(0)-1772399144:676693),GncDeployment.proximityDriver.X_Error,268455938,-13945.9296875
2026-03-01T16:05:44.676694,(2(0)-1772399144:676694),GncDeployment.proximityDriver.Y_Error,268455939,-0.019999999552965164
2026-03-01T16:05:44.731934,(2(0)-1772399144:731934),GncDeployment.rateGroup2.RgMaxTime,268443648,38 us
2026-03-01T16:05:44.731962,(2(0)-1772399144:731962),GncDeployment.systemResources.CPU_00,268509189,21.94 percent
2026-03-01T16:05:44.732001,(2(0)-1772399144:732001),ComCcsds.commsBufferManager.HiBuffs,33562626,1
2026-03-01T16:05:44.732059,(2(0)-1772399144:732059),ComCcsds.commsBufferManager.CurrBuffs,33562625,1
2026-03-01T16:05:44.732060,(2(0)-1772399144:732060),ComCcsds.commsBufferManager.TotalBuffs,33562624,50
2026-03-01T16:05:44.732061,(2(0)-1772399144:732061),ComCcsds.commsBufferManager.NoBuffs,33562627,0
2026-03-01T16:05:44.732061,(2(0)-1772399144:732061),GncDeployment.systemResources.CPU_01,268509190,20.47 percent
2026-03-01T16:05:44.732062,(2(0)-1772399144:732062),ComCcsds.commsBufferManager.EmptyBuffs,33562628,0
2026-03-01T16:05:44.732065,(2(0)-1772399144:732065),DataProducts.dpBufferManager.HiBuffs,67121154,0
2026-03-01T16:05:44.732066,(2(0)-1772399144:732066),DataProducts.dpBufferManager.CurrBuffs,67121153,0
2026-03-01T16:05:44.732066,(2(0)-1772399144:732066),DataProducts.dpBufferManager.TotalBuffs,67121152,10
2026-03-01T16:05:44.732067,(2(0)-1772399144:732067),DataProducts.dpBufferManager.NoBuffs,67121155,0
2026-03-01T16:05:44.732067,(2(0)-1772399144:732067),DataProducts.dpBufferManager.EmptyBuffs,67121156,0
2026-03-01T16:05:44.732074,(2(0)-1772399144:732074),GncDeployment.systemResources.CPU_02,268509191,17.32 percent
2026-03-01T16:05:44.732081,(2(0)-1772399144:732081),GncDeployment.rateGroup3.RgMaxTime,268447744,188 us
2026-03-01T16:05:44.732083,(2(0)-1772399144:732083),GncDeployment.systemResources.CPU_03,268509192,15.10 percent
2026-03-01T16:05:44.732090,(2(0)-1772399144:732090),DataProducts.dpWriter.NumBuffersReceived,67117056,0
2026-03-01T16:05:44.732094,(2(0)-1772399144:732094),DataProducts.dpMgr.NumSuccessfulAllocations,67112960,0
2026-03-01T16:05:44.732095,(2(0)-1772399144:732095),DataProducts.dpMgr.NumFailedAllocations,67112961,0
2026-03-01T16:05:44.732096,(2(0)-1772399144:732096),DataProducts.dpMgr.NumDataProducts,67112962,0
2026-03-01T16:05:44.732096,(2(0)-1772399144:732096),DataProducts.dpMgr.NumBytes,67112963,0
2026-03-01T16:05:44.732092,(2(0)-1772399144:732092),GncDeployment.systemResources.CPU_04,268509193,10.51 percent
2026-03-01T16:05:44.732119,(2(0)-1772399144:732119),DataProducts.dpWriter.NumBytesWritten,67117057,0
2026-03-01T16:05:44.732120,(2(0)-1772399144:732120),DataProducts.dpWriter.NumSuccessfulWrites,67117058,0
2026-03-01T16:05:44.732121,(2(0)-1772399144:732121),DataProducts.dpWriter.NumFailedWrites,67117059,0
2026-03-01T16:05:44.732121,(2(0)-1772399144:732121),GncDeployment.systemResources.CPU_05,268509194,8.40 percent
2026-03-01T16:05:44.732122,(2(0)-1772399144:732122),DataProducts.dpWriter.NumErrors,67117060,0
2026-03-01T16:05:44.732131,(2(0)-1772399144:732131),GncDeployment.systemResources.CPU_06,268509195,5.04 percent
2026-03-01T16:05:44.732139,(2(0)-1772399144:732139),GncDeployment.systemResources.CPU_07,268509196,3.77 percent
2026-03-01T16:05:44.732140,(2(0)-1772399144:732140),GncDeployment.systemResources.CPU,268509188,12.82 percent
2026-03-01T16:05:44.732146,(2(0)-1772399144:732146),GncDeployment.systemResources.MEMORY_TOTAL,268509184,4776512 KB
2026-03-01T16:05:44.732147,(2(0)-1772399144:732147),GncDeployment.systemResources.MEMORY_USED,268509185,4690800 KB
2026-03-01T16:05:44.732155,(2(0)-1772399144:732155),GncDeployment.systemResources.NON_VOLATILE_FREE,268509187,135866284 KB
2026-03-01T16:05:44.732156,(2(0)-1772399144:732156),GncDeployment.systemResources.NON_VOLATILE_TOTAL,268509186,239362496 KB
2026-03-01T16:05:44.732163,(2(0)-1772399144:732163),GncDeployment.rateGroup1.RgMaxTime,268439552,270 us
2026-03-01T16:05:44.732165,(2(0)-1772399144:732165),ComCcsds.comQueue.comQueueDepth,33554432,['3', '1']
2026-03-01T16:05:44.732166,(2(0)-1772399144:732166),ComCcsds.comQueue.buffQueueDepth,33554433,['0']
2026-03-01T16:05:45.676800,(2(0)-1772399145:676800),GncDeployment.proximityDriver.Z_Distance,268455936,0.5
2026-03-01T16:05:45.676813,(2(0)-1772399145:676813),GncDeployment.proximityDriver.Signal_Strength,268455937,17379.6796875
2026-03-01T16:05:45.676816,(2(0)-1772399145:676816),GncDeployment.proximityDriver.X_Error,268455938,-13957.23046875
2026-03-01T16:05:45.676818,(2(0)-1772399145:676818),GncDeployment.proximityDriver.Y_Error,268455939,-8.789999961853027
2026-03-01T16:05:46.676822,(2(0)-1772399146:676822),GncDeployment.proximityDriver.Z_Distance,268455936,0.5
2026-03-01T16:05:46.676837,(2(0)-1772399146:676837),GncDeployment.proximityDriver.Signal_Strength,268455937,17385.4296875
2026-03-01T16:05:46.676839,(2(0)-1772399146:676839),GncDeployment.proximityDriver.X_Error,268455938,-13965.0498046875
2026-03-01T16:05:46.676842,(2(0)-1772399146:676842),GncDeployment.proximityDriver.Y_Error,268455939,-12.729999542236328
2026-03-01T16:05:46.737559,(2(0)-1772399146:737559),GncDeployment.rateGroup2.RgMaxTime,268443648,65 us
2026-03-01T16:05:45.732595,(2(0)-1772399145:732595),GncDeployment.systemResources.CPU_00,268509189,21.00 percent
2026-03-01T16:05:45.732631,(2(0)-1772399145:732631),GncDeployment.systemResources.CPU_01,268509190,19.19 percent
2026-03-01T16:05:45.732650,(2(0)-1772399145:732650),GncDeployment.systemResources.CPU_02,268509191,16.00 percent
2026-03-01T16:05:45.732670,(2(0)-1772399145:732670),GncDeployment.systemResources.CPU_03,268509192,14.00 percent
2026-03-01T16:05:45.732691,(2(0)-1772399145:732691),GncDeployment.systemResources.CPU_04,268509193,4.04 percent
2026-03-01T16:05:45.732717,(2(0)-1772399145:732717),GncDeployment.systemResources.CPU_05,268509194,4.00 percent
2026-03-01T16:05:45.732737,(2(0)-1772399145:732737),GncDeployment.systemResources.CPU_06,268509195,0.00 percent
2026-03-01T16:05:45.732759,(2(0)-1772399145:732759),GncDeployment.systemResources.CPU_07,268509196,0.00 percent
2026-03-01T16:05:45.732760,(2(0)-1772399145:732760),GncDeployment.systemResources.CPU,268509188,9.78 percent
2026-03-01T16:05:45.732779,(2(0)-1772399145:732779),GncDeployment.systemResources.MEMORY_TOTAL,268509184,4799888 KB
2026-03-01T16:05:45.732780,(2(0)-1772399145:732780),GncDeployment.systemResources.MEMORY_USED,268509185,4723728 KB
2026-03-01T16:05:45.732802,(2(0)-1772399145:732802),GncDeployment.systemResources.NON_VOLATILE_FREE,268509187,135866844 KB
2026-03-01T16:05:45.732804,(2(0)-1772399145:732804),GncDeployment.systemResources.NON_VOLATILE_TOTAL,268509186,239362496 KB
2026-03-01T16:05:45.732820,(2(0)-1772399145:732820),GncDeployment.rateGroup1.RgMaxTime,268439552,356 us
2026-03-01T16:05:45.732821,(2(0)-1772399145:732821),ComCcsds.comQueue.comQueueDepth,33554432,['0', '1']
2026-03-01T16:05:45.732825,(2(0)-1772399145:732825),ComCcsds.comQueue.buffQueueDepth,33554433,['0']
2026-03-01T16:05:47.741844,(2(0)-1772399147:741844),GncDeployment.systemResources.CPU_00,268509189,38.61 percent
2026-03-01T16:05:47.741866,(2(0)-1772399147:741866),GncDeployment.systemResources.CPU_01,268509190,38.00 percent
2026-03-01T16:05:47.741881,(2(0)-1772399147:741881),GncDeployment.systemResources.CPU_02,268509191,34.65 percent
2026-03-01T16:05:46.737700,(2(0)-1772399146:737700),GncDeployment.systemResources.CPU_03,268509192,32.00 percent
2026-03-01T16:05:46.737727,(2(0)-1772399146:737727),GncDeployment.systemResources.CPU_04,268509193,14.00 percent
2026-03-01T16:05:46.737756,(2(0)-1772399146:737756),GncDeployment.systemResources.CPU_05,268509194,6.00 percent
2026-03-01T16:05:46.737783,(2(0)-1772399146:737783),GncDeployment.systemResources.CPU_06,268509195,2.97 percent
2026-03-01T16:05:46.737804,(2(0)-1772399146:737804),GncDeployment.systemResources.CPU_07,268509196,1.00 percent
2026-03-01T16:05:46.737808,(2(0)-1772399146:737808),GncDeployment.systemResources.CPU,268509188,21.84 percent
2026-03-01T16:05:46.737831,(2(0)-1772399146:737831),GncDeployment.systemResources.MEMORY_TOTAL,268509184,4812272 KB
2026-03-01T16:05:46.737834,(2(0)-1772399146:737834),GncDeployment.systemResources.MEMORY_USED,268509185,4731552 KB
2026-03-01T16:05:46.737865,(2(0)-1772399146:737865),GncDeployment.systemResources.NON_VOLATILE_FREE,268509187,135866824 KB
2026-03-01T16:05:46.737867,(2(0)-1772399146:737867),GncDeployment.systemResources.NON_VOLATILE_TOTAL,268509186,239362496 KB
2026-03-01T16:05:46.737884,(2(0)-1772399146:737884),GncDeployment.rateGroup1.RgMaxTime,268439552,399 us
2026-03-01T16:05:46.737889,(2(0)-1772399146:737889),ComCcsds.comQueue.comQueueDepth,33554432,['0', '1']
2026-03-01T16:05:46.737893,(2(0)-1772399146:737893),ComCcsds.comQueue.buffQueueDepth,33554433,['0']
2026-03-01T16:05:47.676622,(2(0)-1772399147:676622),GncDeployment.proximityDriver.Z_Distance,268455936,0.5
2026-03-01T16:05:47.676634,(2(0)-1772399147:676634),GncDeployment.proximityDriver.Signal_Strength,268455937,17386.560546875
2026-03-01T16:05:47.676636,(2(0)-1772399147:676636),GncDeployment.proximityDriver.X_Error,268455938,-13966.0498046875
2026-03-01T16:05:47.676637,(2(0)-1772399147:676637),GncDeployment.proximityDriver.Y_Error,268455939,-15.069999694824219
2026-03-01T16:05:48.676659,(2(0)-1772399148:676659),GncDeployment.proximityDriver.Z_Distance,268455936,0.5
2026-03-01T16:05:48.676668,(2(0)-1772399148:676668),GncDeployment.proximityDriver.Signal_Strength,268455937,17386.640625
2026-03-01T16:05:48.676670,(2(0)-1772399148:676670),GncDeployment.proximityDriver.X_Error,268455938,-13967.3798828125
2026-03-01T16:05:48.676672,(2(0)-1772399148:676672),GncDeployment.proximityDriver.Y_Error,268455939,-15.199999809265137
2026-03-01T16:05:48.743976,(2(0)-1772399148:743976),GncDeployment.systemResources.CPU_00,268509189,31.31 percent
2026-03-01T16:05:48.743991,(2(0)-1772399148:743991),GncDeployment.systemResources.CPU_01,268509190,25.25 percent
2026-03-01T16:05:48.744002,(2(0)-1772399148:744002),GncDeployment.systemResources.CPU_02,268509191,24.00 percent
2026-03-01T16:05:48.744012,(2(0)-1772399148:744012),GncDeployment.systemResources.CPU_03,268509192,23.23 percent
2026-03-01T16:05:48.744022,(2(0)-1772399148:744022),GncDeployment.systemResources.CPU_04,268509193,14.14 percent
2026-03-01T16:05:48.744033,(2(0)-1772399148:744033),GncDeployment.systemResources.CPU_05,268509194,6.00 percent
2026-03-01T16:05:48.744043,(2(0)-1772399148:744043),GncDeployment.systemResources.CPU_06,268509195,5.00 percent
2026-03-01T16:05:48.744052,(2(0)-1772399148:744052),GncDeployment.systemResources.CPU_07,268509196,2.00 percent
2026-03-01T16:05:48.744052,(2(0)-1772399148:744052),GncDeployment.systemResources.CPU,268509188,16.37 percent
2026-03-01T16:05:47.742063,(2(0)-1772399147:742063),GncDeployment.systemResources.MEMORY_TOTAL,268509184,4778144 KB
2026-03-01T16:05:47.742064,(2(0)-1772399147:742064),GncDeployment.systemResources.MEMORY_USED,268509185,4692848 KB
2026-03-01T16:05:47.742084,(2(0)-1772399147:742084),GncDeployment.systemResources.NON_VOLATILE_FREE,268509187,135866696 KB
2026-03-01T16:05:47.742085,(2(0)-1772399147:742085),GncDeployment.systemResources.NON_VOLATILE_TOTAL,268509186,239362496 KB
2026-03-01T16:05:47.742108,(2(0)-1772399147:742108),ComCcsds.comQueue.comQueueDepth,33554432,['0', '1']
2026-03-01T16:05:47.742111,(2(0)-1772399147:742111),ComCcsds.comQueue.buffQueueDepth,33554433,['0']
2026-03-01T16:05:48.744016,(2(0)-1772399148:744016),ComCcsds.commsBufferManager.HiBuffs,33562626,2
2026-03-01T16:05:48.744061,(2(0)-1772399148:744061),GncDeployment.systemResources.MEMORY_TOTAL,268509184,4777024 KB
2026-03-01T16:05:48.744063,(2(0)-1772399148:744063),GncDeployment.systemResources.MEMORY_USED,268509185,4666880 KB
2026-03-01T16:05:48.744070,(2(0)-1772399148:744070),GncDeployment.systemResources.NON_VOLATILE_FREE,268509187,135866672 KB
2026-03-01T16:05:48.744071,(2(0)-1772399148:744071),GncDeployment.systemResources.NON_VOLATILE_TOTAL,268509186,239362496 KB
2026-03-01T16:05:48.744092,(2(0)-1772399148:744092),ComCcsds.comQueue.comQueueDepth,33554432,['0', '0']
2026-03-01T16:05:48.744115,(2(0)-1772399148:744115),ComCcsds.comQueue.buffQueueDepth,33554433,['0']
2026-03-01T16:05:49.676688,(2(0)-1772399149:676688),GncDeployment.proximityDriver.Z_Distance,268455936,0.5
2026-03-01T16:05:49.676701,(2(0)-1772399149:676701),GncDeployment.proximityDriver.Signal_Strength,268455937,17385.869140625
2026-03-01T16:05:49.676703,(2(0)-1772399149:676703),GncDeployment.proximityDriver.X_Error,268455938,-13969.6904296875
2026-03-01T16:05:49.676705,(2(0)-1772399149:676705),GncDeployment.proximityDriver.Y_Error,268455939,-15.710000038146973
2026-03-01T16:05:50.676640,(2(0)-1772399150:676640),GncDeployment.proximityDriver.Z_Distance,268455936,0.5
2026-03-01T16:05:50.676651,(2(0)-1772399150:676651),GncDeployment.proximityDriver.Signal_Strength,268455937,17384.689453125
2026-03-01T16:05:50.676653,(2(0)-1772399150:676653),GncDeployment.proximityDriver.X_Error,268455938,-13964.7998046875
2026-03-01T16:05:50.676655,(2(0)-1772399150:676655),GncDeployment.proximityDriver.Y_Error,268455939,-14.84000015258789
2026-03-01T16:05:50.751508,(2(0)-1772399150:751508),GncDeployment.rateGroup2.RgMaxTime,268443648,70 us
2026-03-01T16:05:49.746508,(2(0)-1772399149:746508),GncDeployment.systemResources.CPU_00,268509189,33.33 percent
2026-03-01T16:05:49.746529,(2(0)-1772399149:746529),GncDeployment.systemResources.CPU_01,268509190,29.29 percent
2026-03-01T16:05:49.746545,(2(0)-1772399149:746545),GncDeployment.systemResources.CPU_02,268509191,26.26 percent
2026-03-01T16:05:49.746558,(2(0)-1772399149:746558),GncDeployment.systemResources.CPU_03,268509192,22.00 percent
2026-03-01T16:05:49.746576,(2(0)-1772399149:746576),GncDeployment.systemResources.CPU_04,268509193,15.84 percent
2026-03-01T16:05:49.746589,(2(0)-1772399149:746589),GncDeployment.systemResources.CPU_05,268509194,10.00 percent
2026-03-01T16:05:49.746603,(2(0)-1772399149:746603),GncDeployment.systemResources.CPU_06,268509195,5.94 percent
2026-03-01T16:05:49.746618,(2(0)-1772399149:746618),GncDeployment.systemResources.CPU_07,268509196,4.00 percent
2026-03-01T16:05:49.746619,(2(0)-1772399149:746619),GncDeployment.systemResources.CPU,268509188,18.33 percent
2026-03-01T16:05:49.746629,(2(0)-1772399149:746629),GncDeployment.systemResources.MEMORY_TOTAL,268509184,4710848 KB
2026-03-01T16:05:49.746630,(2(0)-1772399149:746630),GncDeployment.systemResources.MEMORY_USED,268509185,4598656 KB
2026-03-01T16:05:49.746651,(2(0)-1772399149:746651),GncDeployment.systemResources.NON_VOLATILE_FREE,268509187,135866452 KB
2026-03-01T16:05:49.746652,(2(0)-1772399149:746652),GncDeployment.systemResources.NON_VOLATILE_TOTAL,268509186,239362496 KB
2026-03-01T16:05:49.746676,(2(0)-1772399149:746676),ComCcsds.comQueue.comQueueDepth,33554432,['0', '1']
2026-03-01T16:05:49.746678,(2(0)-1772399149:746678),ComCcsds.comQueue.buffQueueDepth,33554433,['0']
2026-03-01T16:05:50.751577,(2(0)-1772399150:751577),GncDeployment.systemResources.CPU_00,268509189,27.00 percent
2026-03-01T16:05:50.751605,(2(0)-1772399150:751605),GncDeployment.systemResources.CPU_01,268509190,18.81 percent
2026-03-01T16:05:50.751624,(2(0)-1772399150:751624),GncDeployment.systemResources.CPU_02,268509191,18.00 percent
2026-03-01T16:05:50.751650,(2(0)-1772399150:751650),GncDeployment.systemResources.CPU_03,268509192,15.00 percent
2026-03-01T16:05:50.751668,(2(0)-1772399150:751668),GncDeployment.systemResources.CPU_04,268509193,4.00 percent
2026-03-01T16:05:50.751684,(2(0)-1772399150:751684),GncDeployment.systemResources.CPU_05,268509194,4.95 percent
2026-03-01T16:05:50.751700,(2(0)-1772399150:751700),GncDeployment.systemResources.CPU_06,268509195,1.00 percent
2026-03-01T16:05:50.751719,(2(0)-1772399150:751719),GncDeployment.systemResources.CPU_07,268509196,0.00 percent
2026-03-01T16:05:50.751721,(2(0)-1772399150:751721),GncDeployment.systemResources.CPU,268509188,11.10 percent
2026-03-01T16:05:50.751739,(2(0)-1772399150:751739),GncDeployment.systemResources.MEMORY_TOTAL,268509184,4718848 KB
2026-03-01T16:05:50.751742,(2(0)-1772399150:751742),GncDeployment.systemResources.MEMORY_USED,268509185,4605952 KB
2026-03-01T16:05:50.751773,(2(0)-1772399150:751773),GncDeployment.systemResources.NON_VOLATILE_FREE,268509187,135866444 KB
2026-03-01T16:05:50.751774,(2(0)-1772399150:751774),GncDeployment.systemResources.NON_VOLATILE_TOTAL,268509186,239362496 KB
2026-03-01T16:05:50.751789,(2(0)-1772399150:751789),ComCcsds.comQueue.comQueueDepth,33554432,['0', '1']
2026-03-01T16:05:50.751792,(2(0)-1772399150:751792),ComCcsds.comQueue.buffQueueDepth,33554433,['0']
2026-03-01T16:05:51.676524,(2(0)-1772399151:676524),GncDeployment.proximityDriver.Z_Distance,268455936,0.5
2026-03-01T16:05:51.676537,(2(0)-1772399151:676537),GncDeployment.proximityDriver.Signal_Strength,268455937,17383.880859375
2026-03-01T16:05:51.676539,(2(0)-1772399151:676539),GncDeployment.proximityDriver.X_Error,268455938,-13964.669921875
2026-03-01T16:05:51.676541,(2(0)-1772399151:676541),GncDeployment.proximityDriver.Y_Error,268455939,-14.920000076293945
2026-03-01T16:05:52.676558,(2(0)-1772399152:676558),GncDeployment.proximityDriver.Z_Distance,268455936,0.5
2026-03-01T16:05:52.676569,(2(0)-1772399152:676569),GncDeployment.proximityDriver.Signal_Strength,268455937,17381.140625
2026-03-01T16:05:52.676572,(2(0)-1772399152:676572),GncDeployment.proximityDriver.X_Error,268455938,-13964.330078125
2026-03-01T16:05:52.676574,(2(0)-1772399152:676574),GncDeployment.proximityDriver.Y_Error,268455939,-22.360000610351562
2026-03-01T16:05:52.755474,(2(0)-1772399152:755474),GncDeployment.systemResources.CPU_00,268509189,28.28 percent
2026-03-01T16:05:52.755506,(2(0)-1772399152:755506),GncDeployment.systemResources.CPU_01,268509190,25.25 percent
2026-03-01T16:05:52.755529,(2(0)-1772399152:755529),GncDeployment.systemResources.CPU_02,268509191,23.23 percent
2026-03-01T16:05:51.752755,(2(0)-1772399151:752755),GncDeployment.systemResources.CPU_03,268509192,28.28 percent
2026-03-01T16:05:51.752773,(2(0)-1772399151:752773),GncDeployment.systemResources.CPU_04,268509193,4.00 percent
2026-03-01T16:05:51.752791,(2(0)-1772399151:752791),GncDeployment.systemResources.CPU_05,268509194,3.00 percent
2026-03-01T16:05:51.752817,(2(0)-1772399151:752817),GncDeployment.systemResources.CPU_06,268509195,0.00 percent
2026-03-01T16:05:51.752834,(2(0)-1772399151:752834),GncDeployment.systemResources.CPU_07,268509196,0.99 percent
2026-03-01T16:05:51.752836,(2(0)-1772399151:752836),GncDeployment.systemResources.CPU,268509188,15.99 percent
2026-03-01T16:05:51.752854,(2(0)-1772399151:752854),GncDeployment.systemResources.MEMORY_TOTAL,268509184,4725632 KB
2026-03-01T16:05:51.752856,(2(0)-1772399151:752856),GncDeployment.systemResources.MEMORY_USED,268509185,4605296 KB
2026-03-01T16:05:51.752886,(2(0)-1772399151:752886),GncDeployment.systemResources.NON_VOLATILE_FREE,268509187,135866596 KB
2026-03-01T16:05:51.752887,(2(0)-1772399151:752887),GncDeployment.systemResources.NON_VOLATILE_TOTAL,268509186,239362496 KB
2026-03-01T16:05:51.752922,(2(0)-1772399151:752922),ComCcsds.comQueue.comQueueDepth,33554432,['0', '1']
2026-03-01T16:05:51.752925,(2(0)-1772399151:752925),ComCcsds.comQueue.buffQueueDepth,33554433,['0']
2026-03-01T16:05:52.755556,(2(0)-1772399152:755556),GncDeployment.rateGroup3.RgMaxTime,268447744,205 us
2026-03-01T16:05:52.755552,(2(0)-1772399152:755552),GncDeployment.systemResources.CPU_03,268509192,20.00 percent
2026-03-01T16:05:52.755616,(2(0)-1772399152:755616),GncDeployment.systemResources.CPU_04,268509193,2.97 percent
2026-03-01T16:05:52.755645,(2(0)-1772399152:755645),GncDeployment.systemResources.CPU_05,268509194,2.02 percent
2026-03-01T16:05:52.755667,(2(0)-1772399152:755667),GncDeployment.systemResources.CPU_06,268509195,0.99 percent
2026-03-01T16:05:52.755684,(2(0)-1772399152:755684),GncDeployment.systemResources.CPU_07,268509196,3.00 percent
2026-03-01T16:05:52.755687,(2(0)-1772399152:755687),GncDeployment.systemResources.CPU,268509188,13.22 percent
2026-03-01T16:05:52.755704,(2(0)-1772399152:755704),GncDeployment.systemResources.MEMORY_TOTAL,268509184,4733344 KB
2026-03-01T16:05:52.755707,(2(0)-1772399152:755707),GncDeployment.systemResources.MEMORY_USED,268509185,4611040 KB
2026-03-01T16:05:52.755744,(2(0)-1772399152:755744),GncDeployment.systemResources.NON_VOLATILE_FREE,268509187,135866476 KB
2026-03-01T16:05:52.755745,(2(0)-1772399152:755745),GncDeployment.systemResources.NON_VOLATILE_TOTAL,268509186,239362496 KB
2026-03-01T16:05:52.755754,(2(0)-1772399152:755754),GncDeployment.rateGroup1.RgMaxTime,268439552,404 us
2026-03-01T16:05:52.755758,(2(0)-1772399152:755758),ComCcsds.comQueue.comQueueDepth,33554432,['0', '1']
2026-03-01T16:05:52.755761,(2(0)-1772399152:755761),ComCcsds.comQueue.buffQueueDepth,33554433,['0']
2026-03-01T16:05:53.676575,(2(0)-1772399153:676575),GncDeployment.proximityDriver.Z_Distance,268455936,0.5
2026-03-01T16:05:53.676590,(2(0)-1772399153:676590),GncDeployment.proximityDriver.Signal_Strength,268455937,17335.44921875
2026-03-01T16:05:53.676594,(2(0)-1772399153:676594),GncDeployment.proximityDriver.X_Error,268455938,-13825.259765625
2026-03-01T16:05:53.676597,(2(0)-1772399153:676597),GncDeployment.proximityDriver.Y_Error,268455939,-23.329999923706055
2026-03-01T16:05:54.676526,(2(0)-1772399154:676526),GncDeployment.proximityDriver.Z_Distance,268455936,0.5
2026-03-01T16:05:54.676538,(2(0)-1772399154:676538),GncDeployment.proximityDriver.Signal_Strength,268455937,17218.26953125
2026-03-01T16:05:54.676541,(2(0)-1772399154:676541),GncDeployment.proximityDriver.X_Error,268455938,-13399.66015625
2026-03-01T16:05:54.676543,(2(0)-1772399154:676543),GncDeployment.proximityDriver.Y_Error,268455939,-7.78000020980835
2026-03-01T16:05:54.763121,(2(0)-1772399154:763121),GncDeployment.rateGroup2.RgMaxTime,268443648,74 us
2026-03-01T16:05:53.760663,(2(0)-1772399153:760663),GncDeployment.systemResources.CPU_00,268509189,29.70 percent
2026-03-01T16:05:53.760697,(2(0)-1772399153:760697),GncDeployment.systemResources.CPU_01,268509190,23.76 percent
2026-03-01T16:05:53.760722,(2(0)-1772399153:760722),GncDeployment.systemResources.CPU_02,268509191,22.00 percent
2026-03-01T16:05:53.760751,(2(0)-1772399153:760751),GncDeployment.systemResources.CPU_03,268509192,16.00 percent
2026-03-01T16:05:53.760782,(2(0)-1772399153:760782),GncDeployment.systemResources.CPU_04,268509193,3.03 percent
2026-03-01T16:05:53.760804,(2(0)-1772399153:760804),GncDeployment.systemResources.CPU_05,268509194,2.97 percent
2026-03-01T16:05:53.760827,(2(0)-1772399153:760827),GncDeployment.systemResources.CPU_06,268509195,1.98 percent
2026-03-01T16:05:53.760849,(2(0)-1772399153:760849),GncDeployment.systemResources.CPU_07,268509196,0.99 percent
2026-03-01T16:05:53.760851,(2(0)-1772399153:760851),GncDeployment.systemResources.CPU,268509188,12.55 percent
2026-03-01T16:05:53.760870,(2(0)-1772399153:760870),GncDeployment.systemResources.MEMORY_TOTAL,268509184,4736384 KB
2026-03-01T16:05:53.760872,(2(0)-1772399153:760872),GncDeployment.systemResources.MEMORY_USED,268509185,4626704 KB
2026-03-01T16:05:53.760906,(2(0)-1772399153:760906),GncDeployment.systemResources.NON_VOLATILE_FREE,268509187,135866476 KB
2026-03-01T16:05:53.760908,(2(0)-1772399153:760908),GncDeployment.systemResources.NON_VOLATILE_TOTAL,268509186,239362496 KB
2026-03-01T16:05:53.760923,(2(0)-1772399153:760923),GncDeployment.rateGroup1.RgMaxTime,268439552,430 us
2026-03-01T16:05:53.760933,(2(0)-1772399153:760933),ComCcsds.comQueue.comQueueDepth,33554432,['0', '1']
2026-03-01T16:05:53.760937,(2(0)-1772399153:760937),ComCcsds.comQueue.buffQueueDepth,33554433,['0']
2026-03-01T16:05:54.763201,(2(0)-1772399154:763201),GncDeployment.systemResources.CPU_00,268509189,24.24 percent
2026-03-01T16:05:54.763222,(2(0)-1772399154:763222),GncDeployment.systemResources.CPU_01,268509190,21.21 percent
2026-03-01T16:05:54.763239,(2(0)-1772399154:763239),GncDeployment.systemResources.CPU_02,268509191,19.00 percent
2026-03-01T16:05:54.763258,(2(0)-1772399154:763258),GncDeployment.systemResources.CPU_03,268509192,16.83 percent
2026-03-01T16:05:54.763274,(2(0)-1772399154:763274),GncDeployment.systemResources.CPU_04,268509193,6.00 percent
2026-03-01T16:05:54.763291,(2(0)-1772399154:763291),GncDeployment.systemResources.CPU_05,268509194,3.00 percent
2026-03-01T16:05:54.763310,(2(0)-1772399154:763310),GncDeployment.systemResources.CPU_06,268509195,2.00 percent
2026-03-01T16:05:54.763327,(2(0)-1772399154:763327),GncDeployment.systemResources.CPU_07,268509196,1.00 percent
2026-03-01T16:05:54.763330,(2(0)-1772399154:763330),GncDeployment.systemResources.CPU,268509188,11.66 percent
2026-03-01T16:05:54.763348,(2(0)-1772399154:763348),GncDeployment.systemResources.MEMORY_TOTAL,268509184,4739728 KB
2026-03-01T16:05:54.763350,(2(0)-1772399154:763350),GncDeployment.systemResources.MEMORY_USED,268509185,4645776 KB
2026-03-01T16:05:54.763387,(2(0)-1772399154:763387),GncDeployment.systemResources.NON_VOLATILE_FREE,268509187,135866552 KB
2026-03-01T16:05:54.763388,(2(0)-1772399154:763388),GncDeployment.systemResources.NON_VOLATILE_TOTAL,268509186,239362496 KB
2026-03-01T16:05:54.763410,(2(0)-1772399154:763410),ComCcsds.comQueue.comQueueDepth,33554432,['0', '1']
2026-03-01T16:05:54.763413,(2(0)-1772399154:763413),ComCcsds.comQueue.buffQueueDepth,33554433,['0']
2026-03-01T16:05:55.676519,(2(0)-1772399155:676519),GncDeployment.proximityDriver.Z_Distance,268455936,0.5
2026-03-01T16:05:55.676534,(2(0)-1772399155:676534),GncDeployment.proximityDriver.Signal_Strength,268455937,16983.279296875
2026-03-01T16:05:55.676538,(2(0)-1772399155:676538),GncDeployment.proximityDriver.X_Error,268455938,-12455.0595703125
2026-03-01T16:05:55.676541,(2(0)-1772399155:676541),GncDeployment.proximityDriver.Y_Error,268455939,-8.729999542236328
2026-03-01T16:05:56.676305,(2(0)-1772399156:676305),GncDeployment.proximityDriver.Z_Distance,268455936,0.5
2026-03-01T16:05:56.676313,(2(0)-1772399156:676313),GncDeployment.proximityDriver.Signal_Strength,268455937,17345.130859375
2026-03-01T16:05:56.676314,(2(0)-1772399156:676314),GncDeployment.proximityDriver.X_Error,268455938,-13000.849609375
2026-03-01T16:05:56.676315,(2(0)-1772399156:676315),GncDeployment.proximityDriver.Y_Error,268455939,-62.59000015258789
2026-03-01T16:05:56.767613,(2(0)-1772399156:767613),GncDeployment.systemResources.CPU_00,268509189,49.49 percent
2026-03-01T16:05:56.767638,(2(0)-1772399156:767638),GncDeployment.systemResources.CPU_01,268509190,47.00 percent
2026-03-01T16:05:56.767653,(2(0)-1772399156:767653),GncDeployment.systemResources.CPU_02,268509191,41.41 percent
2026-03-01T16:05:56.767668,(2(0)-1772399156:767668),GncDeployment.systemResources.CPU_03,268509192,43.00 percent
2026-03-01T16:05:56.767683,(2(0)-1772399156:767683),GncDeployment.systemResources.CPU_04,268509193,8.91 percent
2026-03-01T16:05:56.767697,(2(0)-1772399156:767697),GncDeployment.systemResources.CPU_05,268509194,3.00 percent
2026-03-01T16:05:56.767711,(2(0)-1772399156:767711),GncDeployment.systemResources.CPU_06,268509195,3.92 percent
2026-03-01T16:05:55.764916,(2(0)-1772399155:764916),GncDeployment.systemResources.CPU_07,268509196,0.00 percent
2026-03-01T16:05:55.764918,(2(0)-1772399155:764918),GncDeployment.systemResources.CPU,268509188,10.49 percent
2026-03-01T16:05:55.764937,(2(0)-1772399155:764937),GncDeployment.systemResources.MEMORY_TOTAL,268509184,4757216 KB
2026-03-01T16:05:55.764939,(2(0)-1772399155:764939),GncDeployment.systemResources.MEMORY_USED,268509185,4668992 KB
2026-03-01T16:05:55.764974,(2(0)-1772399155:764974),GncDeployment.systemResources.NON_VOLATILE_FREE,268509187,135866532 KB
2026-03-01T16:05:55.764976,(2(0)-1772399155:764976),GncDeployment.systemResources.NON_VOLATILE_TOTAL,268509186,239362496 KB
2026-03-01T16:05:55.764997,(2(0)-1772399155:764997),GncDeployment.rateGroup1.RgMaxTime,268439552,473 us
2026-03-01T16:05:55.765002,(2(0)-1772399155:765002),ComCcsds.comQueue.comQueueDepth,33554432,['0', '1']
2026-03-01T16:05:55.765006,(2(0)-1772399155:765006),ComCcsds.comQueue.buffQueueDepth,33554433,['0']
2026-03-01T16:05:56.767725,(2(0)-1772399156:767725),GncDeployment.systemResources.CPU_07,268509196,0.00 percent
2026-03-01T16:05:56.767742,(2(0)-1772399156:767742),GncDeployment.systemResources.CPU,268509188,24.59 percent
2026-03-01T16:05:56.767755,(2(0)-1772399156:767755),GncDeployment.systemResources.MEMORY_TOTAL,268509184,4753520 KB
2026-03-01T16:05:56.767757,(2(0)-1772399156:767757),GncDeployment.systemResources.MEMORY_USED,268509185,4653680 KB
2026-03-01T16:05:56.767776,(2(0)-1772399156:767776),GncDeployment.systemResources.NON_VOLATILE_FREE,268509187,135867312 KB
2026-03-01T16:05:56.767777,(2(0)-1772399156:767777),GncDeployment.systemResources.NON_VOLATILE_TOTAL,268509186,239362496 KB
2026-03-01T16:05:56.767812,(2(0)-1772399156:767812),ComCcsds.comQueue.comQueueDepth,33554432,['0', '0']
2026-03-01T16:05:56.767815,(2(0)-1772399156:767815),ComCcsds.comQueue.buffQueueDepth,33554433,['0']
2026-03-01T16:05:57.676414,(2(0)-1772399157:676414),GncDeployment.proximityDriver.Z_Distance,268455936,0.5
2026-03-01T16:05:57.676426,(2(0)-1772399157:676426),GncDeployment.proximityDriver.Signal_Strength,268455937,17383.73046875
2026-03-01T16:05:57.676428,(2(0)-1772399157:676428),GncDeployment.proximityDriver.X_Error,268455938,-13629.759765625
2026-03-01T16:05:57.676431,(2(0)-1772399157:676431),GncDeployment.proximityDriver.Y_Error,268455939,-47.869998931884766
2026-03-01T16:05:58.676305,(2(0)-1772399158:676305),GncDeployment.proximityDriver.Z_Distance,268455936,0.5
2026-03-01T16:05:58.676318,(2(0)-1772399158:676318),GncDeployment.proximityDriver.Signal_Strength,268455937,17388.66015625
2026-03-01T16:05:58.676320,(2(0)-1772399158:676320),GncDeployment.proximityDriver.X_Error,268455938,-13860.0595703125
2026-03-01T16:05:58.676321,(2(0)-1772399158:676321),GncDeployment.proximityDriver.Y_Error,268455939,-29.920000076293945
2026-03-01T16:05:57.771170,(2(0)-1772399157:771170),GncDeployment.systemResources.CPU_00,268509189,61.00 percent
2026-03-01T16:05:57.771205,(2(0)-1772399157:771205),GncDeployment.systemResources.CPU_01,268509190,53.54 percent
2026-03-01T16:05:57.771234,(2(0)-1772399157:771234),GncDeployment.systemResources.CPU_02,268509191,50.00 percent
2026-03-01T16:05:57.771263,(2(0)-1772399157:771263),GncDeployment.systemResources.CPU_03,268509192,49.49 percent
2026-03-01T16:05:57.771297,(2(0)-1772399157:771297),GncDeployment.systemResources.CPU_04,268509193,9.00 percent
2026-03-01T16:05:57.771322,(2(0)-1772399157:771322),GncDeployment.systemResources.CPU_05,268509194,8.91 percent
2026-03-01T16:05:57.771348,(2(0)-1772399157:771348),GncDeployment.systemResources.CPU_06,268509195,0.00 percent
2026-03-01T16:05:57.771374,(2(0)-1772399157:771374),GncDeployment.systemResources.CPU_07,268509196,1.00 percent
2026-03-01T16:05:57.771376,(2(0)-1772399157:771376),GncDeployment.systemResources.CPU,268509188,29.12 percent
2026-03-01T16:05:57.771400,(2(0)-1772399157:771400),GncDeployment.systemResources.MEMORY_TOTAL,268509184,4745376 KB
2026-03-01T16:05:57.771403,(2(0)-1772399157:771403),GncDeployment.systemResources.MEMORY_USED,268509185,4640832 KB
2026-03-01T16:05:57.771432,(2(0)-1772399157:771432),GncDeployment.systemResources.NON_VOLATILE_FREE,268509187,135866332 KB
2026-03-01T16:05:57.771434,(2(0)-1772399157:771434),GncDeployment.systemResources.NON_VOLATILE_TOTAL,268509186,239362496 KB
2026-03-01T16:05:57.771456,(2(0)-1772399157:771456),ComCcsds.comQueue.comQueueDepth,33554432,['0', '1']
2026-03-01T16:05:57.771460,(2(0)-1772399157:771460),ComCcsds.comQueue.buffQueueDepth,33554433,['0']
2026-03-01T16:05:58.776155,(2(0)-1772399158:776155),GncDeployment.systemResources.CPU_00,268509189,42.00 percent
2026-03-01T16:05:58.776179,(2(0)-1772399158:776179),GncDeployment.systemResources.CPU_01,268509190,35.00 percent
2026-03-01T16:05:58.776195,(2(0)-1772399158:776195),GncDeployment.systemResources.CPU_02,268509191,32.00 percent
2026-03-01T16:05:58.776211,(2(0)-1772399158:776211),GncDeployment.systemResources.CPU_03,268509192,31.00 percent
2026-03-01T16:05:58.776227,(2(0)-1772399158:776227),GncDeployment.systemResources.CPU_04,268509193,9.00 percent
2026-03-01T16:05:58.776241,(2(0)-1772399158:776241),GncDeployment.systemResources.CPU_05,268509194,4.00 percent
2026-03-01T16:05:58.776256,(2(0)-1772399158:776256),GncDeployment.systemResources.CPU_06,268509195,2.00 percent
2026-03-01T16:05:58.776270,(2(0)-1772399158:776270),GncDeployment.systemResources.CPU_07,268509196,2.97 percent
2026-03-01T16:05:58.776272,(2(0)-1772399158:776272),GncDeployment.systemResources.CPU,268509188,19.75 percent
2026-03-01T16:05:58.776285,(2(0)-1772399158:776285),GncDeployment.systemResources.MEMORY_TOTAL,268509184,4755744 KB
2026-03-01T16:05:58.776287,(2(0)-1772399158:776287),GncDeployment.systemResources.MEMORY_USED,268509185,4644240 KB
2026-03-01T16:05:58.776310,(2(0)-1772399158:776310),GncDeployment.systemResources.NON_VOLATILE_FREE,268509187,135866284 KB
2026-03-01T16:05:58.776311,(2(0)-1772399158:776311),GncDeployment.systemResources.NON_VOLATILE_TOTAL,268509186,239362496 KB
2026-03-01T16:05:58.776335,(2(0)-1772399158:776335),ComCcsds.comQueue.comQueueDepth,33554432,['0', '1']
2026-03-01T16:05:58.776337,(2(0)-1772399158:776337),ComCcsds.comQueue.buffQueueDepth,33554433,['0']
2026-03-01T16:05:59.676354,(2(0)-1772399159:676354),GncDeployment.proximityDriver.Z_Distance,268455936,0.5
2026-03-01T16:05:59.676370,(2(0)-1772399159:676370),GncDeployment.proximityDriver.Signal_Strength,268455937,17395.369140625
2026-03-01T16:05:59.676374,(2(0)-1772399159:676374),GncDeployment.proximityDriver.X_Error,268455938,-13933.25
2026-03-01T16:05:59.676377,(2(0)-1772399159:676377),GncDeployment.proximityDriver.Y_Error,268455939,-24.299999237060547
2026-03-01T16:06:00.676304,(2(0)-1772399160:676304),GncDeployment.proximityDriver.Z_Distance,268455936,0.5
2026-03-01T16:06:00.676316,(2(0)-1772399160:676316),GncDeployment.proximityDriver.Signal_Strength,268455937,17407.890625
2026-03-01T16:06:00.676318,(2(0)-1772399160:676318),GncDeployment.proximityDriver.X_Error,268455938,-13914.5302734375
2026-03-01T16:06:00.676320,(2(0)-1772399160:676320),GncDeployment.proximityDriver.Y_Error,268455939,-30.15999984741211
2026-03-01T16:06:00.778441,(2(0)-1772399160:778441),GncDeployment.systemResources.CPU_00,268509189,38.38 percent
2026-03-01T16:06:00.778513,(2(0)-1772399160:778513),GncDeployment.systemResources.CPU_01,268509190,52.53 percent
2026-03-01T16:06:00.778538,(2(0)-1772399160:778538),GncDeployment.systemResources.CPU_02,268509191,45.00 percent
2026-03-01T16:06:00.778564,(2(0)-1772399160:778564),GncDeployment.systemResources.CPU_03,268509192,47.00 percent
2026-03-01T16:06:00.778587,(2(0)-1772399160:778587),GncDeployment.systemResources.CPU_04,268509193,7.00 percent
2026-03-01T16:06:00.778607,(2(0)-1772399160:778607),GncDeployment.systemResources.CPU_05,268509194,2.97 percent
2026-03-01T16:06:00.778627,(2(0)-1772399160:778627),GncDeployment.systemResources.CPU_06,268509195,1.00 percent
2026-03-01T16:06:00.778646,(2(0)-1772399160:778646),GncDeployment.systemResources.CPU_07,268509196,1.98 percent
2026-03-01T16:06:00.778648,(2(0)-1772399160:778648),GncDeployment.systemResources.CPU,268509188,24.48 percent
2026-03-01T16:06:00.778661,(2(0)-1772399160:778661),GncDeployment.systemResources.MEMORY_TOTAL,268509184,4760912 KB
2026-03-01T16:06:00.778664,(2(0)-1772399160:778664),GncDeployment.systemResources.MEMORY_USED,268509185,4617696 KB
2026-03-01T16:06:00.778689,(2(0)-1772399160:778689),GncDeployment.systemResources.NON_VOLATILE_FREE,268509187,135866404 KB
2026-03-01T16:06:00.778690,(2(0)-1772399160:778690),GncDeployment.systemResources.NON_VOLATILE_TOTAL,268509186,239362496 KB
2026-03-01T16:06:00.778808,(2(0)-1772399160:778808),ComCcsds.comQueue.comQueueDepth,33554432,['0', '0']
2026-03-01T16:06:00.778810,(2(0)-1772399160:778810),ComCcsds.comQueue.buffQueueDepth,33554433,['0']
2026-03-01T16:06:00.778713,(2(0)-1772399160:778713),GncDeployment.rateGroup3.RgMaxTime,268447744,438 us
2026-03-01T16:06:01.676253,(2(0)-1772399161:676253),GncDeployment.proximityDriver.Z_Distance,268455936,0.5
2026-03-01T16:06:01.676267,(2(0)-1772399161:676267),GncDeployment.proximityDriver.Signal_Strength,268455937,18012.7890625
2026-03-01T16:06:01.676269,(2(0)-1772399161:676269),GncDeployment.proximityDriver.X_Error,268455938,-12045.669921875
2026-03-01T16:06:01.676271,(2(0)-1772399161:676271),GncDeployment.proximityDriver.Y_Error,268455939,-260.1700134277344
2026-03-01T16:06:02.676110,(2(0)-1772399162:676110),GncDeployment.proximityDriver.Z_Distance,268455936,0.5
2026-03-01T16:06:02.676119,(2(0)-1772399162:676119),GncDeployment.proximityDriver.Signal_Strength,268455937,17634.41015625
2026-03-01T16:06:02.676120,(2(0)-1772399162:676120),GncDeployment.proximityDriver.X_Error,268455938,-13176.009765625
2026-03-01T16:06:02.676121,(2(0)-1772399162:676121),GncDeployment.proximityDriver.Y_Error,268455939,-120.11000061035156
2026-03-01T16:06:01.783893,(2(0)-1772399161:783893),GncDeployment.systemResources.CPU_00,268509189,48.00 percent
2026-03-01T16:06:01.783924,(2(0)-1772399161:783924),GncDeployment.systemResources.CPU_01,268509190,44.00 percent
2026-03-01T16:06:01.783946,(2(0)-1772399161:783946),GncDeployment.systemResources.CPU_02,268509191,43.00 percent
2026-03-01T16:06:01.783967,(2(0)-1772399161:783967),GncDeployment.systemResources.CPU_03,268509192,38.38 percent
2026-03-01T16:06:01.783987,(2(0)-1772399161:783987),GncDeployment.systemResources.CPU_04,268509193,8.91 percent
2026-03-01T16:06:01.784007,(2(0)-1772399161:784007),GncDeployment.systemResources.CPU_05,268509194,4.00 percent
2026-03-01T16:06:01.784028,(2(0)-1772399161:784028),GncDeployment.systemResources.CPU_06,268509195,2.97 percent
2026-03-01T16:06:01.784047,(2(0)-1772399161:784047),GncDeployment.systemResources.CPU_07,268509196,1.00 percent
2026-03-01T16:06:01.784049,(2(0)-1772399161:784049),GncDeployment.systemResources.CPU,268509188,23.78 percent
2026-03-01T16:06:01.784067,(2(0)-1772399161:784067),GncDeployment.systemResources.MEMORY_TOTAL,268509184,4750496 KB
2026-03-01T16:06:01.784069,(2(0)-1772399161:784069),GncDeployment.systemResources.MEMORY_USED,268509185,4550320 KB
2026-03-01T16:06:01.784111,(2(0)-1772399161:784111),GncDeployment.systemResources.NON_VOLATILE_FREE,268509187,135866380 KB
2026-03-01T16:06:01.784113,(2(0)-1772399161:784113),GncDeployment.systemResources.NON_VOLATILE_TOTAL,268509186,239362496 KB
2026-03-01T16:06:01.784128,(2(0)-1772399161:784128),ComCcsds.comQueue.comQueueDepth,33554432,['0', '1']
2026-03-01T16:06:01.784132,(2(0)-1772399161:784132),ComCcsds.comQueue.buffQueueDepth,33554433,['0']
2026-03-01T16:06:03.794047,(2(0)-1772399163:794047),GncDeployment.systemResources.CPU_00,268509189,25.25 percent
2026-03-01T16:06:02.789005,(2(0)-1772399162:789005),GncDeployment.systemResources.CPU_01,268509190,33.00 percent
2026-03-01T16:06:02.789041,(2(0)-1772399162:789041),GncDeployment.systemResources.CPU_02,268509191,32.67 percent
2026-03-01T16:06:02.789080,(2(0)-1772399162:789080),GncDeployment.systemResources.CPU_03,268509192,28.71 percent
2026-03-01T16:06:02.789109,(2(0)-1772399162:789109),GncDeployment.systemResources.CPU_04,268509193,23.23 percent
2026-03-01T16:06:02.789140,(2(0)-1772399162:789140),GncDeployment.systemResources.CPU_05,268509194,17.00 percent
2026-03-01T16:06:02.789171,(2(0)-1772399162:789171),GncDeployment.systemResources.CPU_06,268509195,9.00 percent
2026-03-01T16:06:02.789200,(2(0)-1772399162:789200),GncDeployment.systemResources.CPU_07,268509196,6.00 percent
2026-03-01T16:06:02.789203,(2(0)-1772399162:789203),GncDeployment.systemResources.CPU,268509188,22.95 percent
2026-03-01T16:06:02.789226,(2(0)-1772399162:789226),GncDeployment.systemResources.MEMORY_TOTAL,268509184,4725408 KB
2026-03-01T16:06:02.789230,(2(0)-1772399162:789230),GncDeployment.systemResources.MEMORY_USED,268509185,4565168 KB
2026-03-01T16:06:02.789254,(2(0)-1772399162:789254),GncDeployment.systemResources.NON_VOLATILE_FREE,268509187,135866344 KB
2026-03-01T16:06:02.789257,(2(0)-1772399162:789257),GncDeployment.systemResources.NON_VOLATILE_TOTAL,268509186,239362496 KB
2026-03-01T16:06:02.789278,(2(0)-1772399162:789278),GncDeployment.rateGroup1.RgMaxTime,268439552,489 us
2026-03-01T16:06:02.789287,(2(0)-1772399162:789287),ComCcsds.comQueue.comQueueDepth,33554432,['0', '1']
2026-03-01T16:06:02.789292,(2(0)-1772399162:789292),ComCcsds.comQueue.buffQueueDepth,33554433,['0']
2026-03-01T16:06:03.676147,(2(0)-1772399163:676147),GncDeployment.proximityDriver.Z_Distance,268455936,0.5
2026-03-01T16:06:03.676159,(2(0)-1772399163:676159),GncDeployment.proximityDriver.Signal_Strength,268455937,17478.220703125
2026-03-01T16:06:03.676161,(2(0)-1772399163:676161),GncDeployment.proximityDriver.X_Error,268455938,-13677.3798828125
2026-03-01T16:06:03.676162,(2(0)-1772399163:676162),GncDeployment.proximityDriver.Y_Error,268455939,-63.2400016784668
2026-03-01T16:06:02.788884,(2(0)-1772399162:788884),GncDeployment.rateGroup2.RgMaxTime,268443648,87 us
2026-03-01T16:06:04.676243,(2(0)-1772399164:676243),GncDeployment.proximityDriver.Z_Distance,268455936,0.5
2026-03-01T16:06:04.676257,(2(0)-1772399164:676257),GncDeployment.proximityDriver.Signal_Strength,268455937,17417.73046875
2026-03-01T16:06:04.676260,(2(0)-1772399164:676260),GncDeployment.proximityDriver.X_Error,268455938,-13869.9599609375
2026-03-01T16:06:04.676262,(2(0)-1772399164:676262),GncDeployment.proximityDriver.Y_Error,268455939,-40.90999984741211
2026-03-01T16:06:03.794092,(2(0)-1772399163:794092),GncDeployment.systemResources.CPU_01,268509190,22.00 percent
2026-03-01T16:06:03.794125,(2(0)-1772399163:794125),GncDeployment.systemResources.CPU_02,268509191,19.00 percent
2026-03-01T16:06:03.794158,(2(0)-1772399163:794158),GncDeployment.systemResources.CPU_03,268509192,17.17 percent
2026-03-01T16:06:03.794191,(2(0)-1772399163:794191),GncDeployment.systemResources.CPU_04,268509193,16.83 percent
2026-03-01T16:06:03.794223,(2(0)-1772399163:794223),GncDeployment.systemResources.CPU_05,268509194,7.00 percent
2026-03-01T16:06:03.794253,(2(0)-1772399163:794253),GncDeployment.systemResources.CPU_06,268509195,3.96 percent
2026-03-01T16:06:03.794281,(2(0)-1772399163:794281),GncDeployment.systemResources.CPU_07,268509196,0.99 percent
2026-03-01T16:06:03.794284,(2(0)-1772399163:794284),GncDeployment.systemResources.CPU,268509188,14.03 percent
2026-03-01T16:06:03.794308,(2(0)-1772399163:794308),GncDeployment.systemResources.MEMORY_TOTAL,268509184,4713648 KB
2026-03-01T16:06:03.794310,(2(0)-1772399163:794310),GncDeployment.systemResources.MEMORY_USED,268509185,4547312 KB
2026-03-01T16:06:03.794354,(2(0)-1772399163:794354),GncDeployment.systemResources.NON_VOLATILE_FREE,268509187,135866344 KB
2026-03-01T16:06:03.794356,(2(0)-1772399163:794356),GncDeployment.systemResources.NON_VOLATILE_TOTAL,268509186,239362496 KB
2026-03-01T16:06:03.794381,(2(0)-1772399163:794381),GncDeployment.rateGroup1.RgMaxTime,268439552,546 us
2026-03-01T16:06:03.794439,(2(0)-1772399163:794439),ComCcsds.comQueue.comQueueDepth,33554432,['0', '1']
2026-03-01T16:06:03.794443,(2(0)-1772399163:794443),ComCcsds.comQueue.buffQueueDepth,33554433,['0']
2026-03-01T16:06:04.798977,(2(0)-1772399164:798977),GncDeployment.systemResources.CPU_00,268509189,23.00 percent
2026-03-01T16:06:04.799002,(2(0)-1772399164:799002),GncDeployment.systemResources.CPU_01,268509190,19.00 percent
2026-03-01T16:06:04.799020,(2(0)-1772399164:799020),GncDeployment.systemResources.CPU_02,268509191,18.00 percent
2026-03-01T16:06:04.799034,(2(0)-1772399164:799034),GncDeployment.systemResources.CPU_03,268509192,14.85 percent
2026-03-01T16:06:04.799051,(2(0)-1772399164:799051),GncDeployment.systemResources.CPU_04,268509193,10.00 percent
2026-03-01T16:06:04.799065,(2(0)-1772399164:799065),GncDeployment.systemResources.CPU_05,268509194,4.95 percent
2026-03-01T16:06:04.799079,(2(0)-1772399164:799079),GncDeployment.systemResources.CPU_06,268509195,1.00 percent
2026-03-01T16:06:04.799094,(2(0)-1772399164:799094),GncDeployment.systemResources.CPU_07,268509196,1.00 percent
2026-03-01T16:06:04.799095,(2(0)-1772399164:799095),GncDeployment.systemResources.CPU,268509188,11.48 percent
2026-03-01T16:06:04.799105,(2(0)-1772399164:799105),GncDeployment.systemResources.MEMORY_TOTAL,268509184,4743024 KB
2026-03-01T16:06:04.799106,(2(0)-1772399164:799106),GncDeployment.systemResources.MEMORY_USED,268509185,4593840 KB
2026-03-01T16:06:04.799126,(2(0)-1772399164:799126),GncDeployment.systemResources.NON_VOLATILE_FREE,268509187,135866336 KB
2026-03-01T16:06:04.799127,(2(0)-1772399164:799127),GncDeployment.systemResources.NON_VOLATILE_TOTAL,268509186,239362496 KB
2026-03-01T16:06:04.799150,(2(0)-1772399164:799150),ComCcsds.comQueue.comQueueDepth,33554432,['0', '1']
2026-03-01T16:06:04.799152,(2(0)-1772399164:799152),ComCcsds.comQueue.buffQueueDepth,33554433,['0']
2026-03-01T16:06:05.676160,(2(0)-1772399165:676160),GncDeployment.proximityDriver.Z_Distance,268455936,0.5
2026-03-01T16:06:05.676174,(2(0)-1772399165:676174),GncDeployment.proximityDriver.Signal_Strength,268455937,17396.91015625
2026-03-01T16:06:05.676178,(2(0)-1772399165:676178),GncDeployment.proximityDriver.X_Error,268455938,-13938.5595703125
2026-03-01T16:06:05.676180,(2(0)-1772399165:676180),GncDeployment.proximityDriver.Y_Error,268455939,-31.6200008392334
2026-03-01T16:06:06.676024,(2(0)-1772399166:676024),GncDeployment.proximityDriver.Z_Distance,268455936,0.5
2026-03-01T16:06:06.676031,(2(0)-1772399166:676031),GncDeployment.proximityDriver.Signal_Strength,268455937,17387.619140625
2026-03-01T16:06:06.676032,(2(0)-1772399166:676032),GncDeployment.proximityDriver.X_Error,268455938,-13963.0703125
2026-03-01T16:06:06.676034,(2(0)-1772399166:676034),GncDeployment.proximityDriver.Y_Error,268455939,-30.239999771118164
2026-03-01T16:06:05.804108,(2(0)-1772399165:804108),GncDeployment.systemResources.CPU_00,268509189,25.00 percent
2026-03-01T16:06:05.804146,(2(0)-1772399165:804146),GncDeployment.systemResources.CPU_01,268509190,24.00 percent
2026-03-01T16:06:05.804170,(2(0)-1772399165:804170),GncDeployment.systemResources.CPU_02,268509191,20.20 percent
2026-03-01T16:06:05.804193,(2(0)-1772399165:804193),GncDeployment.systemResources.CPU_03,268509192,20.00 percent
2026-03-01T16:06:05.804220,(2(0)-1772399165:804220),GncDeployment.systemResources.CPU_04,268509193,8.00 percent
2026-03-01T16:06:05.804244,(2(0)-1772399165:804244),GncDeployment.systemResources.CPU_05,268509194,4.95 percent
2026-03-01T16:06:05.804276,(2(0)-1772399165:804276),GncDeployment.systemResources.CPU_06,268509195,3.96 percent
2026-03-01T16:06:05.804303,(2(0)-1772399165:804303),GncDeployment.systemResources.CPU_07,268509196,1.00 percent
2026-03-01T16:06:05.804306,(2(0)-1772399165:804306),GncDeployment.systemResources.CPU,268509188,13.39 percent
2026-03-01T16:06:05.804333,(2(0)-1772399165:804333),GncDeployment.systemResources.MEMORY_TOTAL,268509184,4751504 KB
2026-03-01T16:06:05.804336,(2(0)-1772399165:804336),GncDeployment.systemResources.MEMORY_USED,268509185,4582336 KB
2026-03-01T16:06:05.804372,(2(0)-1772399165:804372),GncDeployment.systemResources.NON_VOLATILE_FREE,268509187,135866220 KB
2026-03-01T16:06:05.804373,(2(0)-1772399165:804373),GncDeployment.systemResources.NON_VOLATILE_TOTAL,268509186,239362496 KB
2026-03-01T16:06:05.804402,(2(0)-1772399165:804402),ComCcsds.comQueue.comQueueDepth,33554432,['0', '1']
2026-03-01T16:06:05.804407,(2(0)-1772399165:804407),ComCcsds.comQueue.buffQueueDepth,33554433,['0']
2026-03-01T16:06:06.804115,(2(0)-1772399166:804115),GncDeployment.systemResources.CPU_00,268509189,35.35 percent
2026-03-01T16:06:06.804147,(2(0)-1772399166:804147),GncDeployment.systemResources.CPU_01,268509190,32.65 percent
2026-03-01T16:06:06.804174,(2(0)-1772399166:804174),GncDeployment.systemResources.CPU_02,268509191,32.00 percent
2026-03-01T16:06:06.804391,(2(0)-1772399166:804391),GncDeployment.systemResources.CPU_03,268509192,28.00 percent
2026-03-01T16:06:06.804421,(2(0)-1772399166:804421),GncDeployment.systemResources.CPU_04,268509193,6.93 percent
2026-03-01T16:06:06.804453,(2(0)-1772399166:804453),GncDeployment.systemResources.CPU_05,268509194,2.02 percent
2026-03-01T16:06:06.804491,(2(0)-1772399166:804491),GncDeployment.systemResources.CPU_06,268509195,1.01 percent
2026-03-01T16:06:06.804518,(2(0)-1772399166:804518),GncDeployment.systemResources.CPU_07,268509196,1.00 percent
2026-03-01T16:06:06.804521,(2(0)-1772399166:804521),GncDeployment.systemResources.CPU,268509188,17.37 percent
2026-03-01T16:06:06.804541,(2(0)-1772399166:804541),GncDeployment.systemResources.MEMORY_TOTAL,268509184,4759680 KB
2026-03-01T16:06:06.804544,(2(0)-1772399166:804544),GncDeployment.systemResources.MEMORY_USED,268509185,4573920 KB
2026-03-01T16:06:06.804570,(2(0)-1772399166:804570),GncDeployment.systemResources.NON_VOLATILE_FREE,268509187,135866212 KB
2026-03-01T16:06:06.804572,(2(0)-1772399166:804572),GncDeployment.systemResources.NON_VOLATILE_TOTAL,268509186,239362496 KB
2026-03-01T16:06:06.804586,(2(0)-1772399166:804586),GncDeployment.rateGroup1.RgMaxTime,268439552,634 us
2026-03-01T16:06:06.804602,(2(0)-1772399166:804602),ComCcsds.comQueue.comQueueDepth,33554432,['0', '1']
2026-03-01T16:06:06.804606,(2(0)-1772399166:804606),ComCcsds.comQueue.buffQueueDepth,33554433,['0']
2026-03-01T16:06:07.676142,(2(0)-1772399167:676142),GncDeployment.proximityDriver.Z_Distance,268455936,0.5
2026-03-01T16:06:07.676155,(2(0)-1772399167:676155),GncDeployment.proximityDriver.Signal_Strength,268455937,17383.7109375
2026-03-01T16:06:07.676158,(2(0)-1772399167:676158),GncDeployment.proximityDriver.X_Error,268455938,-13964.919921875
2026-03-01T16:06:07.676161,(2(0)-1772399167:676161),GncDeployment.proximityDriver.Y_Error,268455939,-27.639999389648438
2026-03-01T16:06:08.676146,(2(0)-1772399168:676146),GncDeployment.proximityDriver.Z_Distance,268455936,0.5
2026-03-01T16:06:08.676161,(2(0)-1772399168:676161),GncDeployment.proximityDriver.Signal_Strength,268455937,17394.8203125
2026-03-01T16:06:08.676163,(2(0)-1772399168:676163),GncDeployment.proximityDriver.X_Error,268455938,-13936.7099609375
2026-03-01T16:06:08.676166,(2(0)-1772399168:676166),GncDeployment.proximityDriver.Y_Error,268455939,-31.170000076293945
2026-03-01T16:06:08.814185,(2(0)-1772399168:814185),GncDeployment.systemResources.CPU_00,268509189,28.00 percent
2026-03-01T16:06:08.814220,(2(0)-1772399168:814220),GncDeployment.systemResources.CPU_01,268509190,24.00 percent
2026-03-01T16:06:07.809267,(2(0)-1772399167:809267),GncDeployment.systemResources.CPU_02,268509191,25.25 percent
2026-03-01T16:06:07.809293,(2(0)-1772399167:809293),GncDeployment.systemResources.CPU_03,268509192,21.21 percent
2026-03-01T16:06:07.809321,(2(0)-1772399167:809321),GncDeployment.systemResources.CPU_04,268509193,6.00 percent
2026-03-01T16:06:07.809344,(2(0)-1772399167:809344),GncDeployment.systemResources.CPU_05,268509194,3.00 percent
2026-03-01T16:06:07.809367,(2(0)-1772399167:809367),GncDeployment.systemResources.CPU_06,268509195,1.00 percent
2026-03-01T16:06:07.809393,(2(0)-1772399167:809393),GncDeployment.systemResources.CPU_07,268509196,1.98 percent
2026-03-01T16:06:07.809396,(2(0)-1772399167:809396),GncDeployment.systemResources.CPU,268509188,14.31 percent
2026-03-01T16:06:07.809419,(2(0)-1772399167:809419),GncDeployment.systemResources.MEMORY_TOTAL,268509184,4776240 KB
2026-03-01T16:06:07.809421,(2(0)-1772399167:809421),GncDeployment.systemResources.MEMORY_USED,268509185,4666576 KB
2026-03-01T16:06:07.809450,(2(0)-1772399167:809450),GncDeployment.systemResources.NON_VOLATILE_FREE,268509187,135870320 KB
2026-03-01T16:06:07.809451,(2(0)-1772399167:809451),GncDeployment.systemResources.NON_VOLATILE_TOTAL,268509186,239362496 KB
2026-03-01T16:06:07.809474,(2(0)-1772399167:809474),ComCcsds.comQueue.comQueueDepth,33554432,['0', '1']
2026-03-01T16:06:07.809478,(2(0)-1772399167:809478),ComCcsds.comQueue.buffQueueDepth,33554433,['0']
2026-03-01T16:06:08.814239,(2(0)-1772399168:814239),GncDeployment.systemResources.CPU_02,268509191,22.00 percent
2026-03-01T16:06:08.814279,(2(0)-1772399168:814279),GncDeployment.systemResources.CPU_03,268509192,18.81 percent
2026-03-01T16:06:08.814296,(2(0)-1772399168:814296),GncDeployment.systemResources.CPU_04,268509193,8.00 percent
2026-03-01T16:06:08.814310,(2(0)-1772399168:814310),GncDeployment.systemResources.CPU_05,268509194,2.97 percent
2026-03-01T16:06:08.814323,(2(0)-1772399168:814323),GncDeployment.systemResources.CPU_06,268509195,1.00 percent
2026-03-01T16:06:08.814337,(2(0)-1772399168:814337),GncDeployment.systemResources.CPU_07,268509196,0.99 percent
2026-03-01T16:06:08.814339,(2(0)-1772399168:814339),GncDeployment.systemResources.CPU,268509188,13.22 percent
2026-03-01T16:06:08.814348,(2(0)-1772399168:814348),GncDeployment.systemResources.MEMORY_TOTAL,268509184,4787312 KB
2026-03-01T16:06:08.814350,(2(0)-1772399168:814350),GncDeployment.systemResources.MEMORY_USED,268509185,4686464 KB
2026-03-01T16:06:08.814373,(2(0)-1772399168:814373),GncDeployment.systemResources.NON_VOLATILE_FREE,268509187,135870280 KB
2026-03-01T16:06:08.814374,(2(0)-1772399168:814374),GncDeployment.systemResources.NON_VOLATILE_TOTAL,268509186,239362496 KB
2026-03-01T16:06:08.814385,(2(0)-1772399168:814385),ComCcsds.comQueue.comQueueDepth,33554432,['0', '1']
2026-03-01T16:06:08.814387,(2(0)-1772399168:814387),ComCcsds.comQueue.buffQueueDepth,33554433,['0']
2026-03-01T16:06:09.676084,(2(0)-1772399169:676084),GncDeployment.proximityDriver.Z_Distance,268455936,0.5
2026-03-01T16:06:09.676096,(2(0)-1772399169:676096),GncDeployment.proximityDriver.Signal_Strength,268455937,17393.470703125
2026-03-01T16:06:09.676099,(2(0)-1772399169:676099),GncDeployment.proximityDriver.X_Error,268455938,-13943.75
2026-03-01T16:06:09.676102,(2(0)-1772399169:676102),GncDeployment.proximityDriver.Y_Error,268455939,-32.5099983215332
2026-03-01T16:06:10.675962,(2(0)-1772399170:675962),GncDeployment.proximityDriver.Z_Distance,268455936,0.5
2026-03-01T16:06:10.675977,(2(0)-1772399170:675977),GncDeployment.proximityDriver.Signal_Strength,268455937,17391.240234375
2026-03-01T16:06:10.675979,(2(0)-1772399170:675979),GncDeployment.proximityDriver.X_Error,268455938,-13961.4697265625
2026-03-01T16:06:10.675981,(2(0)-1772399170:675981),GncDeployment.proximityDriver.Y_Error,268455939,-31.93000030517578
2026-03-01T16:06:09.819294,(2(0)-1772399169:819294),GncDeployment.systemResources.CPU_00,268509189,21.21 percent
2026-03-01T16:06:09.819319,(2(0)-1772399169:819319),GncDeployment.systemResources.CPU_01,268509190,18.00 percent
2026-03-01T16:06:09.819338,(2(0)-1772399169:819338),GncDeployment.systemResources.CPU_02,268509191,18.00 percent
2026-03-01T16:06:09.819361,(2(0)-1772399169:819361),GncDeployment.systemResources.CPU_03,268509192,14.14 percent
2026-03-01T16:06:09.819379,(2(0)-1772399169:819379),GncDeployment.systemResources.CPU_04,268509193,7.92 percent
2026-03-01T16:06:09.819398,(2(0)-1772399169:819398),GncDeployment.systemResources.CPU_05,268509194,3.96 percent
2026-03-01T16:06:09.819415,(2(0)-1772399169:819415),GncDeployment.systemResources.CPU_06,268509195,2.94 percent
2026-03-01T16:06:09.819435,(2(0)-1772399169:819435),GncDeployment.systemResources.CPU_07,268509196,1.00 percent
2026-03-01T16:06:09.819436,(2(0)-1772399169:819436),GncDeployment.systemResources.CPU,268509188,10.90 percent
2026-03-01T16:06:09.819453,(2(0)-1772399169:819453),GncDeployment.systemResources.MEMORY_TOTAL,268509184,4788704 KB
2026-03-01T16:06:09.819454,(2(0)-1772399169:819454),GncDeployment.systemResources.MEMORY_USED,268509185,4690928 KB
2026-03-01T16:06:09.819496,(2(0)-1772399169:819496),GncDeployment.systemResources.NON_VOLATILE_FREE,268509187,135870252 KB
2026-03-01T16:06:09.819497,(2(0)-1772399169:819497),GncDeployment.systemResources.NON_VOLATILE_TOTAL,268509186,239362496 KB
2026-03-01T16:06:09.819523,(2(0)-1772399169:819523),ComCcsds.comQueue.comQueueDepth,33554432,['0', '1']
2026-03-01T16:06:09.819528,(2(0)-1772399169:819528),ComCcsds.comQueue.buffQueueDepth,33554433,['0']
2026-03-01T16:06:10.823973,(2(0)-1772399170:823973),GncDeployment.systemResources.CPU_00,268509189,23.76 percent
2026-03-01T16:06:10.824009,(2(0)-1772399170:824009),GncDeployment.systemResources.CPU_01,268509190,22.00 percent
2026-03-01T16:06:10.824041,(2(0)-1772399170:824041),GncDeployment.systemResources.CPU_02,268509191,21.00 percent
2026-03-01T16:06:10.824069,(2(0)-1772399170:824069),GncDeployment.systemResources.CPU_03,268509192,17.82 percent
2026-03-01T16:06:10.824097,(2(0)-1772399170:824097),GncDeployment.systemResources.CPU_04,268509193,12.00 percent
2026-03-01T16:06:10.824136,(2(0)-1772399170:824136),GncDeployment.systemResources.CPU_05,268509194,6.00 percent
2026-03-01T16:06:10.824164,(2(0)-1772399170:824164),GncDeployment.systemResources.CPU_06,268509195,4.00 percent
2026-03-01T16:06:10.824194,(2(0)-1772399170:824194),GncDeployment.systemResources.CPU_07,268509196,2.97 percent
2026-03-01T16:06:10.824197,(2(0)-1772399170:824197),GncDeployment.systemResources.CPU,268509188,13.69 percent
2026-03-01T16:06:10.824215,(2(0)-1772399170:824215),GncDeployment.systemResources.MEMORY_TOTAL,268509184,4791616 KB
2026-03-01T16:06:10.824218,(2(0)-1772399170:824218),GncDeployment.systemResources.MEMORY_USED,268509185,4670128 KB
2026-03-01T16:06:10.824246,(2(0)-1772399170:824246),GncDeployment.systemResources.NON_VOLATILE_FREE,268509187,135870240 KB
2026-03-01T16:06:10.824249,(2(0)-1772399170:824249),GncDeployment.systemResources.NON_VOLATILE_TOTAL,268509186,239362496 KB
2026-03-01T16:06:10.824281,(2(0)-1772399170:824281),ComCcsds.comQueue.comQueueDepth,33554432,['0', '1']
2026-03-01T16:06:10.824285,(2(0)-1772399170:824285),ComCcsds.comQueue.buffQueueDepth,33554433,['0']
2026-03-01T16:06:11.675948,(2(0)-1772399171:675948),GncDeployment.proximityDriver.Z_Distance,268455936,0.5
2026-03-01T16:06:11.675961,(2(0)-1772399171:675961),GncDeployment.proximityDriver.Signal_Strength,268455937,17389.4296875
2026-03-01T16:06:11.675963,(2(0)-1772399171:675963),GncDeployment.proximityDriver.X_Error,268455938,-13964.9599609375
2026-03-01T16:06:11.675966,(2(0)-1772399171:675966),GncDeployment.proximityDriver.Y_Error,268455939,-30.920000076293945
2026-03-01T16:06:12.676016,(2(0)-1772399172:676016),GncDeployment.proximityDriver.Z_Distance,268455936,0.5
2026-03-01T16:06:12.676031,(2(0)-1772399172:676031),GncDeployment.proximityDriver.Signal_Strength,268455937,17385.94921875
2026-03-01T16:06:12.676034,(2(0)-1772399172:676034),GncDeployment.proximityDriver.X_Error,268455938,-13963.669921875
2026-03-01T16:06:12.676036,(2(0)-1772399172:676036),GncDeployment.proximityDriver.Y_Error,268455939,-29.06999969482422
2026-03-01T16:06:11.829042,(2(0)-1772399171:829042),GncDeployment.systemResources.CPU_00,268509189,24.24 percent
2026-03-01T16:06:11.829075,(2(0)-1772399171:829075),GncDeployment.systemResources.CPU_01,268509190,19.00 percent
2026-03-01T16:06:11.829100,(2(0)-1772399171:829100),GncDeployment.systemResources.CPU_02,268509191,17.82 percent
2026-03-01T16:06:11.829127,(2(0)-1772399171:829127),GncDeployment.systemResources.CPU_03,268509192,15.00 percent
2026-03-01T16:06:11.829149,(2(0)-1772399171:829149),GncDeployment.systemResources.CPU_04,268509193,13.00 percent
2026-03-01T16:06:11.829170,(2(0)-1772399171:829170),GncDeployment.systemResources.CPU_05,268509194,7.00 percent
2026-03-01T16:06:11.829195,(2(0)-1772399171:829195),GncDeployment.systemResources.CPU_06,268509195,4.00 percent
2026-03-01T16:06:11.829220,(2(0)-1772399171:829220),GncDeployment.systemResources.CPU_07,268509196,2.02 percent
2026-03-01T16:06:11.829222,(2(0)-1772399171:829222),GncDeployment.systemResources.CPU,268509188,12.76 percent
2026-03-01T16:06:11.829235,(2(0)-1772399171:829235),GncDeployment.systemResources.MEMORY_TOTAL,268509184,4794544 KB
2026-03-01T16:06:11.829237,(2(0)-1772399171:829237),GncDeployment.systemResources.MEMORY_USED,268509185,4696576 KB
2026-03-01T16:06:11.829263,(2(0)-1772399171:829263),GncDeployment.systemResources.NON_VOLATILE_FREE,268509187,135870228 KB
2026-03-01T16:06:11.829264,(2(0)-1772399171:829264),GncDeployment.systemResources.NON_VOLATILE_TOTAL,268509186,239362496 KB
2026-03-01T16:06:11.829285,(2(0)-1772399171:829285),ComCcsds.comQueue.comQueueDepth,33554432,['0', '1']
2026-03-01T16:06:11.829288,(2(0)-1772399171:829288),ComCcsds.comQueue.buffQueueDepth,33554433,['0']
2026-03-01T16:06:12.834146,(2(0)-1772399172:834146),GncDeployment.systemResources.CPU_00,268509189,19.00 percent
2026-03-01T16:06:12.834197,(2(0)-1772399172:834197),GncDeployment.systemResources.CPU_01,268509190,14.85 percent
2026-03-01T16:06:12.834229,(2(0)-1772399172:834229),GncDeployment.systemResources.CPU_02,268509191,10.10 percent
2026-03-01T16:06:12.834267,(2(0)-1772399172:834267),GncDeployment.systemResources.CPU_03,268509192,14.00 percent
2026-03-01T16:06:12.834300,(2(0)-1772399172:834300),GncDeployment.systemResources.CPU_04,268509193,4.95 percent
2026-03-01T16:06:12.834332,(2(0)-1772399172:834332),GncDeployment.systemResources.CPU_05,268509194,2.00 percent
2026-03-01T16:06:12.834361,(2(0)-1772399172:834361),GncDeployment.systemResources.CPU_06,268509195,1.00 percent
2026-03-01T16:06:12.834391,(2(0)-1772399172:834391),GncDeployment.systemResources.CPU_07,268509196,2.94 percent
2026-03-01T16:06:12.834395,(2(0)-1772399172:834395),GncDeployment.systemResources.CPU,268509188,8.61 percent
2026-03-01T16:06:12.834421,(2(0)-1772399172:834421),GncDeployment.systemResources.MEMORY_TOTAL,268509184,4798608 KB
2026-03-01T16:06:12.834425,(2(0)-1772399172:834425),GncDeployment.systemResources.MEMORY_USED,268509185,4733776 KB
2026-03-01T16:06:12.834457,(2(0)-1772399172:834457),GncDeployment.systemResources.NON_VOLATILE_FREE,268509187,135870220 KB
2026-03-01T16:06:12.834459,(2(0)-1772399172:834459),GncDeployment.systemResources.NON_VOLATILE_TOTAL,268509186,239362496 KB
2026-03-01T16:06:12.834486,(2(0)-1772399172:834486),ComCcsds.comQueue.comQueueDepth,33554432,['0', '1']
2026-03-01T16:06:12.834492,(2(0)-1772399172:834492),ComCcsds.comQueue.buffQueueDepth,33554433,['0']
2026-03-01T16:06:13.675826,(2(0)-1772399173:675826),GncDeployment.proximityDriver.Z_Distance,268455936,0.5
2026-03-01T16:06:13.675838,(2(0)-1772399173:675838),GncDeployment.proximityDriver.Signal_Strength,268455937,17381.609375
2026-03-01T16:06:13.675840,(2(0)-1772399173:675840),GncDeployment.proximityDriver.X_Error,268455938,-13968.990234375
2026-03-01T16:06:13.675843,(2(0)-1772399173:675843),GncDeployment.proximityDriver.Y_Error,268455939,-29.600000381469727
2026-03-01T16:06:14.675881,(2(0)-1772399174:675881),GncDeployment.proximityDriver.Z_Distance,268455936,0.5
2026-03-01T16:06:14.675894,(2(0)-1772399174:675894),GncDeployment.proximityDriver.Signal_Strength,268455937,17380.419921875
2026-03-01T16:06:14.675896,(2(0)-1772399174:675896),GncDeployment.proximityDriver.X_Error,268455938,-13975.8798828125
2026-03-01T16:06:14.675897,(2(0)-1772399174:675897),GncDeployment.proximityDriver.Y_Error,268455939,-29.56999969482422
2026-03-01T16:06:13.839099,(2(0)-1772399173:839099),GncDeployment.systemResources.CPU_00,268509189,21.00 percent
2026-03-01T16:06:13.839120,(2(0)-1772399173:839120),GncDeployment.systemResources.CPU_01,268509190,21.43 percent
2026-03-01T16:06:13.839136,(2(0)-1772399173:839136),GncDeployment.systemResources.CPU_02,268509191,31.00 percent
2026-03-01T16:06:13.839151,(2(0)-1772399173:839151),GncDeployment.systemResources.CPU_03,268509192,13.00 percent
2026-03-01T16:06:13.839166,(2(0)-1772399173:839166),GncDeployment.systemResources.CPU_04,268509193,14.00 percent
2026-03-01T16:06:13.839179,(2(0)-1772399173:839179),GncDeployment.systemResources.CPU_05,268509194,7.92 percent
2026-03-01T16:06:13.839192,(2(0)-1772399173:839192),GncDeployment.systemResources.CPU_06,268509195,2.97 percent
2026-03-01T16:06:13.839206,(2(0)-1772399173:839206),GncDeployment.systemResources.CPU_07,268509196,1.00 percent
2026-03-01T16:06:13.839208,(2(0)-1772399173:839208),GncDeployment.systemResources.CPU,268509188,14.04 percent
2026-03-01T16:06:13.839216,(2(0)-1772399173:839216),GncDeployment.systemResources.MEMORY_TOTAL,268509184,4803072 KB
2026-03-01T16:06:13.839218,(2(0)-1772399173:839218),GncDeployment.systemResources.MEMORY_USED,268509185,4693760 KB
2026-03-01T16:06:13.839232,(2(0)-1772399173:839232),GncDeployment.systemResources.NON_VOLATILE_FREE,268509187,135870292 KB
2026-03-01T16:06:13.839233,(2(0)-1772399173:839233),GncDeployment.systemResources.NON_VOLATILE_TOTAL,268509186,239362496 KB
2026-03-01T16:06:13.839258,(2(0)-1772399173:839258),ComCcsds.comQueue.comQueueDepth,33554432,['0', '1']
2026-03-01T16:06:13.839260,(2(0)-1772399173:839260),ComCcsds.comQueue.buffQueueDepth,33554433,['0']
2026-03-01T16:06:15.845246,(2(0)-1772399175:845246),GncDeployment.systemResources.CPU_00,268509189,39.80 percent
2026-03-01T16:06:15.845272,(2(0)-1772399175:845272),GncDeployment.systemResources.CPU_01,268509190,39.00 percent
2026-03-01T16:06:14.844264,(2(0)-1772399174:844264),GncDeployment.systemResources.CPU_02,268509191,15.00 percent
2026-03-01T16:06:14.844295,(2(0)-1772399174:844295),GncDeployment.systemResources.CPU_03,268509192,13.00 percent
2026-03-01T16:06:14.844322,(2(0)-1772399174:844322),GncDeployment.systemResources.CPU_04,268509193,12.87 percent
2026-03-01T16:06:14.844351,(2(0)-1772399174:844351),GncDeployment.systemResources.CPU_05,268509194,4.00 percent
2026-03-01T16:06:14.844378,(2(0)-1772399174:844378),GncDeployment.systemResources.CPU_06,268509195,2.97 percent
2026-03-01T16:06:14.844405,(2(0)-1772399174:844405),GncDeployment.systemResources.CPU_07,268509196,1.00 percent
2026-03-01T16:06:14.844408,(2(0)-1772399174:844408),GncDeployment.systemResources.CPU,268509188,11.36 percent
2026-03-01T16:06:14.844431,(2(0)-1772399174:844431),GncDeployment.systemResources.MEMORY_TOTAL,268509184,4803888 KB
2026-03-01T16:06:14.844434,(2(0)-1772399174:844434),GncDeployment.systemResources.MEMORY_USED,268509185,4702032 KB
2026-03-01T16:06:14.844475,(2(0)-1772399174:844475),GncDeployment.systemResources.NON_VOLATILE_FREE,268509187,135870280 KB
2026-03-01T16:06:14.844477,(2(0)-1772399174:844477),GncDeployment.systemResources.NON_VOLATILE_TOTAL,268509186,239362496 KB
2026-03-01T16:06:14.844507,(2(0)-1772399174:844507),ComCcsds.comQueue.comQueueDepth,33554432,['0', '1']
2026-03-01T16:06:14.844513,(2(0)-1772399174:844513),ComCcsds.comQueue.buffQueueDepth,33554433,['0']
2026-03-01T16:06:15.675786,(2(0)-1772399175:675786),GncDeployment.proximityDriver.Z_Distance,268455936,0.5
2026-03-01T16:06:15.675796,(2(0)-1772399175:675796),GncDeployment.proximityDriver.Signal_Strength,268455937,17378.560546875
2026-03-01T16:06:15.675798,(2(0)-1772399175:675798),GncDeployment.proximityDriver.X_Error,268455938,-13975.33984375
2026-03-01T16:06:15.675800,(2(0)-1772399175:675800),GncDeployment.proximityDriver.Y_Error,268455939,-31.790000915527344
2026-03-01T16:06:16.675759,(2(0)-1772399176:675759),GncDeployment.proximityDriver.Z_Distance,268455936,0.5
2026-03-01T16:06:16.675764,(2(0)-1772399176:675764),GncDeployment.proximityDriver.Signal_Strength,268455937,17375.25
2026-03-01T16:06:16.675766,(2(0)-1772399176:675766),GncDeployment.proximityDriver.X_Error,268455938,-13988.66015625
2026-03-01T16:06:16.675767,(2(0)-1772399176:675767),GncDeployment.proximityDriver.Y_Error,268455939,-16.649999618530273
2026-03-01T16:06:16.848656,(2(0)-1772399176:848656),GncDeployment.rateGroup2.RgMaxTime,268443648,99 us
2026-03-01T16:06:16.848672,(2(0)-1772399176:848672),GncDeployment.systemResources.CPU_00,268509189,29.70 percent
2026-03-01T16:06:16.848704,(2(0)-1772399176:848704),GncDeployment.systemResources.CPU_01,268509190,25.00 percent
2026-03-01T16:06:16.848732,(2(0)-1772399176:848732),GncDeployment.systemResources.CPU_02,268509191,19.00 percent
2026-03-01T16:06:16.848758,(2(0)-1772399176:848758),GncDeployment.systemResources.CPU_03,268509192,16.83 percent
2026-03-01T16:06:16.848782,(2(0)-1772399176:848782),GncDeployment.systemResources.CPU_04,268509193,45.00 percent
2026-03-01T16:06:16.848809,(2(0)-1772399176:848809),GncDeployment.systemResources.CPU_05,268509194,34.65 percent
2026-03-01T16:06:16.848832,(2(0)-1772399176:848832),GncDeployment.systemResources.CPU_06,268509195,23.76 percent
2026-03-01T16:06:15.845480,(2(0)-1772399175:845480),GncDeployment.systemResources.CPU_07,268509196,15.00 percent
2026-03-01T16:06:15.845481,(2(0)-1772399175:845481),GncDeployment.systemResources.CPU,268509188,31.44 percent
2026-03-01T16:06:15.845517,(2(0)-1772399175:845517),GncDeployment.systemResources.MEMORY_TOTAL,268509184,4797376 KB
2026-03-01T16:06:15.845519,(2(0)-1772399175:845519),GncDeployment.systemResources.MEMORY_USED,268509185,4703136 KB
2026-03-01T16:06:15.845548,(2(0)-1772399175:845548),GncDeployment.systemResources.NON_VOLATILE_FREE,268509187,135868952 KB
2026-03-01T16:06:15.845549,(2(0)-1772399175:845549),GncDeployment.systemResources.NON_VOLATILE_TOTAL,268509186,239362496 KB
2026-03-01T16:06:15.845639,(2(0)-1772399175:845639),ComCcsds.comQueue.comQueueDepth,33554432,['0', '1']
2026-03-01T16:06:15.845642,(2(0)-1772399175:845642),ComCcsds.comQueue.buffQueueDepth,33554433,['0']
2026-03-01T16:06:16.848852,(2(0)-1772399176:848852),GncDeployment.systemResources.CPU_07,268509196,17.82 percent
2026-03-01T16:06:16.848854,(2(0)-1772399176:848854),GncDeployment.systemResources.CPU,268509188,26.47 percent
2026-03-01T16:06:16.848872,(2(0)-1772399176:848872),GncDeployment.systemResources.MEMORY_TOTAL,268509184,4786976 KB
2026-03-01T16:06:16.848875,(2(0)-1772399176:848875),GncDeployment.systemResources.MEMORY_USED,268509185,4667136 KB
2026-03-01T16:06:16.848899,(2(0)-1772399176:848899),GncDeployment.systemResources.NON_VOLATILE_FREE,268509187,135868840 KB
2026-03-01T16:06:16.848900,(2(0)-1772399176:848900),GncDeployment.systemResources.NON_VOLATILE_TOTAL,268509186,239362496 KB
2026-03-01T16:06:16.848948,(2(0)-1772399176:848948),ComCcsds.comQueue.comQueueDepth,33554432,['0', '1']
2026-03-01T16:06:16.848951,(2(0)-1772399176:848951),ComCcsds.comQueue.buffQueueDepth,33554433,['0']
2026-03-01T16:06:17.675816,(2(0)-1772399177:675816),GncDeployment.proximityDriver.Z_Distance,268455936,0.5
2026-03-01T16:06:17.675823,(2(0)-1772399177:675823),GncDeployment.proximityDriver.Signal_Strength,268455937,17369.80078125
2026-03-01T16:06:17.675825,(2(0)-1772399177:675825),GncDeployment.proximityDriver.X_Error,268455938,-13992.650390625
2026-03-01T16:06:17.675827,(2(0)-1772399177:675827),GncDeployment.proximityDriver.Y_Error,268455939,-5.840000152587891
2026-03-01T16:06:18.675846,(2(0)-1772399178:675846),GncDeployment.proximityDriver.Z_Distance,268455936,0.5
2026-03-01T16:06:18.675860,(2(0)-1772399178:675860),GncDeployment.proximityDriver.Signal_Strength,268455937,17375.150390625
2026-03-01T16:06:18.675862,(2(0)-1772399178:675862),GncDeployment.proximityDriver.X_Error,268455938,-13978.7900390625
2026-03-01T16:06:18.675864,(2(0)-1772399178:675864),GncDeployment.proximityDriver.Y_Error,268455939,-15.59000015258789
2026-03-01T16:06:17.853676,(2(0)-1772399177:853676),GncDeployment.systemResources.CPU_00,268509189,32.32 percent
2026-03-01T16:06:17.853695,(2(0)-1772399177:853695),GncDeployment.systemResources.CPU_01,268509190,31.31 percent
2026-03-01T16:06:17.853709,(2(0)-1772399177:853709),GncDeployment.systemResources.CPU_02,268509191,25.25 percent
2026-03-01T16:06:17.853724,(2(0)-1772399177:853724),GncDeployment.systemResources.CPU_03,268509192,23.00 percent
2026-03-01T16:06:17.853740,(2(0)-1772399177:853740),GncDeployment.systemResources.CPU_04,268509193,31.00 percent
2026-03-01T16:06:17.853756,(2(0)-1772399177:853756),GncDeployment.systemResources.CPU_05,268509194,26.00 percent
2026-03-01T16:06:17.853769,(2(0)-1772399177:853769),GncDeployment.systemResources.CPU_06,268509195,10.00 percent
2026-03-01T16:06:17.853783,(2(0)-1772399177:853783),GncDeployment.systemResources.CPU_07,268509196,4.00 percent
2026-03-01T16:06:17.853784,(2(0)-1772399177:853784),GncDeployment.systemResources.CPU,268509188,22.86 percent
2026-03-01T16:06:17.853793,(2(0)-1772399177:853793),GncDeployment.systemResources.MEMORY_TOTAL,268509184,4785840 KB
2026-03-01T16:06:17.853794,(2(0)-1772399177:853794),GncDeployment.systemResources.MEMORY_USED,268509185,4655360 KB
2026-03-01T16:06:17.853810,(2(0)-1772399177:853810),GncDeployment.systemResources.NON_VOLATILE_FREE,268509187,135868820 KB
2026-03-01T16:06:17.853811,(2(0)-1772399177:853811),GncDeployment.systemResources.NON_VOLATILE_TOTAL,268509186,239362496 KB
2026-03-01T16:06:17.853821,(2(0)-1772399177:853821),ComCcsds.comQueue.comQueueDepth,33554432,['0', '1']
2026-03-01T16:06:17.853823,(2(0)-1772399177:853823),ComCcsds.comQueue.buffQueueDepth,33554433,['0']
2026-03-01T16:06:18.857892,(2(0)-1772399178:857892),GncDeployment.systemResources.CPU_00,268509189,24.24 percent
2026-03-01T16:06:18.857912,(2(0)-1772399178:857912),GncDeployment.systemResources.CPU_01,268509190,22.00 percent
2026-03-01T16:06:18.857932,(2(0)-1772399178:857932),GncDeployment.systemResources.CPU_02,268509191,18.00 percent
2026-03-01T16:06:18.857947,(2(0)-1772399178:857947),GncDeployment.systemResources.CPU_03,268509192,12.12 percent
2026-03-01T16:06:18.857964,(2(0)-1772399178:857964),GncDeployment.systemResources.CPU_04,268509193,22.77 percent
2026-03-01T16:06:18.857979,(2(0)-1772399178:857979),GncDeployment.systemResources.CPU_05,268509194,29.00 percent
2026-03-01T16:06:18.857997,(2(0)-1772399178:857997),GncDeployment.systemResources.CPU_06,268509195,9.00 percent
2026-03-01T16:06:18.858016,(2(0)-1772399178:858016),GncDeployment.systemResources.CPU_07,268509196,4.00 percent
2026-03-01T16:06:18.858017,(2(0)-1772399178:858017),GncDeployment.systemResources.CPU,268509188,17.64 percent
2026-03-01T16:06:18.858028,(2(0)-1772399178:858028),GncDeployment.systemResources.MEMORY_TOTAL,268509184,4757648 KB
2026-03-01T16:06:18.858029,(2(0)-1772399178:858029),GncDeployment.systemResources.MEMORY_USED,268509185,4596560 KB
2026-03-01T16:06:18.858055,(2(0)-1772399178:858055),GncDeployment.systemResources.NON_VOLATILE_FREE,268509187,135868740 KB
2026-03-01T16:06:18.858057,(2(0)-1772399178:858057),GncDeployment.systemResources.NON_VOLATILE_TOTAL,268509186,239362496 KB
2026-03-01T16:06:18.858109,(2(0)-1772399178:858109),ComCcsds.comQueue.comQueueDepth,33554432,['0', '1']
2026-03-01T16:06:18.858114,(2(0)-1772399178:858114),ComCcsds.comQueue.buffQueueDepth,33554433,['0']
2026-03-01T16:06:19.675741,(2(0)-1772399179:675741),GncDeployment.proximityDriver.Z_Distance,268455936,0.5
2026-03-01T16:06:19.675754,(2(0)-1772399179:675754),GncDeployment.proximityDriver.Signal_Strength,268455937,17377.58984375
2026-03-01T16:06:19.675757,(2(0)-1772399179:675757),GncDeployment.proximityDriver.X_Error,268455938,-13975.8896484375
2026-03-01T16:06:19.675759,(2(0)-1772399179:675759),GncDeployment.proximityDriver.Y_Error,268455939,-19.25
2026-03-01T16:06:20.675551,(2(0)-1772399180:675551),GncDeployment.proximityDriver.Z_Distance,268455936,0.5
2026-03-01T16:06:20.675556,(2(0)-1772399180:675556),GncDeployment.proximityDriver.Signal_Strength,268455937,17378.83984375
2026-03-01T16:06:20.675558,(2(0)-1772399180:675558),GncDeployment.proximityDriver.X_Error,268455938,-13977.1298828125
2026-03-01T16:06:20.675559,(2(0)-1772399180:675559),GncDeployment.proximityDriver.Y_Error,268455939,-18.600000381469727
2026-03-01T16:06:20.860785,(2(0)-1772399180:860785),GncDeployment.rateGroup2.RgMaxTime,268443648,101 us
2026-03-01T16:06:20.860849,(2(0)-1772399180:860849),GncDeployment.systemResources.CPU_00,268509189,34.34 percent
2026-03-01T16:06:20.860876,(2(0)-1772399180:860876),GncDeployment.systemResources.CPU_01,268509190,32.00 percent
2026-03-01T16:06:19.859853,(2(0)-1772399179:859853),GncDeployment.systemResources.CPU_02,268509191,18.00 percent
2026-03-01T16:06:19.859870,(2(0)-1772399179:859870),GncDeployment.systemResources.CPU_03,268509192,16.00 percent
2026-03-01T16:06:19.859884,(2(0)-1772399179:859884),GncDeployment.systemResources.CPU_04,268509193,26.26 percent
2026-03-01T16:06:19.859898,(2(0)-1772399179:859898),GncDeployment.systemResources.CPU_05,268509194,26.00 percent
2026-03-01T16:06:19.859912,(2(0)-1772399179:859912),GncDeployment.systemResources.CPU_06,268509195,9.00 percent
2026-03-01T16:06:19.859926,(2(0)-1772399179:859926),GncDeployment.systemResources.CPU_07,268509196,4.04 percent
2026-03-01T16:06:19.859927,(2(0)-1772399179:859927),GncDeployment.systemResources.CPU,268509188,18.19 percent
2026-03-01T16:06:19.859937,(2(0)-1772399179:859937),GncDeployment.systemResources.MEMORY_TOTAL,268509184,4800640 KB
2026-03-01T16:06:19.859938,(2(0)-1772399179:859938),GncDeployment.systemResources.MEMORY_USED,268509185,4634496 KB
2026-03-01T16:06:19.859960,(2(0)-1772399179:859960),GncDeployment.systemResources.NON_VOLATILE_FREE,268509187,135868884 KB
2026-03-01T16:06:19.859961,(2(0)-1772399179:859961),GncDeployment.systemResources.NON_VOLATILE_TOTAL,268509186,239362496 KB
2026-03-01T16:06:19.859980,(2(0)-1772399179:859980),ComCcsds.comQueue.comQueueDepth,33554432,['0', '1']
2026-03-01T16:06:19.859981,(2(0)-1772399179:859981),ComCcsds.comQueue.buffQueueDepth,33554433,['0']
2026-03-01T16:06:20.860960,(2(0)-1772399180:860960),GncDeployment.systemResources.CPU_02,268509191,28.28 percent
2026-03-01T16:06:20.860988,(2(0)-1772399180:860988),GncDeployment.systemResources.CPU_03,268509192,28.00 percent
2026-03-01T16:06:20.861018,(2(0)-1772399180:861018),GncDeployment.systemResources.CPU_04,268509193,54.00 percent
2026-03-01T16:06:20.861048,(2(0)-1772399180:861048),GncDeployment.systemResources.CPU_05,268509194,45.00 percent
2026-03-01T16:06:20.861092,(2(0)-1772399180:861092),GncDeployment.systemResources.CPU_06,268509195,19.19 percent
2026-03-01T16:06:20.861118,(2(0)-1772399180:861118),GncDeployment.systemResources.CPU_07,268509196,17.82 percent
2026-03-01T16:06:20.861120,(2(0)-1772399180:861120),GncDeployment.systemResources.CPU,268509188,32.33 percent
2026-03-01T16:06:20.861130,(2(0)-1772399180:861130),GncDeployment.systemResources.MEMORY_TOTAL,268509184,4810720 KB
2026-03-01T16:06:20.861131,(2(0)-1772399180:861131),GncDeployment.systemResources.MEMORY_USED,268509185,4674592 KB
2026-03-01T16:06:20.861146,(2(0)-1772399180:861146),GncDeployment.systemResources.NON_VOLATILE_FREE,268509187,135867724 KB
2026-03-01T16:06:20.861147,(2(0)-1772399180:861147),GncDeployment.systemResources.NON_VOLATILE_TOTAL,268509186,239362496 KB
2026-03-01T16:06:20.861285,(2(0)-1772399180:861285),ComCcsds.comQueue.comQueueDepth,33554432,['0', '1']
2026-03-01T16:06:20.861287,(2(0)-1772399180:861287),ComCcsds.comQueue.buffQueueDepth,33554433,['0']
2026-03-01T16:06:21.675565,(2(0)-1772399181:675565),GncDeployment.proximityDriver.Z_Distance,268455936,0.5
2026-03-01T16:06:21.675572,(2(0)-1772399181:675572),GncDeployment.proximityDriver.Signal_Strength,268455937,17374.599609375
2026-03-01T16:06:21.675575,(2(0)-1772399181:675575),GncDeployment.proximityDriver.X_Error,268455938,-13974.2197265625
2026-03-01T16:06:21.675577,(2(0)-1772399181:675577),GncDeployment.proximityDriver.Y_Error,268455939,-15.989999771118164
2026-03-01T16:06:22.675617,(2(0)-1772399182:675617),GncDeployment.proximityDriver.Z_Distance,268455936,0.5
2026-03-01T16:06:22.675625,(2(0)-1772399182:675625),GncDeployment.proximityDriver.Signal_Strength,268455937,17375.259765625
2026-03-01T16:06:22.675627,(2(0)-1772399182:675627),GncDeployment.proximityDriver.X_Error,268455938,-13975.83984375
2026-03-01T16:06:22.675629,(2(0)-1772399182:675629),GncDeployment.proximityDriver.Y_Error,268455939,-14.300000190734863
2026-03-01T16:06:21.861681,(2(0)-1772399181:861681),GncDeployment.systemResources.CPU_00,268509189,31.31 percent
2026-03-01T16:06:21.861716,(2(0)-1772399181:861716),GncDeployment.systemResources.CPU_01,268509190,28.28 percent
2026-03-01T16:06:21.861744,(2(0)-1772399181:861744),GncDeployment.systemResources.CPU_02,268509191,26.00 percent
2026-03-01T16:06:21.861770,(2(0)-1772399181:861770),GncDeployment.systemResources.CPU_03,268509192,21.43 percent
2026-03-01T16:06:21.861797,(2(0)-1772399181:861797),GncDeployment.systemResources.CPU_04,268509193,45.00 percent
2026-03-01T16:06:21.861824,(2(0)-1772399181:861824),GncDeployment.systemResources.CPU_05,268509194,43.00 percent
2026-03-01T16:06:21.861850,(2(0)-1772399181:861850),GncDeployment.systemResources.CPU_06,268509195,22.77 percent
2026-03-01T16:06:21.861877,(2(0)-1772399181:861877),GncDeployment.systemResources.CPU_07,268509196,36.00 percent
2026-03-01T16:06:21.861880,(2(0)-1772399181:861880),GncDeployment.systemResources.CPU,268509188,31.72 percent
2026-03-01T16:06:21.861897,(2(0)-1772399181:861897),GncDeployment.systemResources.MEMORY_TOTAL,268509184,4797680 KB
2026-03-01T16:06:21.861899,(2(0)-1772399181:861899),GncDeployment.systemResources.MEMORY_USED,268509185,4665792 KB
2026-03-01T16:06:21.861924,(2(0)-1772399181:861924),GncDeployment.systemResources.NON_VOLATILE_FREE,268509187,135877820 KB
2026-03-01T16:06:21.861926,(2(0)-1772399181:861926),GncDeployment.systemResources.NON_VOLATILE_TOTAL,268509186,239362496 KB
2026-03-01T16:06:21.861960,(2(0)-1772399181:861960),ComCcsds.comQueue.comQueueDepth,33554432,['0', '1']
2026-03-01T16:06:21.861984,(2(0)-1772399181:861984),ComCcsds.comQueue.buffQueueDepth,33554433,['0']
2026-03-01T16:06:22.866666,(2(0)-1772399182:866666),GncDeployment.systemResources.CPU_00,268509189,25.74 percent
2026-03-01T16:06:22.866691,(2(0)-1772399182:866691),GncDeployment.systemResources.CPU_01,268509190,20.00 percent
2026-03-01T16:06:22.866711,(2(0)-1772399182:866711),GncDeployment.systemResources.CPU_02,268509191,17.00 percent
2026-03-01T16:06:22.866731,(2(0)-1772399182:866731),GncDeployment.systemResources.CPU_03,268509192,15.84 percent
2026-03-01T16:06:22.866750,(2(0)-1772399182:866750),GncDeployment.systemResources.CPU_04,268509193,40.00 percent
2026-03-01T16:06:22.866770,(2(0)-1772399182:866770),GncDeployment.systemResources.CPU_05,268509194,33.00 percent
2026-03-01T16:06:22.866789,(2(0)-1772399182:866789),GncDeployment.systemResources.CPU_06,268509195,12.00 percent
2026-03-01T16:06:22.866808,(2(0)-1772399182:866808),GncDeployment.systemResources.CPU_07,268509196,3.96 percent
2026-03-01T16:06:22.866810,(2(0)-1772399182:866810),GncDeployment.systemResources.CPU,268509188,20.94 percent
2026-03-01T16:06:22.866822,(2(0)-1772399182:866822),GncDeployment.systemResources.MEMORY_TOTAL,268509184,4808080 KB
2026-03-01T16:06:22.866824,(2(0)-1772399182:866824),GncDeployment.systemResources.MEMORY_USED,268509185,4681216 KB
2026-03-01T16:06:22.866844,(2(0)-1772399182:866844),GncDeployment.systemResources.NON_VOLATILE_FREE,268509187,135877808 KB
2026-03-01T16:06:22.866846,(2(0)-1772399182:866846),GncDeployment.systemResources.NON_VOLATILE_TOTAL,268509186,239362496 KB
2026-03-01T16:06:22.866870,(2(0)-1772399182:866870),ComCcsds.comQueue.comQueueDepth,33554432,['0', '1']
2026-03-01T16:06:22.866873,(2(0)-1772399182:866873),ComCcsds.comQueue.buffQueueDepth,33554433,['0']
2026-03-01T16:06:23.675615,(2(0)-1772399183:675615),GncDeployment.proximityDriver.Z_Distance,268455936,0.5
2026-03-01T16:06:23.675624,(2(0)-1772399183:675624),GncDeployment.proximityDriver.Signal_Strength,268455937,17381.310546875
2026-03-01T16:06:23.675626,(2(0)-1772399183:675626),GncDeployment.proximityDriver.X_Error,268455938,-13976.16015625
2026-03-01T16:06:23.675627,(2(0)-1772399183:675627),GncDeployment.proximityDriver.Y_Error,268455939,-14.350000381469727
2026-03-01T16:06:24.675519,(2(0)-1772399184:675519),GncDeployment.proximityDriver.Z_Distance,268455936,0.5
2026-03-01T16:06:24.675527,(2(0)-1772399184:675527),GncDeployment.proximityDriver.Signal_Strength,268455937,17386.369140625
2026-03-01T16:06:24.675529,(2(0)-1772399184:675529),GncDeployment.proximityDriver.X_Error,268455938,-13976.080078125
2026-03-01T16:06:24.675532,(2(0)-1772399184:675532),GncDeployment.proximityDriver.Y_Error,268455939,-15.109999656677246
2026-03-01T16:06:24.872225,(2(0)-1772399184:872225),GncDeployment.systemResources.CPU_00,268509189,29.00 percent
2026-03-01T16:06:24.872263,(2(0)-1772399184:872263),GncDeployment.systemResources.CPU_01,268509190,27.27 percent
2026-03-01T16:06:24.872298,(2(0)-1772399184:872298),GncDeployment.systemResources.CPU_02,268509191,20.00 percent
2026-03-01T16:06:24.872329,(2(0)-1772399184:872329),GncDeployment.systemResources.CPU_03,268509192,19.00 percent
2026-03-01T16:06:23.871840,(2(0)-1772399183:871840),GncDeployment.systemResources.CPU_04,268509193,42.57 percent
2026-03-01T16:06:23.871870,(2(0)-1772399183:871870),GncDeployment.systemResources.CPU_05,268509194,15.84 percent
2026-03-01T16:06:23.871906,(2(0)-1772399183:871906),GncDeployment.systemResources.CPU_06,268509195,14.85 percent
2026-03-01T16:06:23.871935,(2(0)-1772399183:871935),GncDeployment.systemResources.CPU_07,268509196,1.00 percent
2026-03-01T16:06:23.871938,(2(0)-1772399183:871938),GncDeployment.systemResources.CPU,268509188,19.62 percent
2026-03-01T16:06:23.871954,(2(0)-1772399183:871954),GncDeployment.systemResources.MEMORY_TOTAL,268509184,4828592 KB
2026-03-01T16:06:23.871956,(2(0)-1772399183:871956),GncDeployment.systemResources.MEMORY_USED,268509185,4719488 KB
2026-03-01T16:06:23.871983,(2(0)-1772399183:871983),GncDeployment.systemResources.NON_VOLATILE_FREE,268509187,135877804 KB
2026-03-01T16:06:23.871985,(2(0)-1772399183:871985),GncDeployment.systemResources.NON_VOLATILE_TOTAL,268509186,239362496 KB
2026-03-01T16:06:23.872021,(2(0)-1772399183:872021),ComCcsds.comQueue.comQueueDepth,33554432,['0', '1']
2026-03-01T16:06:23.872026,(2(0)-1772399183:872026),ComCcsds.comQueue.buffQueueDepth,33554433,['0']
2026-03-01T16:06:24.872360,(2(0)-1772399184:872360),GncDeployment.systemResources.CPU_04,268509193,19.19 percent
2026-03-01T16:06:24.872394,(2(0)-1772399184:872394),GncDeployment.systemResources.CPU_05,268509194,22.00 percent
2026-03-01T16:06:24.872423,(2(0)-1772399184:872423),GncDeployment.systemResources.CPU_06,268509195,4.00 percent
2026-03-01T16:06:24.872454,(2(0)-1772399184:872454),GncDeployment.systemResources.CPU_07,268509196,3.96 percent
2026-03-01T16:06:24.872458,(2(0)-1772399184:872458),GncDeployment.systemResources.CPU,268509188,18.05 percent
2026-03-01T16:06:24.872485,(2(0)-1772399184:872485),GncDeployment.systemResources.MEMORY_TOTAL,268509184,4839296 KB
2026-03-01T16:06:24.872489,(2(0)-1772399184:872489),GncDeployment.systemResources.MEMORY_USED,268509185,4745984 KB
2026-03-01T16:06:24.872525,(2(0)-1772399184:872525),GncDeployment.systemResources.NON_VOLATILE_FREE,268509187,135877796 KB
2026-03-01T16:06:24.872528,(2(0)-1772399184:872528),GncDeployment.systemResources.NON_VOLATILE_TOTAL,268509186,239362496 KB
2026-03-01T16:06:24.872556,(2(0)-1772399184:872556),ComCcsds.comQueue.comQueueDepth,33554432,['0', '1']
2026-03-01T16:06:24.872561,(2(0)-1772399184:872561),ComCcsds.comQueue.buffQueueDepth,33554433,['0']
2026-03-01T16:06:25.875405,(2(0)-1772399185:875405),GncDeployment.proximityDriver.Z_Distance,268455936,0.5
2026-03-01T16:06:25.875411,(2(0)-1772399185:875411),GncDeployment.proximityDriver.Signal_Strength,268455937,17389.98046875
2026-03-01T16:06:25.875413,(2(0)-1772399185:875413),GncDeployment.proximityDriver.X_Error,268455938,-13974.240234375
2026-03-01T16:06:25.875415,(2(0)-1772399185:875415),GncDeployment.proximityDriver.Y_Error,268455939,-17.950000762939453
2026-03-01T16:06:26.875472,(2(0)-1772399186:875472),GncDeployment.proximityDriver.Z_Distance,268455936,0.5
2026-03-01T16:06:26.875483,(2(0)-1772399186:875483),GncDeployment.proximityDriver.Signal_Strength,268455937,17384.7109375
2026-03-01T16:06:26.875485,(2(0)-1772399186:875485),GncDeployment.proximityDriver.X_Error,268455938,-13971.240234375
2026-03-01T16:06:26.875487,(2(0)-1772399186:875487),GncDeployment.proximityDriver.Y_Error,268455939,-21.579999923706055
2026-03-01T16:06:25.877373,(2(0)-1772399185:877373),GncDeployment.systemResources.CPU_00,268509189,30.00 percent
2026-03-01T16:06:25.877397,(2(0)-1772399185:877397),GncDeployment.systemResources.CPU_01,268509190,25.74 percent
2026-03-01T16:06:25.877417,(2(0)-1772399185:877417),GncDeployment.systemResources.CPU_02,268509191,21.21 percent
2026-03-01T16:06:25.877438,(2(0)-1772399185:877438),GncDeployment.systemResources.CPU_03,268509192,19.00 percent
2026-03-01T16:06:25.877458,(2(0)-1772399185:877458),GncDeployment.systemResources.CPU_04,268509193,22.00 percent
2026-03-01T16:06:25.877477,(2(0)-1772399185:877477),GncDeployment.systemResources.CPU_05,268509194,25.25 percent
2026-03-01T16:06:25.877495,(2(0)-1772399185:877495),GncDeployment.systemResources.CPU_06,268509195,11.00 percent
2026-03-01T16:06:25.877514,(2(0)-1772399185:877514),GncDeployment.systemResources.CPU_07,268509196,8.08 percent
2026-03-01T16:06:25.877516,(2(0)-1772399185:877516),GncDeployment.systemResources.CPU,268509188,20.29 percent
2026-03-01T16:06:25.877528,(2(0)-1772399185:877528),GncDeployment.systemResources.MEMORY_TOTAL,268509184,4847568 KB
2026-03-01T16:06:25.877530,(2(0)-1772399185:877530),GncDeployment.systemResources.MEMORY_USED,268509185,4759504 KB
2026-03-01T16:06:25.877543,(2(0)-1772399185:877543),GncDeployment.systemResources.NON_VOLATILE_FREE,268509187,135877788 KB
2026-03-01T16:06:25.877544,(2(0)-1772399185:877544),GncDeployment.systemResources.NON_VOLATILE_TOTAL,268509186,239362496 KB
2026-03-01T16:06:25.877569,(2(0)-1772399185:877569),ComCcsds.comQueue.comQueueDepth,33554432,['0', '1']
2026-03-01T16:06:25.877572,(2(0)-1772399185:877572),ComCcsds.comQueue.buffQueueDepth,33554433,['0']
2026-03-01T16:06:26.879521,(2(0)-1772399186:879521),GncDeployment.systemResources.CPU_00,268509189,32.32 percent
2026-03-01T16:06:26.879544,(2(0)-1772399186:879544),GncDeployment.systemResources.CPU_01,268509190,30.30 percent
2026-03-01T16:06:26.879564,(2(0)-1772399186:879564),GncDeployment.systemResources.CPU_02,268509191,27.27 percent
2026-03-01T16:06:26.879584,(2(0)-1772399186:879584),GncDeployment.systemResources.CPU_03,268509192,24.00 percent
2026-03-01T16:06:26.879605,(2(0)-1772399186:879605),GncDeployment.systemResources.CPU_04,268509193,22.77 percent
2026-03-01T16:06:26.879622,(2(0)-1772399186:879622),GncDeployment.systemResources.CPU_05,268509194,7.92 percent
2026-03-01T16:06:26.879641,(2(0)-1772399186:879641),GncDeployment.systemResources.CPU_06,268509195,4.00 percent
2026-03-01T16:06:26.879660,(2(0)-1772399186:879660),GncDeployment.systemResources.CPU_07,268509196,1.98 percent
2026-03-01T16:06:26.879662,(2(0)-1772399186:879662),GncDeployment.systemResources.CPU,268509188,18.82 percent
2026-03-01T16:06:26.879677,(2(0)-1772399186:879677),GncDeployment.systemResources.MEMORY_TOTAL,268509184,4814192 KB
2026-03-01T16:06:26.879679,(2(0)-1772399186:879679),GncDeployment.systemResources.MEMORY_USED,268509185,4740560 KB
2026-03-01T16:06:26.879702,(2(0)-1772399186:879702),GncDeployment.systemResources.NON_VOLATILE_FREE,268509187,135877788 KB
2026-03-01T16:06:26.879703,(2(0)-1772399186:879703),GncDeployment.systemResources.NON_VOLATILE_TOTAL,268509186,239362496 KB
2026-03-01T16:06:26.879723,(2(0)-1772399186:879723),ComCcsds.comQueue.comQueueDepth,33554432,['0', '1']
2026-03-01T16:06:26.879726,(2(0)-1772399186:879726),ComCcsds.comQueue.buffQueueDepth,33554433,['0']
2026-03-01T16:06:27.875442,(2(0)-1772399187:875442),GncDeployment.proximityDriver.Z_Distance,268455936,0.5
2026-03-01T16:06:27.875453,(2(0)-1772399187:875453),GncDeployment.proximityDriver.Signal_Strength,268455937,17382.619140625
2026-03-01T16:06:27.875455,(2(0)-1772399187:875455),GncDeployment.proximityDriver.X_Error,268455938,-13975.580078125
2026-03-01T16:06:27.875457,(2(0)-1772399187:875457),GncDeployment.proximityDriver.Y_Error,268455939,-20.709999084472656
2026-03-01T16:06:28.875464,(2(0)-1772399188:875464),GncDeployment.proximityDriver.Z_Distance,268455936,0.5
2026-03-01T16:06:28.875476,(2(0)-1772399188:875476),GncDeployment.proximityDriver.Signal_Strength,268455937,17380.099609375
2026-03-01T16:06:28.875478,(2(0)-1772399188:875478),GncDeployment.proximityDriver.X_Error,268455938,-13977.3701171875
2026-03-01T16:06:28.875481,(2(0)-1772399188:875481),GncDeployment.proximityDriver.Y_Error,268455939,-21.579999923706055
2026-03-01T16:06:27.880325,(2(0)-1772399187:880325),GncDeployment.systemResources.CPU_00,268509189,31.31 percent
2026-03-01T16:06:27.880356,(2(0)-1772399187:880356),GncDeployment.systemResources.CPU_01,268509190,28.28 percent
2026-03-01T16:06:27.880385,(2(0)-1772399187:880385),GncDeployment.systemResources.CPU_02,268509191,26.00 percent
2026-03-01T16:06:27.880413,(2(0)-1772399187:880413),GncDeployment.systemResources.CPU_03,268509192,23.47 percent
2026-03-01T16:06:27.880435,(2(0)-1772399187:880435),GncDeployment.systemResources.CPU_04,268509193,3.00 percent
2026-03-01T16:06:27.880456,(2(0)-1772399187:880456),GncDeployment.systemResources.CPU_05,268509194,2.02 percent
2026-03-01T16:06:27.880476,(2(0)-1772399187:880476),GncDeployment.systemResources.CPU_06,268509195,1.00 percent
2026-03-01T16:06:27.880497,(2(0)-1772399187:880497),GncDeployment.systemResources.CPU_07,268509196,0.00 percent
2026-03-01T16:06:27.880499,(2(0)-1772399187:880499),GncDeployment.systemResources.CPU,268509188,14.39 percent
2026-03-01T16:06:27.880513,(2(0)-1772399187:880513),GncDeployment.systemResources.MEMORY_TOTAL,268509184,4820368 KB
2026-03-01T16:06:27.880515,(2(0)-1772399187:880515),GncDeployment.systemResources.MEMORY_USED,268509185,4754544 KB
2026-03-01T16:06:27.880537,(2(0)-1772399187:880537),GncDeployment.systemResources.NON_VOLATILE_FREE,268509187,135877656 KB
2026-03-01T16:06:27.880539,(2(0)-1772399187:880539),GncDeployment.systemResources.NON_VOLATILE_TOTAL,268509186,239362496 KB
2026-03-01T16:06:27.880564,(2(0)-1772399187:880564),ComCcsds.comQueue.comQueueDepth,33554432,['0', '1']
2026-03-01T16:06:27.880567,(2(0)-1772399187:880567),ComCcsds.comQueue.buffQueueDepth,33554433,['0']
2026-03-01T16:06:28.882789,(2(0)-1772399188:882789),GncDeployment.systemResources.CPU_00,268509189,34.34 percent
2026-03-01T16:06:28.882818,(2(0)-1772399188:882818),GncDeployment.systemResources.CPU_01,268509190,32.00 percent
2026-03-01T16:06:28.882840,(2(0)-1772399188:882840),GncDeployment.systemResources.CPU_02,268509191,27.27 percent
2026-03-01T16:06:28.882861,(2(0)-1772399188:882861),GncDeployment.systemResources.CPU_03,268509192,23.76 percent
2026-03-01T16:06:28.882879,(2(0)-1772399188:882879),GncDeployment.systemResources.CPU_04,268509193,6.00 percent
2026-03-01T16:06:28.882902,(2(0)-1772399188:882902),GncDeployment.systemResources.CPU_05,268509194,4.95 percent
2026-03-01T16:06:28.882924,(2(0)-1772399188:882924),GncDeployment.systemResources.CPU_06,268509195,1.98 percent
2026-03-01T16:06:28.882945,(2(0)-1772399188:882945),GncDeployment.systemResources.CPU_07,268509196,1.00 percent
2026-03-01T16:06:28.882948,(2(0)-1772399188:882948),GncDeployment.systemResources.CPU,268509188,16.41 percent
2026-03-01T16:06:28.882965,(2(0)-1772399188:882965),GncDeployment.systemResources.MEMORY_TOTAL,268509184,4823200 KB
2026-03-01T16:06:28.882967,(2(0)-1772399188:882967),GncDeployment.systemResources.MEMORY_USED,268509185,4709056 KB
2026-03-01T16:06:28.883002,(2(0)-1772399188:883002),GncDeployment.systemResources.NON_VOLATILE_FREE,268509187,135877652 KB
2026-03-01T16:06:28.883004,(2(0)-1772399188:883004),GncDeployment.systemResources.NON_VOLATILE_TOTAL,268509186,239362496 KB
2026-03-01T16:06:28.883022,(2(0)-1772399188:883022),ComCcsds.comQueue.comQueueDepth,33554432,['0', '1']
2026-03-01T16:06:28.883026,(2(0)-1772399188:883026),ComCcsds.comQueue.buffQueueDepth,33554433,['0']
2026-03-01T16:06:29.875469,(2(0)-1772399189:875469),GncDeployment.proximityDriver.Z_Distance,268455936,0.5
2026-03-01T16:06:29.875483,(2(0)-1772399189:875483),GncDeployment.proximityDriver.Signal_Strength,268455937,17380.689453125
2026-03-01T16:06:29.875487,(2(0)-1772399189:875487),GncDeployment.proximityDriver.X_Error,268455938,-13977.5
2026-03-01T16:06:29.875489,(2(0)-1772399189:875489),GncDeployment.proximityDriver.Y_Error,268455939,-20.450000762939453
2026-03-01T16:06:30.875277,(2(0)-1772399190:875277),GncDeployment.proximityDriver.Z_Distance,268455936,0.5
2026-03-01T16:06:30.875284,(2(0)-1772399190:875284),GncDeployment.proximityDriver.Signal_Strength,268455937,17383.0703125
2026-03-01T16:06:30.875285,(2(0)-1772399190:875285),GncDeployment.proximityDriver.X_Error,268455938,-13978.650390625
2026-03-01T16:06:30.875287,(2(0)-1772399190:875287),GncDeployment.proximityDriver.Y_Error,268455939,-22.270000457763672
2026-03-01T16:06:29.885023,(2(0)-1772399189:885023),GncDeployment.systemResources.CPU_00,268509189,34.00 percent
2026-03-01T16:06:29.885072,(2(0)-1772399189:885072),GncDeployment.systemResources.CPU_01,268509190,33.00 percent
2026-03-01T16:06:29.885111,(2(0)-1772399189:885111),GncDeployment.systemResources.CPU_02,268509191,28.00 percent
2026-03-01T16:06:29.885142,(2(0)-1772399189:885142),GncDeployment.systemResources.CPU_03,268509192,25.00 percent
2026-03-01T16:06:29.885175,(2(0)-1772399189:885175),GncDeployment.systemResources.CPU_04,268509193,4.04 percent
2026-03-01T16:06:29.885211,(2(0)-1772399189:885211),GncDeployment.systemResources.CPU_05,268509194,3.00 percent
2026-03-01T16:06:29.885249,(2(0)-1772399189:885249),GncDeployment.systemResources.CPU_06,268509195,1.00 percent
2026-03-01T16:06:29.885287,(2(0)-1772399189:885287),GncDeployment.systemResources.CPU_07,268509196,1.98 percent
2026-03-01T16:06:29.885291,(2(0)-1772399189:885291),GncDeployment.systemResources.CPU,268509188,16.25 percent
2026-03-01T16:06:29.885320,(2(0)-1772399189:885320),GncDeployment.systemResources.MEMORY_TOTAL,268509184,4827552 KB
2026-03-01T16:06:29.885323,(2(0)-1772399189:885323),GncDeployment.systemResources.MEMORY_USED,268509185,4720720 KB
2026-03-01T16:06:29.885362,(2(0)-1772399189:885362),GncDeployment.systemResources.NON_VOLATILE_FREE,268509187,135877640 KB
2026-03-01T16:06:29.885364,(2(0)-1772399189:885364),GncDeployment.systemResources.NON_VOLATILE_TOTAL,268509186,239362496 KB
2026-03-01T16:06:29.885394,(2(0)-1772399189:885394),ComCcsds.comQueue.comQueueDepth,33554432,['0', '1']
2026-03-01T16:06:29.885399,(2(0)-1772399189:885399),ComCcsds.comQueue.buffQueueDepth,33554433,['0']
2026-03-01T16:06:30.885329,(2(0)-1772399190:885329),GncDeployment.systemResources.CPU_00,268509189,27.27 percent
2026-03-01T16:06:30.885354,(2(0)-1772399190:885354),GncDeployment.systemResources.CPU_01,268509190,25.25 percent
2026-03-01T16:06:30.885374,(2(0)-1772399190:885374),GncDeployment.systemResources.CPU_02,268509191,20.20 percent
2026-03-01T16:06:30.885392,(2(0)-1772399190:885392),GncDeployment.systemResources.CPU_03,268509192,17.35 percent
2026-03-01T16:06:30.885411,(2(0)-1772399190:885411),GncDeployment.systemResources.CPU_04,268509193,25.74 percent
2026-03-01T16:06:30.885432,(2(0)-1772399190:885432),GncDeployment.systemResources.CPU_05,268509194,11.00 percent
2026-03-01T16:06:30.885454,(2(0)-1772399190:885454),GncDeployment.systemResources.CPU_06,268509195,6.06 percent
2026-03-01T16:06:30.885471,(2(0)-1772399190:885471),GncDeployment.systemResources.CPU_07,268509196,3.00 percent
2026-03-01T16:06:30.885473,(2(0)-1772399190:885473),GncDeployment.systemResources.CPU,268509188,16.98 percent
2026-03-01T16:06:30.885484,(2(0)-1772399190:885484),GncDeployment.systemResources.MEMORY_TOTAL,268509184,4823520 KB
2026-03-01T16:06:30.885485,(2(0)-1772399190:885485),GncDeployment.systemResources.MEMORY_USED,268509185,4757360 KB
2026-03-01T16:06:30.885507,(2(0)-1772399190:885507),GncDeployment.systemResources.NON_VOLATILE_FREE,268509187,135877840 KB
2026-03-01T16:06:30.885508,(2(0)-1772399190:885508),GncDeployment.systemResources.NON_VOLATILE_TOTAL,268509186,239362496 KB
2026-03-01T16:06:30.885526,(2(0)-1772399190:885526),ComCcsds.comQueue.comQueueDepth,33554432,['0', '1']
2026-03-01T16:06:30.885528,(2(0)-1772399190:885528),ComCcsds.comQueue.buffQueueDepth,33554433,['0']
2026-03-01T16:06:31.875385,(2(0)-1772399191:875385),GncDeployment.proximityDriver.Z_Distance,268455936,0.5
2026-03-01T16:06:31.875397,(2(0)-1772399191:875397),GncDeployment.proximityDriver.Signal_Strength,268455937,17385.19921875
2026-03-01T16:06:31.875399,(2(0)-1772399191:875399),GncDeployment.proximityDriver.X_Error,268455938,-13972.6796875
2026-03-01T16:06:31.875402,(2(0)-1772399191:875402),GncDeployment.proximityDriver.Y_Error,268455939,-24.479999542236328
2026-03-01T16:06:32.875343,(2(0)-1772399192:875343),GncDeployment.proximityDriver.Z_Distance,268455936,0.5
2026-03-01T16:06:32.875355,(2(0)-1772399192:875355),GncDeployment.proximityDriver.Signal_Strength,268455937,17382.4296875
2026-03-01T16:06:32.875357,(2(0)-1772399192:875357),GncDeployment.proximityDriver.X_Error,268455938,-13974.240234375
2026-03-01T16:06:32.875359,(2(0)-1772399192:875359),GncDeployment.proximityDriver.Y_Error,268455939,-22.360000610351562
2026-03-01T16:06:32.895369,(2(0)-1772399192:895369),GncDeployment.systemResources.CPU_00,268509189,23.00 percent
2026-03-01T16:06:32.895396,(2(0)-1772399192:895396),GncDeployment.systemResources.CPU_01,268509190,18.00 percent
2026-03-01T16:06:31.890488,(2(0)-1772399191:890488),GncDeployment.systemResources.CPU_02,268509191,18.00 percent
2026-03-01T16:06:31.890507,(2(0)-1772399191:890507),GncDeployment.systemResources.CPU_03,268509192,17.00 percent
2026-03-01T16:06:31.890527,(2(0)-1772399191:890527),GncDeployment.systemResources.CPU_04,268509193,14.14 percent
2026-03-01T16:06:31.890548,(2(0)-1772399191:890548),GncDeployment.systemResources.CPU_05,268509194,6.00 percent
2026-03-01T16:06:31.890566,(2(0)-1772399191:890566),GncDeployment.systemResources.CPU_06,268509195,2.97 percent
2026-03-01T16:06:31.890583,(2(0)-1772399191:890583),GncDeployment.systemResources.CPU_07,268509196,2.00 percent
2026-03-01T16:06:31.890584,(2(0)-1772399191:890584),GncDeployment.systemResources.CPU,268509188,12.91 percent
2026-03-01T16:06:31.890598,(2(0)-1772399191:890598),GncDeployment.systemResources.MEMORY_TOTAL,268509184,4825984 KB
2026-03-01T16:06:31.890600,(2(0)-1772399191:890600),GncDeployment.systemResources.MEMORY_USED,268509185,4748416 KB
2026-03-01T16:06:31.890630,(2(0)-1772399191:890630),GncDeployment.systemResources.NON_VOLATILE_FREE,268509187,135877836 KB
2026-03-01T16:06:31.890631,(2(0)-1772399191:890631),GncDeployment.systemResources.NON_VOLATILE_TOTAL,268509186,239362496 KB
2026-03-01T16:06:31.890653,(2(0)-1772399191:890653),ComCcsds.comQueue.comQueueDepth,33554432,['0', '1']
2026-03-01T16:06:31.890656,(2(0)-1772399191:890656),ComCcsds.comQueue.buffQueueDepth,33554433,['0']
2026-03-01T16:06:32.895420,(2(0)-1772399192:895420),GncDeployment.systemResources.CPU_02,268509191,14.00 percent
2026-03-01T16:06:32.895479,(2(0)-1772399192:895479),GncDeployment.systemResources.CPU_03,268509192,13.00 percent
2026-03-01T16:06:32.895503,(2(0)-1772399192:895503),GncDeployment.systemResources.CPU_04,268509193,13.00 percent
2026-03-01T16:06:32.895527,(2(0)-1772399192:895527),GncDeployment.systemResources.CPU_05,268509194,10.00 percent
2026-03-01T16:06:32.895558,(2(0)-1772399192:895558),GncDeployment.systemResources.CPU_06,268509195,3.00 percent
2026-03-01T16:06:32.895576,(2(0)-1772399192:895576),GncDeployment.systemResources.CPU_07,268509196,3.00 percent
2026-03-01T16:06:32.895579,(2(0)-1772399192:895579),GncDeployment.systemResources.CPU,268509188,12.12 percent
2026-03-01T16:06:32.895593,(2(0)-1772399192:895593),GncDeployment.systemResources.MEMORY_TOTAL,268509184,4776976 KB
2026-03-01T16:06:32.895595,(2(0)-1772399192:895595),GncDeployment.systemResources.MEMORY_USED,268509185,4690064 KB
2026-03-01T16:06:32.895622,(2(0)-1772399192:895622),GncDeployment.systemResources.NON_VOLATILE_FREE,268509187,135877528 KB
2026-03-01T16:06:32.895624,(2(0)-1772399192:895624),GncDeployment.systemResources.NON_VOLATILE_TOTAL,268509186,239362496 KB
2026-03-01T16:06:32.895642,(2(0)-1772399192:895642),ComCcsds.comQueue.comQueueDepth,33554432,['0', '1']
2026-03-01T16:06:32.895646,(2(0)-1772399192:895646),ComCcsds.comQueue.buffQueueDepth,33554433,['0']
2026-03-01T16:06:33.875227,(2(0)-1772399193:875227),GncDeployment.proximityDriver.Z_Distance,268455936,0.5
2026-03-01T16:06:33.875237,(2(0)-1772399193:875237),GncDeployment.proximityDriver.Signal_Strength,268455937,17381.349609375
2026-03-01T16:06:33.875239,(2(0)-1772399193:875239),GncDeployment.proximityDriver.X_Error,268455938,-13971.5498046875
2026-03-01T16:06:33.875241,(2(0)-1772399193:875241),GncDeployment.proximityDriver.Y_Error,268455939,-23.440000534057617
2026-03-01T16:06:34.875259,(2(0)-1772399194:875259),GncDeployment.proximityDriver.Z_Distance,268455936,0.5
2026-03-01T16:06:34.875268,(2(0)-1772399194:875268),GncDeployment.proximityDriver.Signal_Strength,268455937,17380.900390625
2026-03-01T16:06:34.875270,(2(0)-1772399194:875270),GncDeployment.proximityDriver.X_Error,268455938,-13972.3095703125
2026-03-01T16:06:34.875272,(2(0)-1772399194:875272),GncDeployment.proximityDriver.Y_Error,268455939,-24.510000228881836
2026-03-01T16:06:33.900421,(2(0)-1772399193:900421),GncDeployment.systemResources.CPU_00,268509189,20.20 percent
2026-03-01T16:06:33.900450,(2(0)-1772399193:900450),GncDeployment.systemResources.CPU_01,268509190,18.00 percent
2026-03-01T16:06:33.900467,(2(0)-1772399193:900467),GncDeployment.systemResources.CPU_02,268509191,13.00 percent
2026-03-01T16:06:33.900487,(2(0)-1772399193:900487),GncDeployment.systemResources.CPU_03,268509192,11.00 percent
2026-03-01T16:06:33.900509,(2(0)-1772399193:900509),GncDeployment.systemResources.CPU_04,268509193,15.00 percent
2026-03-01T16:06:33.900525,(2(0)-1772399193:900525),GncDeployment.systemResources.CPU_05,268509194,7.00 percent
2026-03-01T16:06:33.900539,(2(0)-1772399193:900539),GncDeployment.systemResources.CPU_06,268509195,5.94 percent
2026-03-01T16:06:33.900554,(2(0)-1772399193:900554),GncDeployment.systemResources.CPU_07,268509196,3.92 percent
2026-03-01T16:06:33.900556,(2(0)-1772399193:900556),GncDeployment.systemResources.CPU,268509188,11.76 percent
2026-03-01T16:06:33.900569,(2(0)-1772399193:900569),GncDeployment.systemResources.MEMORY_TOTAL,268509184,4779024 KB
2026-03-01T16:06:33.900571,(2(0)-1772399193:900571),GncDeployment.systemResources.MEMORY_USED,268509185,4698768 KB
2026-03-01T16:06:33.900605,(2(0)-1772399193:900605),GncDeployment.systemResources.NON_VOLATILE_FREE,268509187,135877528 KB
2026-03-01T16:06:33.900607,(2(0)-1772399193:900607),GncDeployment.systemResources.NON_VOLATILE_TOTAL,268509186,239362496 KB
2026-03-01T16:06:33.900634,(2(0)-1772399193:900634),ComCcsds.comQueue.comQueueDepth,33554432,['0', '1']
2026-03-01T16:06:33.900640,(2(0)-1772399193:900640),ComCcsds.comQueue.buffQueueDepth,33554433,['0']
2026-03-01T16:06:34.905471,(2(0)-1772399194:905471),GncDeployment.systemResources.CPU_00,268509189,25.00 percent
2026-03-01T16:06:34.905508,(2(0)-1772399194:905508),GncDeployment.systemResources.CPU_01,268509190,23.23 percent
2026-03-01T16:06:34.905542,(2(0)-1772399194:905542),GncDeployment.systemResources.CPU_02,268509191,19.00 percent
2026-03-01T16:06:34.905575,(2(0)-1772399194:905575),GncDeployment.systemResources.CPU_03,268509192,14.85 percent
2026-03-01T16:06:34.905605,(2(0)-1772399194:905605),GncDeployment.systemResources.CPU_04,268509193,7.92 percent
2026-03-01T16:06:34.905638,(2(0)-1772399194:905638),GncDeployment.systemResources.CPU_05,268509194,4.95 percent
2026-03-01T16:06:34.905668,(2(0)-1772399194:905668),GncDeployment.systemResources.CPU_06,268509195,3.00 percent
2026-03-01T16:06:34.905712,(2(0)-1772399194:905712),GncDeployment.systemResources.CPU_07,268509196,2.00 percent
2026-03-01T16:06:34.905717,(2(0)-1772399194:905717),GncDeployment.systemResources.CPU,268509188,12.49 percent
2026-03-01T16:06:34.905739,(2(0)-1772399194:905739),GncDeployment.systemResources.MEMORY_TOTAL,268509184,4781424 KB
2026-03-01T16:06:34.905742,(2(0)-1772399194:905742),GncDeployment.systemResources.MEMORY_USED,268509185,4653696 KB
2026-03-01T16:06:34.905786,(2(0)-1772399194:905786),GncDeployment.systemResources.NON_VOLATILE_FREE,268509187,135877320 KB
2026-03-01T16:06:34.905789,(2(0)-1772399194:905789),GncDeployment.systemResources.NON_VOLATILE_TOTAL,268509186,239362496 KB
2026-03-01T16:06:34.905815,(2(0)-1772399194:905815),ComCcsds.comQueue.comQueueDepth,33554432,['0', '1']
2026-03-01T16:06:34.905824,(2(0)-1772399194:905824),ComCcsds.comQueue.buffQueueDepth,33554433,['0']
2026-03-01T16:06:35.875178,(2(0)-1772399195:875178),GncDeployment.proximityDriver.Z_Distance,268455936,0.5
2026-03-01T16:06:35.875188,(2(0)-1772399195:875188),GncDeployment.proximityDriver.Signal_Strength,268455937,17381.01953125
2026-03-01T16:06:35.875190,(2(0)-1772399195:875190),GncDeployment.proximityDriver.X_Error,268455938,-13971.330078125
2026-03-01T16:06:35.875192,(2(0)-1772399195:875192),GncDeployment.proximityDriver.Y_Error,268455939,-22.639999389648438
2026-03-01T16:06:36.875247,(2(0)-1772399196:875247),GncDeployment.proximityDriver.Z_Distance,268455936,0.5
2026-03-01T16:06:36.875260,(2(0)-1772399196:875260),GncDeployment.proximityDriver.Signal_Strength,268455937,17379.169921875
2026-03-01T16:06:36.875262,(2(0)-1772399196:875262),GncDeployment.proximityDriver.X_Error,268455938,-13973.01953125
2026-03-01T16:06:36.875264,(2(0)-1772399196:875264),GncDeployment.proximityDriver.Y_Error,268455939,-20.780000686645508
2026-03-01T16:06:36.910060,(2(0)-1772399196:910060),GncDeployment.rateGroup2.RgMaxTime,268443648,110 us
2026-03-01T16:06:36.910124,(2(0)-1772399196:910124),GncDeployment.systemResources.CPU_00,268509189,23.00 percent
2026-03-01T16:06:36.910158,(2(0)-1772399196:910158),GncDeployment.systemResources.CPU_01,268509190,19.19 percent
2026-03-01T16:06:36.910186,(2(0)-1772399196:910186),GncDeployment.systemResources.CPU_02,268509191,16.00 percent
2026-03-01T16:06:36.910217,(2(0)-1772399196:910217),GncDeployment.systemResources.CPU_03,268509192,13.00 percent
2026-03-01T16:06:36.910246,(2(0)-1772399196:910246),GncDeployment.systemResources.CPU_04,268509193,15.15 percent
2026-03-01T16:06:36.910275,(2(0)-1772399196:910275),GncDeployment.systemResources.CPU_05,268509194,8.00 percent
2026-03-01T16:06:36.910304,(2(0)-1772399196:910304),GncDeployment.systemResources.CPU_06,268509195,3.03 percent
2026-03-01T16:06:36.910333,(2(0)-1772399196:910333),GncDeployment.systemResources.CPU_07,268509196,2.02 percent
2026-03-01T16:06:36.910336,(2(0)-1772399196:910336),GncDeployment.systemResources.CPU,268509188,12.42 percent
2026-03-01T16:06:36.910360,(2(0)-1772399196:910360),GncDeployment.systemResources.MEMORY_TOTAL,268509184,4785280 KB
2026-03-01T16:06:36.910364,(2(0)-1772399196:910364),GncDeployment.systemResources.MEMORY_USED,268509185,4667440 KB
2026-03-01T16:06:36.910406,(2(0)-1772399196:910406),GncDeployment.systemResources.NON_VOLATILE_FREE,268509187,135877320 KB
2026-03-01T16:06:36.910409,(2(0)-1772399196:910409),GncDeployment.systemResources.NON_VOLATILE_TOTAL,268509186,239362496 KB
2026-03-01T16:06:36.910717,(2(0)-1772399196:910717),ComCcsds.comQueue.comQueueDepth,33554432,['0', '0']
2026-03-01T16:06:35.910274,(2(0)-1772399195:910274),ComCcsds.comQueue.buffQueueDepth,33554433,['0']
2026-03-01T16:06:36.910724,(2(0)-1772399196:910724),ComCcsds.comQueue.buffQueueDepth,33554433,['0']
2026-03-01T16:06:37.875217,(2(0)-1772399197:875217),GncDeployment.proximityDriver.Z_Distance,268455936,0.5
2026-03-01T16:06:37.875228,(2(0)-1772399197:875228),GncDeployment.proximityDriver.Signal_Strength,268455937,17378.51953125
2026-03-01T16:06:37.875230,(2(0)-1772399197:875230),GncDeployment.proximityDriver.X_Error,268455938,-13968.1103515625
2026-03-01T16:06:37.875233,(2(0)-1772399197:875233),GncDeployment.proximityDriver.Y_Error,268455939,-23.31999969482422
2026-03-01T16:06:38.875056,(2(0)-1772399198:875056),GncDeployment.proximityDriver.Z_Distance,268455936,0.5
2026-03-01T16:06:38.875064,(2(0)-1772399198:875064),GncDeployment.proximityDriver.Signal_Strength,268455937,17377.669921875
2026-03-01T16:06:38.875066,(2(0)-1772399198:875066),GncDeployment.proximityDriver.X_Error,268455938,-13977.83984375
2026-03-01T16:06:38.875069,(2(0)-1772399198:875069),GncDeployment.proximityDriver.Y_Error,268455939,-24.31999969482422
2026-03-01T16:06:37.915219,(2(0)-1772399197:915219),GncDeployment.systemResources.CPU_00,268509189,14.14 percent
2026-03-01T16:06:37.915260,(2(0)-1772399197:915260),GncDeployment.systemResources.CPU_01,268509190,13.00 percent
2026-03-01T16:06:37.915293,(2(0)-1772399197:915293),GncDeployment.systemResources.CPU_02,268509191,11.00 percent
2026-03-01T16:06:37.915323,(2(0)-1772399197:915323),GncDeployment.systemResources.CPU_03,268509192,8.00 percent
2026-03-01T16:06:37.915354,(2(0)-1772399197:915354),GncDeployment.systemResources.CPU_04,268509193,1.98 percent
2026-03-01T16:06:37.915385,(2(0)-1772399197:915385),GncDeployment.systemResources.CPU_05,268509194,1.98 percent
2026-03-01T16:06:37.915426,(2(0)-1772399197:915426),GncDeployment.systemResources.CPU_06,268509195,0.00 percent
2026-03-01T16:06:37.915461,(2(0)-1772399197:915461),GncDeployment.systemResources.CPU_07,268509196,0.98 percent
2026-03-01T16:06:37.915466,(2(0)-1772399197:915466),GncDeployment.systemResources.CPU,268509188,6.39 percent
2026-03-01T16:06:37.915491,(2(0)-1772399197:915491),GncDeployment.systemResources.MEMORY_TOTAL,268509184,4786976 KB
2026-03-01T16:06:37.915494,(2(0)-1772399197:915494),GncDeployment.systemResources.MEMORY_USED,268509185,4666672 KB
2026-03-01T16:06:37.915530,(2(0)-1772399197:915530),GncDeployment.systemResources.NON_VOLATILE_FREE,268509187,135877316 KB
2026-03-01T16:06:37.915533,(2(0)-1772399197:915533),GncDeployment.systemResources.NON_VOLATILE_TOTAL,268509186,239362496 KB
2026-03-01T16:06:37.915561,(2(0)-1772399197:915561),ComCcsds.comQueue.comQueueDepth,33554432,['0', '1']
2026-03-01T16:06:37.915567,(2(0)-1772399197:915567),ComCcsds.comQueue.buffQueueDepth,33554433,['0']
2026-03-01T16:06:39.918985,(2(0)-1772399199:918985),GncDeployment.systemResources.CPU_00,268509189,24.00 percent
2026-03-01T16:06:39.919007,(2(0)-1772399199:919007),GncDeployment.systemResources.CPU_01,268509190,22.00 percent
2026-03-01T16:06:39.919031,(2(0)-1772399199:919031),GncDeployment.systemResources.CPU_02,268509191,18.18 percent
2026-03-01T16:06:39.919046,(2(0)-1772399199:919046),GncDeployment.systemResources.CPU_03,268509192,19.00 percent
2026-03-01T16:06:38.917360,(2(0)-1772399198:917360),GncDeployment.systemResources.CPU_04,268509193,31.31 percent
2026-03-01T16:06:38.917390,(2(0)-1772399198:917390),GncDeployment.systemResources.CPU_05,268509194,15.15 percent
2026-03-01T16:06:38.917418,(2(0)-1772399198:917418),GncDeployment.systemResources.CPU_06,268509195,6.93 percent
2026-03-01T16:06:38.917448,(2(0)-1772399198:917448),GncDeployment.systemResources.CPU_07,268509196,3.00 percent
2026-03-01T16:06:38.917452,(2(0)-1772399198:917452),GncDeployment.systemResources.CPU,268509188,19.48 percent
2026-03-01T16:06:38.917471,(2(0)-1772399198:917471),GncDeployment.systemResources.MEMORY_TOTAL,268509184,4770128 KB
2026-03-01T16:06:38.917474,(2(0)-1772399198:917474),GncDeployment.systemResources.MEMORY_USED,268509185,4665232 KB
2026-03-01T16:06:38.917498,(2(0)-1772399198:917498),GncDeployment.systemResources.NON_VOLATILE_FREE,268509187,135877052 KB
2026-03-01T16:06:38.917501,(2(0)-1772399198:917501),GncDeployment.systemResources.NON_VOLATILE_TOTAL,268509186,239362496 KB
2026-03-01T16:06:38.917537,(2(0)-1772399198:917537),ComCcsds.comQueue.comQueueDepth,33554432,['0', '1']
2026-03-01T16:06:38.917541,(2(0)-1772399198:917541),ComCcsds.comQueue.buffQueueDepth,33554433,['0']
2026-03-01T16:06:39.875203,(2(0)-1772399199:875203),GncDeployment.proximityDriver.Z_Distance,268455936,0.5
2026-03-01T16:06:39.875218,(2(0)-1772399199:875218),GncDeployment.proximityDriver.Signal_Strength,268455937,17375.849609375
2026-03-01T16:06:39.875222,(2(0)-1772399199:875222),GncDeployment.proximityDriver.X_Error,268455938,-13979.5498046875
2026-03-01T16:06:39.875225,(2(0)-1772399199:875225),GncDeployment.proximityDriver.Y_Error,268455939,-26.649999618530273
2026-03-01T16:06:40.874978,(2(0)-1772399200:874978),GncDeployment.proximityDriver.Z_Distance,268455936,0.5
2026-03-01T16:06:40.874986,(2(0)-1772399200:874986),GncDeployment.proximityDriver.Signal_Strength,268455937,17379.689453125
2026-03-01T16:06:40.874988,(2(0)-1772399200:874988),GncDeployment.proximityDriver.X_Error,268455938,-13975.7197265625
2026-03-01T16:06:40.874989,(2(0)-1772399200:874989),GncDeployment.proximityDriver.Y_Error,268455939,-26.260000228881836
2026-03-01T16:06:39.919063,(2(0)-1772399199:919063),GncDeployment.systemResources.CPU_04,268509193,15.00 percent
2026-03-01T16:06:39.919104,(2(0)-1772399199:919104),GncDeployment.systemResources.CPU_05,268509194,10.00 percent
2026-03-01T16:06:39.919125,(2(0)-1772399199:919125),GncDeployment.systemResources.CPU_06,268509195,3.00 percent
2026-03-01T16:06:39.919139,(2(0)-1772399199:919139),GncDeployment.systemResources.CPU_07,268509196,2.02 percent
2026-03-01T16:06:39.919140,(2(0)-1772399199:919140),GncDeployment.systemResources.CPU,268509188,14.15 percent
2026-03-01T16:06:39.919151,(2(0)-1772399199:919151),GncDeployment.systemResources.MEMORY_TOTAL,268509184,4748384 KB
2026-03-01T16:06:39.919153,(2(0)-1772399199:919153),GncDeployment.systemResources.MEMORY_USED,268509185,4639776 KB
2026-03-01T16:06:39.919167,(2(0)-1772399199:919167),GncDeployment.systemResources.NON_VOLATILE_FREE,268509187,135877004 KB
2026-03-01T16:06:39.919209,(2(0)-1772399199:919209),GncDeployment.systemResources.NON_VOLATILE_TOTAL,268509186,239362496 KB
2026-03-01T16:06:39.919285,(2(0)-1772399199:919285),ComCcsds.comQueue.comQueueDepth,33554432,['0', '0']
2026-03-01T16:06:39.919288,(2(0)-1772399199:919288),ComCcsds.comQueue.buffQueueDepth,33554433,['0']
2026-03-01T16:06:40.919064,(2(0)-1772399200:919064),GncDeployment.systemResources.CPU_00,268509189,26.53 percent
2026-03-01T16:06:40.919121,(2(0)-1772399200:919121),GncDeployment.systemResources.CPU_01,268509190,24.49 percent
2026-03-01T16:06:40.919139,(2(0)-1772399200:919139),GncDeployment.systemResources.CPU_02,268509191,19.19 percent
2026-03-01T16:06:40.919159,(2(0)-1772399200:919159),GncDeployment.systemResources.CPU_03,268509192,18.18 percent
2026-03-01T16:06:40.919175,(2(0)-1772399200:919175),GncDeployment.systemResources.CPU_04,268509193,28.00 percent
2026-03-01T16:06:40.919301,(2(0)-1772399200:919301),GncDeployment.systemResources.CPU_05,268509194,26.00 percent
2026-03-01T16:06:40.919321,(2(0)-1772399200:919321),GncDeployment.systemResources.CPU_06,268509195,10.10 percent
2026-03-01T16:06:40.919340,(2(0)-1772399200:919340),GncDeployment.systemResources.CPU_07,268509196,5.00 percent
2026-03-01T16:06:40.919342,(2(0)-1772399200:919342),GncDeployment.systemResources.CPU,268509188,19.69 percent
2026-03-01T16:06:40.919356,(2(0)-1772399200:919356),GncDeployment.systemResources.MEMORY_TOTAL,268509184,4737824 KB
2026-03-01T16:06:40.919357,(2(0)-1772399200:919357),GncDeployment.systemResources.MEMORY_USED,268509185,4600992 KB
2026-03-01T16:06:40.919384,(2(0)-1772399200:919384),GncDeployment.systemResources.NON_VOLATILE_FREE,268509187,135876848 KB
2026-03-01T16:06:40.919385,(2(0)-1772399200:919385),GncDeployment.systemResources.NON_VOLATILE_TOTAL,268509186,239362496 KB
2026-03-01T16:06:40.919396,(2(0)-1772399200:919396),ComCcsds.comQueue.comQueueDepth,33554432,['0', '1']
2026-03-01T16:06:40.919399,(2(0)-1772399200:919399),ComCcsds.comQueue.buffQueueDepth,33554433,['0']
2026-03-01T16:06:41.874950,(2(0)-1772399201:874950),GncDeployment.proximityDriver.Z_Distance,268455936,0.5
2026-03-01T16:06:41.874957,(2(0)-1772399201:874957),GncDeployment.proximityDriver.Signal_Strength,268455937,17383.6796875
2026-03-01T16:06:41.874959,(2(0)-1772399201:874959),GncDeployment.proximityDriver.X_Error,268455938,-13982.5400390625
2026-03-01T16:06:41.874961,(2(0)-1772399201:874961),GncDeployment.proximityDriver.Y_Error,268455939,-25.5
2026-03-01T16:06:42.874933,(2(0)-1772399202:874933),GncDeployment.proximityDriver.Z_Distance,268455936,0.5
2026-03-01T16:06:42.874940,(2(0)-1772399202:874940),GncDeployment.proximityDriver.Signal_Strength,268455937,17383.720703125
2026-03-01T16:06:42.874941,(2(0)-1772399202:874941),GncDeployment.proximityDriver.X_Error,268455938,-13985.01953125
2026-03-01T16:06:42.874943,(2(0)-1772399202:874943),GncDeployment.proximityDriver.Y_Error,268455939,-21.979999542236328
2026-03-01T16:06:41.922486,(2(0)-1772399201:922486),GncDeployment.systemResources.CPU_00,268509189,38.00 percent
2026-03-01T16:06:41.922510,(2(0)-1772399201:922510),GncDeployment.systemResources.CPU_01,268509190,40.00 percent
2026-03-01T16:06:41.922526,(2(0)-1772399201:922526),GncDeployment.systemResources.CPU_02,268509191,32.67 percent
2026-03-01T16:06:41.922543,(2(0)-1772399201:922543),GncDeployment.systemResources.CPU_03,268509192,29.00 percent
2026-03-01T16:06:41.922559,(2(0)-1772399201:922559),GncDeployment.systemResources.CPU_04,268509193,43.43 percent
2026-03-01T16:06:41.922574,(2(0)-1772399201:922574),GncDeployment.systemResources.CPU_05,268509194,40.00 percent
2026-03-01T16:06:41.922590,(2(0)-1772399201:922590),GncDeployment.systemResources.CPU_06,268509195,24.00 percent
2026-03-01T16:06:41.922607,(2(0)-1772399201:922607),GncDeployment.systemResources.CPU_07,268509196,18.00 percent
2026-03-01T16:06:41.922608,(2(0)-1772399201:922608),GncDeployment.systemResources.CPU,268509188,33.14 percent
2026-03-01T16:06:41.922623,(2(0)-1772399201:922623),GncDeployment.systemResources.MEMORY_TOTAL,268509184,4596704 KB
2026-03-01T16:06:41.922625,(2(0)-1772399201:922625),GncDeployment.systemResources.MEMORY_USED,268509185,4230848 KB
2026-03-01T16:06:41.922656,(2(0)-1772399201:922656),GncDeployment.systemResources.NON_VOLATILE_FREE,268509187,135876688 KB
2026-03-01T16:06:41.922657,(2(0)-1772399201:922657),GncDeployment.systemResources.NON_VOLATILE_TOTAL,268509186,239362496 KB
2026-03-01T16:06:41.922672,(2(0)-1772399201:922672),ComCcsds.comQueue.comQueueDepth,33554432,['0', '1']
2026-03-01T16:06:41.922676,(2(0)-1772399201:922676),ComCcsds.comQueue.buffQueueDepth,33554433,['0']
2026-03-01T16:06:42.927517,(2(0)-1772399202:927517),GncDeployment.systemResources.CPU_00,268509189,28.28 percent
2026-03-01T16:06:42.927548,(2(0)-1772399202:927548),GncDeployment.systemResources.CPU_01,268509190,28.00 percent
2026-03-01T16:06:42.927575,(2(0)-1772399202:927575),GncDeployment.systemResources.CPU_02,268509191,21.00 percent
2026-03-01T16:06:42.927602,(2(0)-1772399202:927602),GncDeployment.systemResources.CPU_03,268509192,19.00 percent
2026-03-01T16:06:42.927628,(2(0)-1772399202:927628),GncDeployment.systemResources.CPU_04,268509193,17.00 percent
2026-03-01T16:06:42.927655,(2(0)-1772399202:927655),GncDeployment.systemResources.CPU_05,268509194,7.92 percent
2026-03-01T16:06:42.927682,(2(0)-1772399202:927682),GncDeployment.systemResources.CPU_06,268509195,3.00 percent
2026-03-01T16:06:42.927708,(2(0)-1772399202:927708),GncDeployment.systemResources.CPU_07,268509196,1.98 percent
2026-03-01T16:06:42.927711,(2(0)-1772399202:927711),GncDeployment.systemResources.CPU,268509188,15.77 percent
2026-03-01T16:06:42.927727,(2(0)-1772399202:927727),GncDeployment.systemResources.MEMORY_TOTAL,268509184,4615136 KB
2026-03-01T16:06:42.927730,(2(0)-1772399202:927730),GncDeployment.systemResources.MEMORY_USED,268509185,4319664 KB
2026-03-01T16:06:42.927748,(2(0)-1772399202:927748),GncDeployment.systemResources.NON_VOLATILE_FREE,268509187,135875992 KB
2026-03-01T16:06:42.927750,(2(0)-1772399202:927750),GncDeployment.systemResources.NON_VOLATILE_TOTAL,268509186,239362496 KB
2026-03-01T16:06:42.927779,(2(0)-1772399202:927779),ComCcsds.comQueue.comQueueDepth,33554432,['0', '1']
2026-03-01T16:06:42.927784,(2(0)-1772399202:927784),ComCcsds.comQueue.buffQueueDepth,33554433,['0']
2026-03-01T16:06:43.875010,(2(0)-1772399203:875010),GncDeployment.proximityDriver.Z_Distance,268455936,0.5
2026-03-01T16:06:43.875023,(2(0)-1772399203:875023),GncDeployment.proximityDriver.Signal_Strength,268455937,17385.5
2026-03-01T16:06:43.875026,(2(0)-1772399203:875026),GncDeployment.proximityDriver.X_Error,268455938,-13976.51953125
2026-03-01T16:06:43.875028,(2(0)-1772399203:875028),GncDeployment.proximityDriver.Y_Error,268455939,-23.5
2026-03-01T16:06:44.874849,(2(0)-1772399204:874849),GncDeployment.proximityDriver.Z_Distance,268455936,0.5
2026-03-01T16:06:44.874857,(2(0)-1772399204:874857),GncDeployment.proximityDriver.Signal_Strength,268455937,17383.970703125
2026-03-01T16:06:44.874859,(2(0)-1772399204:874859),GncDeployment.proximityDriver.X_Error,268455938,-13973.73046875
2026-03-01T16:06:44.874860,(2(0)-1772399204:874860),GncDeployment.proximityDriver.Y_Error,268455939,-22.329999923706055
2026-03-01T16:06:44.937774,(2(0)-1772399204:937774),GncDeployment.systemResources.CPU_00,268509189,96.08 percent
2026-03-01T16:06:44.937796,(2(0)-1772399204:937796),GncDeployment.systemResources.CPU_01,268509190,94.00 percent
2026-03-01T16:06:44.937817,(2(0)-1772399204:937817),GncDeployment.systemResources.CPU_02,268509191,96.00 percent
2026-03-01T16:06:43.932937,(2(0)-1772399203:932937),GncDeployment.systemResources.CPU_03,268509192,55.56 percent
2026-03-01T16:06:43.933033,(2(0)-1772399203:933033),GncDeployment.systemResources.CPU_04,268509193,31.00 percent
2026-03-01T16:06:43.933067,(2(0)-1772399203:933067),GncDeployment.systemResources.CPU_05,268509194,18.18 percent
2026-03-01T16:06:43.933134,(2(0)-1772399203:933134),GncDeployment.systemResources.CPU_06,268509195,13.00 percent
2026-03-01T16:06:43.933163,(2(0)-1772399203:933163),GncDeployment.systemResources.CPU_07,268509196,5.00 percent
2026-03-01T16:06:43.933167,(2(0)-1772399203:933167),GncDeployment.systemResources.CPU,268509188,36.43 percent
2026-03-01T16:06:43.933186,(2(0)-1772399203:933186),GncDeployment.systemResources.MEMORY_TOTAL,268509184,4627600 KB
2026-03-01T16:06:43.933189,(2(0)-1772399203:933189),GncDeployment.systemResources.MEMORY_USED,268509185,4390416 KB
2026-03-01T16:06:43.933214,(2(0)-1772399203:933214),GncDeployment.systemResources.NON_VOLATILE_FREE,268509187,135874692 KB
2026-03-01T16:06:43.933216,(2(0)-1772399203:933216),GncDeployment.systemResources.NON_VOLATILE_TOTAL,268509186,239362496 KB
2026-03-01T16:06:43.933240,(2(0)-1772399203:933240),GncDeployment.rateGroup1.RgMaxTime,268439552,697 us
2026-03-01T16:06:43.933244,(2(0)-1772399203:933244),ComCcsds.comQueue.comQueueDepth,33554432,['0', '1']
2026-03-01T16:06:43.933250,(2(0)-1772399203:933250),ComCcsds.comQueue.buffQueueDepth,33554433,['0']
2026-03-01T16:06:45.942554,(2(0)-1772399205:942554),GncDeployment.systemResources.CPU_00,268509189,97.98 percent
2026-03-01T16:06:45.942580,(2(0)-1772399205:942580),GncDeployment.systemResources.CPU_01,268509190,97.03 percent
2026-03-01T16:06:45.942596,(2(0)-1772399205:942596),GncDeployment.systemResources.CPU_02,268509191,96.04 percent
2026-03-01T16:06:45.942614,(2(0)-1772399205:942614),GncDeployment.systemResources.CPU_03,268509192,96.00 percent
2026-03-01T16:06:45.942630,(2(0)-1772399205:942630),GncDeployment.systemResources.CPU_04,268509193,19.80 percent
2026-03-01T16:06:45.942647,(2(0)-1772399205:942647),GncDeployment.systemResources.CPU_05,268509194,9.00 percent
2026-03-01T16:06:45.942664,(2(0)-1772399205:942664),GncDeployment.systemResources.CPU_06,268509195,4.00 percent
2026-03-01T16:06:45.942678,(2(0)-1772399205:942678),GncDeployment.systemResources.CPU_07,268509196,2.00 percent
2026-03-01T16:06:45.942681,(2(0)-1772399205:942681),GncDeployment.systemResources.CPU,268509188,52.73 percent
2026-03-01T16:06:45.942694,(2(0)-1772399205:942694),GncDeployment.systemResources.MEMORY_TOTAL,268509184,4553904 KB
2026-03-01T16:06:45.942696,(2(0)-1772399205:942696),GncDeployment.systemResources.MEMORY_USED,268509185,4330208 KB
2026-03-01T16:06:45.942715,(2(0)-1772399205:942715),GncDeployment.systemResources.NON_VOLATILE_FREE,268509187,135873876 KB
2026-03-01T16:06:45.942717,(2(0)-1772399205:942717),GncDeployment.systemResources.NON_VOLATILE_TOTAL,268509186,239362496 KB
2026-03-01T16:06:45.942779,(2(0)-1772399205:942779),ComCcsds.comQueue.comQueueDepth,33554432,['0', '0']
2026-03-01T16:06:45.942790,(2(0)-1772399205:942790),ComCcsds.comQueue.buffQueueDepth,33554433,['0']
2026-03-01T16:06:45.874883,(2(0)-1772399205:874883),GncDeployment.proximityDriver.Z_Distance,268455936,0.5
2026-03-01T16:06:45.874893,(2(0)-1772399205:874893),GncDeployment.proximityDriver.Signal_Strength,268455937,17385.98046875
2026-03-01T16:06:45.874895,(2(0)-1772399205:874895),GncDeployment.proximityDriver.X_Error,268455938,-13977.1396484375
2026-03-01T16:06:45.874897,(2(0)-1772399205:874897),GncDeployment.proximityDriver.Y_Error,268455939,-23.510000228881836
2026-03-01T16:06:46.874853,(2(0)-1772399206:874853),GncDeployment.proximityDriver.Z_Distance,268455936,0.5
2026-03-01T16:06:46.874861,(2(0)-1772399206:874861),GncDeployment.proximityDriver.Signal_Strength,268455937,17385.0
2026-03-01T16:06:46.874862,(2(0)-1772399206:874862),GncDeployment.proximityDriver.X_Error,268455938,-13975.25
2026-03-01T16:06:46.874863,(2(0)-1772399206:874863),GncDeployment.proximityDriver.Y_Error,268455939,-25.3700008392334
2026-03-01T16:06:47.944340,(2(0)-1772399207:944340),GncDeployment.systemResources.CPU_00,268509189,96.97 percent
2026-03-01T16:06:47.944383,(2(0)-1772399207:944383),GncDeployment.systemResources.CPU_01,268509190,97.03 percent
2026-03-01T16:06:47.944415,(2(0)-1772399207:944415),GncDeployment.systemResources.CPU_02,268509191,96.04 percent
2026-03-01T16:06:47.944447,(2(0)-1772399207:944447),GncDeployment.systemResources.CPU_03,268509192,96.94 percent
2026-03-01T16:06:47.944479,(2(0)-1772399207:944479),GncDeployment.systemResources.CPU_04,268509193,16.16 percent
2026-03-01T16:06:47.944513,(2(0)-1772399207:944513),GncDeployment.systemResources.CPU_05,268509194,7.07 percent
2026-03-01T16:06:47.944543,(2(0)-1772399207:944543),GncDeployment.systemResources.CPU_06,268509195,2.02 percent
2026-03-01T16:06:47.944575,(2(0)-1772399207:944575),GncDeployment.systemResources.CPU_07,268509196,1.00 percent
2026-03-01T16:06:47.944579,(2(0)-1772399207:944579),GncDeployment.systemResources.CPU,268509188,51.65 percent
2026-03-01T16:06:46.943325,(2(0)-1772399206:943325),GncDeployment.systemResources.MEMORY_TOTAL,268509184,4556496 KB
2026-03-01T16:06:46.943328,(2(0)-1772399206:943328),GncDeployment.systemResources.MEMORY_USED,268509185,4348256 KB
2026-03-01T16:06:46.943354,(2(0)-1772399206:943354),GncDeployment.systemResources.NON_VOLATILE_FREE,268509187,135872840 KB
2026-03-01T16:06:46.943356,(2(0)-1772399206:943356),GncDeployment.systemResources.NON_VOLATILE_TOTAL,268509186,239362496 KB
2026-03-01T16:06:46.943377,(2(0)-1772399206:943377),ComCcsds.comQueue.comQueueDepth,33554432,['0', '1']
2026-03-01T16:06:46.943382,(2(0)-1772399206:943382),ComCcsds.comQueue.buffQueueDepth,33554433,['0']
2026-03-01T16:06:47.874926,(2(0)-1772399207:874926),GncDeployment.proximityDriver.Z_Distance,268455936,0.5
2026-03-01T16:06:47.874940,(2(0)-1772399207:874940),GncDeployment.proximityDriver.Signal_Strength,268455937,17378.330078125
2026-03-01T16:06:47.874943,(2(0)-1772399207:874943),GncDeployment.proximityDriver.X_Error,268455938,-13975.9697265625
2026-03-01T16:06:47.874946,(2(0)-1772399207:874946),GncDeployment.proximityDriver.Y_Error,268455939,-27.940000534057617
2026-03-01T16:06:48.874848,(2(0)-1772399208:874848),GncDeployment.proximityDriver.Z_Distance,268455936,0.5
2026-03-01T16:06:48.874860,(2(0)-1772399208:874860),GncDeployment.proximityDriver.Signal_Strength,268455937,17375.0390625
2026-03-01T16:06:48.874862,(2(0)-1772399208:874862),GncDeployment.proximityDriver.X_Error,268455938,-13970.7001953125
2026-03-01T16:06:48.874864,(2(0)-1772399208:874864),GncDeployment.proximityDriver.Y_Error,268455939,-27.600000381469727
2026-03-01T16:06:47.944599,(2(0)-1772399207:944599),GncDeployment.systemResources.MEMORY_TOTAL,268509184,4553264 KB
2026-03-01T16:06:47.944669,(2(0)-1772399207:944669),GncDeployment.systemResources.MEMORY_USED,268509185,4366656 KB
2026-03-01T16:06:47.944704,(2(0)-1772399207:944704),GncDeployment.systemResources.NON_VOLATILE_FREE,268509187,135872624 KB
2026-03-01T16:06:47.944706,(2(0)-1772399207:944706),GncDeployment.systemResources.NON_VOLATILE_TOTAL,268509186,239362496 KB
2026-03-01T16:06:47.944832,(2(0)-1772399207:944832),ComCcsds.comQueue.comQueueDepth,33554432,['0', '1']
2026-03-01T16:06:47.944837,(2(0)-1772399207:944837),ComCcsds.comQueue.buffQueueDepth,33554433,['0']
2026-03-01T16:06:48.948205,(2(0)-1772399208:948205),GncDeployment.systemResources.CPU_00,268509189,100.00 percent
2026-03-01T16:06:48.948265,(2(0)-1772399208:948265),GncDeployment.systemResources.CPU_01,268509190,100.00 percent
2026-03-01T16:06:48.948282,(2(0)-1772399208:948282),GncDeployment.systemResources.CPU_02,268509191,100.00 percent
2026-03-01T16:06:48.948297,(2(0)-1772399208:948297),GncDeployment.systemResources.CPU_03,268509192,100.00 percent
2026-03-01T16:06:48.948309,(2(0)-1772399208:948309),GncDeployment.systemResources.CPU_04,268509193,14.14 percent
2026-03-01T16:06:48.948321,(2(0)-1772399208:948321),GncDeployment.systemResources.CPU_05,268509194,9.00 percent
2026-03-01T16:06:48.948334,(2(0)-1772399208:948334),GncDeployment.systemResources.CPU_06,268509195,2.00 percent
2026-03-01T16:06:48.948348,(2(0)-1772399208:948348),GncDeployment.systemResources.CPU_07,268509196,0.99 percent
2026-03-01T16:06:48.948350,(2(0)-1772399208:948350),GncDeployment.systemResources.CPU,268509188,53.27 percent
2026-03-01T16:06:48.948358,(2(0)-1772399208:948358),GncDeployment.systemResources.MEMORY_TOTAL,268509184,4559296 KB
2026-03-01T16:06:48.948360,(2(0)-1772399208:948360),GncDeployment.systemResources.MEMORY_USED,268509185,4361984 KB
2026-03-01T16:06:48.948373,(2(0)-1772399208:948373),GncDeployment.systemResources.NON_VOLATILE_FREE,268509187,135873496 KB
2026-03-01T16:06:48.948374,(2(0)-1772399208:948374),GncDeployment.systemResources.NON_VOLATILE_TOTAL,268509186,239362496 KB
2026-03-01T16:06:48.948396,(2(0)-1772399208:948396),ComCcsds.comQueue.comQueueDepth,33554432,['0', '1']
2026-03-01T16:06:48.948398,(2(0)-1772399208:948398),ComCcsds.comQueue.buffQueueDepth,33554433,['0']
2026-03-01T16:06:49.874870,(2(0)-1772399209:874870),GncDeployment.proximityDriver.Z_Distance,268455936,0.5
2026-03-01T16:06:49.874883,(2(0)-1772399209:874883),GncDeployment.proximityDriver.Signal_Strength,268455937,17383.16015625
2026-03-01T16:06:49.874886,(2(0)-1772399209:874886),GncDeployment.proximityDriver.X_Error,268455938,-13975.0498046875
2026-03-01T16:06:49.874889,(2(0)-1772399209:874889),GncDeployment.proximityDriver.Y_Error,268455939,-25.440000534057617
2026-03-01T16:06:50.874730,(2(0)-1772399210:874730),GncDeployment.proximityDriver.Z_Distance,268455936,0.5
2026-03-01T16:06:50.874736,(2(0)-1772399210:874736),GncDeployment.proximityDriver.Signal_Strength,268455937,17379.08984375
2026-03-01T16:06:50.874737,(2(0)-1772399210:874737),GncDeployment.proximityDriver.X_Error,268455938,-13972.7197265625
2026-03-01T16:06:50.874738,(2(0)-1772399210:874738),GncDeployment.proximityDriver.Y_Error,268455939,-27.799999237060547
2026-03-01T16:06:49.953317,(2(0)-1772399209:953317),GncDeployment.systemResources.CPU_00,268509189,97.06 percent
2026-03-01T16:06:49.953350,(2(0)-1772399209:953350),GncDeployment.systemResources.CPU_01,268509190,96.00 percent
2026-03-01T16:06:49.953375,(2(0)-1772399209:953375),GncDeployment.systemResources.CPU_02,268509191,97.03 percent
2026-03-01T16:06:49.953403,(2(0)-1772399209:953403),GncDeployment.systemResources.CPU_03,268509192,97.03 percent
2026-03-01T16:06:49.953426,(2(0)-1772399209:953426),GncDeployment.systemResources.CPU_04,268509193,8.91 percent
2026-03-01T16:06:49.953459,(2(0)-1772399209:953459),GncDeployment.systemResources.CPU_05,268509194,6.00 percent
2026-03-01T16:06:49.953482,(2(0)-1772399209:953482),GncDeployment.systemResources.CPU_06,268509195,3.96 percent
2026-03-01T16:06:49.953503,(2(0)-1772399209:953503),GncDeployment.systemResources.CPU_07,268509196,3.00 percent
2026-03-01T16:06:49.953505,(2(0)-1772399209:953505),GncDeployment.systemResources.CPU,268509188,51.12 percent
2026-03-01T16:06:49.953526,(2(0)-1772399209:953526),GncDeployment.systemResources.MEMORY_TOTAL,268509184,4528256 KB
2026-03-01T16:06:49.953528,(2(0)-1772399209:953528),GncDeployment.systemResources.MEMORY_USED,268509185,4340496 KB
2026-03-01T16:06:49.953543,(2(0)-1772399209:953543),GncDeployment.systemResources.NON_VOLATILE_FREE,268509187,135872400 KB
2026-03-01T16:06:49.953544,(2(0)-1772399209:953544),GncDeployment.systemResources.NON_VOLATILE_TOTAL,268509186,239362496 KB
2026-03-01T16:06:49.953578,(2(0)-1772399209:953578),ComCcsds.comQueue.comQueueDepth,33554432,['0', '1']
2026-03-01T16:06:49.953581,(2(0)-1772399209:953581),ComCcsds.comQueue.buffQueueDepth,33554433,['0']
2026-03-01T16:06:50.958349,(2(0)-1772399210:958349),GncDeployment.systemResources.CPU_00,268509189,57.58 percent
2026-03-01T16:06:50.958371,(2(0)-1772399210:958371),GncDeployment.systemResources.CPU_01,268509190,51.00 percent
2026-03-01T16:06:50.958390,(2(0)-1772399210:958390),GncDeployment.systemResources.CPU_02,268509191,54.00 percent
2026-03-01T16:06:50.958409,(2(0)-1772399210:958409),GncDeployment.systemResources.CPU_03,268509192,49.49 percent
2026-03-01T16:06:50.958426,(2(0)-1772399210:958426),GncDeployment.systemResources.CPU_04,268509193,18.00 percent
2026-03-01T16:06:50.958444,(2(0)-1772399210:958444),GncDeployment.systemResources.CPU_05,268509194,8.00 percent
2026-03-01T16:06:50.958464,(2(0)-1772399210:958464),GncDeployment.systemResources.CPU_06,268509195,5.00 percent
2026-03-01T16:06:50.958485,(2(0)-1772399210:958485),GncDeployment.systemResources.CPU_07,268509196,3.00 percent
2026-03-01T16:06:50.958487,(2(0)-1772399210:958487),GncDeployment.systemResources.CPU,268509188,30.76 percent
2026-03-01T16:06:50.958502,(2(0)-1772399210:958502),GncDeployment.systemResources.MEMORY_TOTAL,268509184,4482944 KB
2026-03-01T16:06:50.958504,(2(0)-1772399210:958504),GncDeployment.systemResources.MEMORY_USED,268509185,4301648 KB
2026-03-01T16:06:50.958546,(2(0)-1772399210:958546),GncDeployment.systemResources.NON_VOLATILE_FREE,268509187,135872380 KB
2026-03-01T16:06:50.958548,(2(0)-1772399210:958548),GncDeployment.systemResources.NON_VOLATILE_TOTAL,268509186,239362496 KB
2026-03-01T16:06:50.958573,(2(0)-1772399210:958573),ComCcsds.comQueue.comQueueDepth,33554432,['0', '1']
2026-03-01T16:06:50.958576,(2(0)-1772399210:958576),ComCcsds.comQueue.buffQueueDepth,33554433,['0']
2026-03-01T16:06:51.874807,(2(0)-1772399211:874807),GncDeployment.proximityDriver.Z_Distance,268455936,0.5
2026-03-01T16:06:51.874824,(2(0)-1772399211:874824),GncDeployment.proximityDriver.Signal_Strength,268455937,17377.73046875
2026-03-01T16:06:51.874828,(2(0)-1772399211:874828),GncDeployment.proximityDriver.X_Error,268455938,-13967.1396484375
2026-03-01T16:06:51.874831,(2(0)-1772399211:874831),GncDeployment.proximityDriver.Y_Error,268455939,-29.31999969482422
2026-03-01T16:06:52.874591,(2(0)-1772399212:874591),GncDeployment.proximityDriver.Z_Distance,268455936,0.5
2026-03-01T16:06:52.874598,(2(0)-1772399212:874598),GncDeployment.proximityDriver.Signal_Strength,268455937,17376.3203125
2026-03-01T16:06:52.874599,(2(0)-1772399212:874599),GncDeployment.proximityDriver.X_Error,268455938,-13972.759765625
2026-03-01T16:06:52.874600,(2(0)-1772399212:874600),GncDeployment.proximityDriver.Y_Error,268455939,-26.920000076293945
2026-03-01T16:06:51.963375,(2(0)-1772399211:963375),GncDeployment.systemResources.CPU_00,268509189,52.53 percent
2026-03-01T16:06:51.963409,(2(0)-1772399211:963409),GncDeployment.systemResources.CPU_01,268509190,39.60 percent
2026-03-01T16:06:51.963443,(2(0)-1772399211:963443),GncDeployment.systemResources.CPU_02,268509191,44.44 percent
2026-03-01T16:06:51.963476,(2(0)-1772399211:963476),GncDeployment.systemResources.CPU_03,268509192,40.00 percent
2026-03-01T16:06:51.963508,(2(0)-1772399211:963508),GncDeployment.systemResources.CPU_04,268509193,23.00 percent
2026-03-01T16:06:51.963542,(2(0)-1772399211:963542),GncDeployment.systemResources.CPU_05,268509194,10.89 percent
2026-03-01T16:06:51.963574,(2(0)-1772399211:963574),GncDeployment.systemResources.CPU_06,268509195,8.00 percent
2026-03-01T16:06:51.963602,(2(0)-1772399211:963602),GncDeployment.systemResources.CPU_07,268509196,3.96 percent
2026-03-01T16:06:51.963605,(2(0)-1772399211:963605),GncDeployment.systemResources.CPU,268509188,27.80 percent
2026-03-01T16:06:51.963631,(2(0)-1772399211:963631),GncDeployment.systemResources.MEMORY_TOTAL,268509184,4490192 KB
2026-03-01T16:06:51.963634,(2(0)-1772399211:963634),GncDeployment.systemResources.MEMORY_USED,268509185,4281280 KB
2026-03-01T16:06:51.963677,(2(0)-1772399211:963677),GncDeployment.systemResources.NON_VOLATILE_FREE,268509187,135871616 KB
2026-03-01T16:06:51.963679,(2(0)-1772399211:963679),GncDeployment.systemResources.NON_VOLATILE_TOTAL,268509186,239362496 KB
2026-03-01T16:06:51.963708,(2(0)-1772399211:963708),ComCcsds.comQueue.comQueueDepth,33554432,['0', '1']
2026-03-01T16:06:51.963715,(2(0)-1772399211:963715),ComCcsds.comQueue.buffQueueDepth,33554433,['0']
2026-03-01T16:06:52.968372,(2(0)-1772399212:968372),GncDeployment.systemResources.CPU_00,268509189,30.30 percent
2026-03-01T16:06:52.968407,(2(0)-1772399212:968407),GncDeployment.systemResources.CPU_01,268509190,26.26 percent
2026-03-01T16:06:52.968439,(2(0)-1772399212:968439),GncDeployment.systemResources.CPU_02,268509191,20.20 percent
2026-03-01T16:06:52.968473,(2(0)-1772399212:968473),GncDeployment.systemResources.CPU_03,268509192,20.79 percent
2026-03-01T16:06:52.968500,(2(0)-1772399212:968500),GncDeployment.systemResources.CPU_04,268509193,20.00 percent
2026-03-01T16:06:52.968527,(2(0)-1772399212:968527),GncDeployment.systemResources.CPU_05,268509194,10.10 percent
2026-03-01T16:06:52.968554,(2(0)-1772399212:968554),GncDeployment.systemResources.CPU_06,268509195,9.90 percent
2026-03-01T16:06:52.968583,(2(0)-1772399212:968583),GncDeployment.systemResources.CPU_07,268509196,2.97 percent
2026-03-01T16:06:52.968586,(2(0)-1772399212:968586),GncDeployment.systemResources.CPU,268509188,17.57 percent
2026-03-01T16:06:52.968607,(2(0)-1772399212:968607),GncDeployment.systemResources.MEMORY_TOTAL,268509184,4504048 KB
2026-03-01T16:06:52.968610,(2(0)-1772399212:968610),GncDeployment.systemResources.MEMORY_USED,268509185,4314928 KB
2026-03-01T16:06:52.968631,(2(0)-1772399212:968631),GncDeployment.systemResources.NON_VOLATILE_FREE,268509187,135871604 KB
2026-03-01T16:06:52.968634,(2(0)-1772399212:968634),GncDeployment.systemResources.NON_VOLATILE_TOTAL,268509186,239362496 KB
2026-03-01T16:06:52.968667,(2(0)-1772399212:968667),ComCcsds.comQueue.comQueueDepth,33554432,['0', '1']
2026-03-01T16:06:52.968671,(2(0)-1772399212:968671),ComCcsds.comQueue.buffQueueDepth,33554433,['0']
2026-03-01T16:06:53.874684,(2(0)-1772399213:874684),GncDeployment.proximityDriver.Z_Distance,268455936,0.5
2026-03-01T16:06:53.874696,(2(0)-1772399213:874696),GncDeployment.proximityDriver.Signal_Strength,268455937,17378.849609375
2026-03-01T16:06:53.874698,(2(0)-1772399213:874698),GncDeployment.proximityDriver.X_Error,268455938,-13977.26953125
2026-03-01T16:06:53.874701,(2(0)-1772399213:874701),GncDeployment.proximityDriver.Y_Error,268455939,-26.15999984741211
2026-03-01T16:06:54.874636,(2(0)-1772399214:874636),GncDeployment.proximityDriver.Z_Distance,268455936,0.5
2026-03-01T16:06:54.874647,(2(0)-1772399214:874647),GncDeployment.proximityDriver.Signal_Strength,268455937,17377.7890625
2026-03-01T16:06:54.874649,(2(0)-1772399214:874649),GncDeployment.proximityDriver.X_Error,268455938,-13974.4697265625
2026-03-01T16:06:54.874651,(2(0)-1772399214:874651),GncDeployment.proximityDriver.Y_Error,268455939,-24.940000534057617
2026-03-01T16:06:53.971876,(2(0)-1772399213:971876),GncDeployment.systemResources.CPU_00,268509189,45.54 percent
2026-03-01T16:06:53.971906,(2(0)-1772399213:971906),GncDeployment.systemResources.CPU_01,268509190,36.36 percent
2026-03-01T16:06:53.971926,(2(0)-1772399213:971926),GncDeployment.systemResources.CPU_02,268509191,36.00 percent
2026-03-01T16:06:53.971946,(2(0)-1772399213:971946),GncDeployment.systemResources.CPU_03,268509192,38.38 percent
2026-03-01T16:06:53.971962,(2(0)-1772399213:971962),GncDeployment.systemResources.CPU_04,268509193,18.00 percent
2026-03-01T16:06:53.971977,(2(0)-1772399213:971977),GncDeployment.systemResources.CPU_05,268509194,8.91 percent
2026-03-01T16:06:53.971994,(2(0)-1772399213:971994),GncDeployment.systemResources.CPU_06,268509195,2.00 percent
2026-03-01T16:06:53.972012,(2(0)-1772399213:972012),GncDeployment.systemResources.CPU_07,268509196,0.00 percent
2026-03-01T16:06:53.972014,(2(0)-1772399213:972014),GncDeployment.systemResources.CPU,268509188,23.15 percent
2026-03-01T16:06:53.972027,(2(0)-1772399213:972027),GncDeployment.systemResources.MEMORY_TOTAL,268509184,4508640 KB
2026-03-01T16:06:53.972028,(2(0)-1772399213:972028),GncDeployment.systemResources.MEMORY_USED,268509185,4325392 KB
2026-03-01T16:06:53.972047,(2(0)-1772399213:972047),GncDeployment.systemResources.NON_VOLATILE_FREE,268509187,135871596 KB
2026-03-01T16:06:53.972048,(2(0)-1772399213:972048),GncDeployment.systemResources.NON_VOLATILE_TOTAL,268509186,239362496 KB
2026-03-01T16:06:53.972062,(2(0)-1772399213:972062),ComCcsds.comQueue.comQueueDepth,33554432,['0', '1']
2026-03-01T16:06:53.972065,(2(0)-1772399213:972065),ComCcsds.comQueue.buffQueueDepth,33554433,['0']
2026-03-01T16:06:54.976869,(2(0)-1772399214:976869),GncDeployment.systemResources.CPU_00,268509189,29.29 percent
2026-03-01T16:06:54.976893,(2(0)-1772399214:976893),GncDeployment.systemResources.CPU_01,268509190,24.00 percent
2026-03-01T16:06:54.976909,(2(0)-1772399214:976909),GncDeployment.systemResources.CPU_02,268509191,21.00 percent
2026-03-01T16:06:54.976925,(2(0)-1772399214:976925),GncDeployment.systemResources.CPU_03,268509192,17.17 percent
2026-03-01T16:06:54.976940,(2(0)-1772399214:976940),GncDeployment.systemResources.CPU_04,268509193,21.78 percent
2026-03-01T16:06:54.976956,(2(0)-1772399214:976956),GncDeployment.systemResources.CPU_05,268509194,10.00 percent
2026-03-01T16:06:54.976971,(2(0)-1772399214:976971),GncDeployment.systemResources.CPU_06,268509195,3.96 percent
2026-03-01T16:06:54.976988,(2(0)-1772399214:976988),GncDeployment.systemResources.CPU_07,268509196,2.94 percent
2026-03-01T16:06:54.976990,(2(0)-1772399214:976990),GncDeployment.systemResources.CPU,268509188,16.27 percent
2026-03-01T16:06:54.977001,(2(0)-1772399214:977001),GncDeployment.systemResources.MEMORY_TOTAL,268509184,4530160 KB
2026-03-01T16:06:54.977003,(2(0)-1772399214:977003),GncDeployment.systemResources.MEMORY_USED,268509185,4322752 KB
2026-03-01T16:06:54.977027,(2(0)-1772399214:977027),GncDeployment.systemResources.NON_VOLATILE_FREE,268509187,135871524 KB
2026-03-01T16:06:54.977028,(2(0)-1772399214:977028),GncDeployment.systemResources.NON_VOLATILE_TOTAL,268509186,239362496 KB
2026-03-01T16:06:54.977045,(2(0)-1772399214:977045),ComCcsds.comQueue.comQueueDepth,33554432,['0', '1']
2026-03-01T16:06:54.977047,(2(0)-1772399214:977047),ComCcsds.comQueue.buffQueueDepth,33554433,['0']
2026-03-01T16:06:55.874616,(2(0)-1772399215:874616),GncDeployment.proximityDriver.Z_Distance,268455936,0.5
2026-03-01T16:06:55.874628,(2(0)-1772399215:874628),GncDeployment.proximityDriver.Signal_Strength,268455937,17379.310546875
2026-03-01T16:06:55.874631,(2(0)-1772399215:874631),GncDeployment.proximityDriver.X_Error,268455938,-13980.75
2026-03-01T16:06:55.874634,(2(0)-1772399215:874634),GncDeployment.proximityDriver.Y_Error,268455939,-23.149999618530273
2026-03-01T16:06:56.874470,(2(0)-1772399216:874470),GncDeployment.proximityDriver.Z_Distance,268455936,0.5
2026-03-01T16:06:56.874474,(2(0)-1772399216:874474),GncDeployment.proximityDriver.Signal_Strength,268455937,17378.94921875
2026-03-01T16:06:56.874475,(2(0)-1772399216:874475),GncDeployment.proximityDriver.X_Error,268455938,-13985.08984375
2026-03-01T16:06:56.874475,(2(0)-1772399216:874475),GncDeployment.proximityDriver.Y_Error,268455939,-24.780000686645508
2026-03-01T16:06:55.981887,(2(0)-1772399215:981887),GncDeployment.systemResources.CPU_00,268509189,28.00 percent
2026-03-01T16:06:55.981913,(2(0)-1772399215:981913),GncDeployment.systemResources.CPU_01,268509190,24.24 percent
2026-03-01T16:06:55.981930,(2(0)-1772399215:981930),GncDeployment.systemResources.CPU_02,268509191,24.00 percent
2026-03-01T16:06:55.981948,(2(0)-1772399215:981948),GncDeployment.systemResources.CPU_03,268509192,20.59 percent
2026-03-01T16:06:55.981963,(2(0)-1772399215:981963),GncDeployment.systemResources.CPU_04,268509193,39.39 percent
2026-03-01T16:06:55.981980,(2(0)-1772399215:981980),GncDeployment.systemResources.CPU_05,268509194,23.00 percent
2026-03-01T16:06:55.981995,(2(0)-1772399215:981995),GncDeployment.systemResources.CPU_06,268509195,14.00 percent
2026-03-01T16:06:55.982012,(2(0)-1772399215:982012),GncDeployment.systemResources.CPU_07,268509196,11.11 percent
2026-03-01T16:06:55.982015,(2(0)-1772399215:982015),GncDeployment.systemResources.CPU,268509188,23.04 percent
2026-03-01T16:06:55.982029,(2(0)-1772399215:982029),GncDeployment.systemResources.MEMORY_TOTAL,268509184,4555264 KB
2026-03-01T16:06:55.982030,(2(0)-1772399215:982030),GncDeployment.systemResources.MEMORY_USED,268509185,4386032 KB
2026-03-01T16:06:55.982058,(2(0)-1772399215:982058),GncDeployment.systemResources.NON_VOLATILE_FREE,268509187,135871432 KB
2026-03-01T16:06:55.982059,(2(0)-1772399215:982059),GncDeployment.systemResources.NON_VOLATILE_TOTAL,268509186,239362496 KB
2026-03-01T16:06:55.982068,(2(0)-1772399215:982068),ComCcsds.comQueue.comQueueDepth,33554432,['0', '1']
2026-03-01T16:06:55.982071,(2(0)-1772399215:982071),ComCcsds.comQueue.buffQueueDepth,33554433,['0']
2026-03-01T16:06:56.985926,(2(0)-1772399216:985926),GncDeployment.systemResources.CPU_00,268509189,33.33 percent
2026-03-01T16:06:56.985966,(2(0)-1772399216:985966),GncDeployment.systemResources.CPU_01,268509190,32.67 percent
2026-03-01T16:06:56.985974,(2(0)-1772399216:985974),GncDeployment.systemResources.CPU_02,268509191,26.26 percent
2026-03-01T16:06:56.985982,(2(0)-1772399216:985982),GncDeployment.systemResources.CPU_03,268509192,23.23 percent
2026-03-01T16:06:56.985988,(2(0)-1772399216:985988),GncDeployment.systemResources.CPU_04,268509193,26.00 percent
2026-03-01T16:06:56.985995,(2(0)-1772399216:985995),GncDeployment.systemResources.CPU_05,268509194,20.00 percent
2026-03-01T16:06:56.986009,(2(0)-1772399216:986009),GncDeployment.systemResources.CPU_06,268509195,13.00 percent
2026-03-01T16:06:56.986015,(2(0)-1772399216:986015),GncDeployment.systemResources.CPU_07,268509196,10.00 percent
2026-03-01T16:06:56.986016,(2(0)-1772399216:986016),GncDeployment.systemResources.CPU,268509188,23.06 percent
2026-03-01T16:06:56.986022,(2(0)-1772399216:986022),GncDeployment.systemResources.MEMORY_TOTAL,268509184,4649488 KB
2026-03-01T16:06:56.986022,(2(0)-1772399216:986022),GncDeployment.systemResources.MEMORY_USED,268509185,4488912 KB
2026-03-01T16:06:56.986038,(2(0)-1772399216:986038),GncDeployment.systemResources.NON_VOLATILE_FREE,268509187,135871852 KB
2026-03-01T16:06:56.986039,(2(0)-1772399216:986039),GncDeployment.systemResources.NON_VOLATILE_TOTAL,268509186,239362496 KB
2026-03-01T16:06:56.986052,(2(0)-1772399216:986052),ComCcsds.comQueue.comQueueDepth,33554432,['0', '1']
2026-03-01T16:06:56.986053,(2(0)-1772399216:986053),ComCcsds.comQueue.buffQueueDepth,33554433,['0']
2026-03-01T16:06:57.874482,(2(0)-1772399217:874482),GncDeployment.proximityDriver.Z_Distance,268455936,0.5
2026-03-01T16:06:57.874489,(2(0)-1772399217:874489),GncDeployment.proximityDriver.Signal_Strength,268455937,17379.130859375
2026-03-01T16:06:57.874491,(2(0)-1772399217:874491),GncDeployment.proximityDriver.X_Error,268455938,-13975.900390625
2026-03-01T16:06:57.874493,(2(0)-1772399217:874493),GncDeployment.proximityDriver.Y_Error,268455939,-23.350000381469727
2026-03-01T16:06:58.874487,(2(0)-1772399218:874487),GncDeployment.proximityDriver.Z_Distance,268455936,0.5
2026-03-01T16:06:58.874493,(2(0)-1772399218:874493),GncDeployment.proximityDriver.Signal_Strength,268455937,17378.609375
2026-03-01T16:06:58.874495,(2(0)-1772399218:874495),GncDeployment.proximityDriver.X_Error,268455938,-13975.7998046875
2026-03-01T16:06:58.874496,(2(0)-1772399218:874496),GncDeployment.proximityDriver.Y_Error,268455939,-24.260000228881836
2026-03-01T16:06:57.990966,(2(0)-1772399217:990966),GncDeployment.systemResources.CPU_00,268509189,33.00 percent
2026-03-01T16:06:57.990986,(2(0)-1772399217:990986),GncDeployment.systemResources.CPU_01,268509190,27.00 percent
2026-03-01T16:06:57.991001,(2(0)-1772399217:991001),GncDeployment.systemResources.CPU_02,268509191,22.00 percent
2026-03-01T16:06:57.991017,(2(0)-1772399217:991017),GncDeployment.systemResources.CPU_03,268509192,19.00 percent
2026-03-01T16:06:57.991032,(2(0)-1772399217:991032),GncDeployment.systemResources.CPU_04,268509193,26.73 percent
2026-03-01T16:06:57.991047,(2(0)-1772399217:991047),GncDeployment.systemResources.CPU_05,268509194,20.00 percent
2026-03-01T16:06:57.991062,(2(0)-1772399217:991062),GncDeployment.systemResources.CPU_06,268509195,13.00 percent
2026-03-01T16:06:57.991076,(2(0)-1772399217:991076),GncDeployment.systemResources.CPU_07,268509196,9.90 percent
2026-03-01T16:06:57.991077,(2(0)-1772399217:991077),GncDeployment.systemResources.CPU,268509188,21.33 percent
2026-03-01T16:06:57.991086,(2(0)-1772399217:991086),GncDeployment.systemResources.MEMORY_TOTAL,268509184,4719504 KB
2026-03-01T16:06:57.991087,(2(0)-1772399217:991087),GncDeployment.systemResources.MEMORY_USED,268509185,4578896 KB
2026-03-01T16:06:57.991106,(2(0)-1772399217:991106),GncDeployment.systemResources.NON_VOLATILE_FREE,268509187,135871804 KB
2026-03-01T16:06:57.991107,(2(0)-1772399217:991107),GncDeployment.systemResources.NON_VOLATILE_TOTAL,268509186,239362496 KB
2026-03-01T16:06:57.991127,(2(0)-1772399217:991127),ComCcsds.comQueue.comQueueDepth,33554432,['0', '1']
2026-03-01T16:06:57.991129,(2(0)-1772399217:991129),ComCcsds.comQueue.buffQueueDepth,33554433,['0']
2026-03-01T16:06:58.991801,(2(0)-1772399218:991801),GncDeployment.systemResources.CPU_00,268509189,27.27 percent
2026-03-01T16:06:58.991818,(2(0)-1772399218:991818),GncDeployment.systemResources.CPU_01,268509190,28.28 percent
2026-03-01T16:06:58.991831,(2(0)-1772399218:991831),GncDeployment.systemResources.CPU_02,268509191,20.00 percent
2026-03-01T16:06:58.991844,(2(0)-1772399218:991844),GncDeployment.systemResources.CPU_03,268509192,19.19 percent
2026-03-01T16:06:58.991858,(2(0)-1772399218:991858),GncDeployment.systemResources.CPU_04,268509193,16.16 percent
2026-03-01T16:06:58.991870,(2(0)-1772399218:991870),GncDeployment.systemResources.CPU_05,268509194,12.87 percent
2026-03-01T16:06:58.991883,(2(0)-1772399218:991883),GncDeployment.systemResources.CPU_06,268509195,5.00 percent
2026-03-01T16:06:58.991894,(2(0)-1772399218:991894),GncDeployment.systemResources.CPU_07,268509196,2.00 percent
2026-03-01T16:06:58.991896,(2(0)-1772399218:991896),GncDeployment.systemResources.CPU,268509188,16.35 percent
2026-03-01T16:06:58.991903,(2(0)-1772399218:991903),GncDeployment.systemResources.MEMORY_TOTAL,268509184,4712864 KB
2026-03-01T16:06:58.991904,(2(0)-1772399218:991904),GncDeployment.systemResources.MEMORY_USED,268509185,4580544 KB
2026-03-01T16:06:58.991917,(2(0)-1772399218:991917),GncDeployment.systemResources.NON_VOLATILE_FREE,268509187,135871792 KB
2026-03-01T16:06:58.991918,(2(0)-1772399218:991918),GncDeployment.systemResources.NON_VOLATILE_TOTAL,268509186,239362496 KB
2026-03-01T16:06:58.991938,(2(0)-1772399218:991938),ComCcsds.comQueue.comQueueDepth,33554432,['0', '1']
2026-03-01T16:06:58.991940,(2(0)-1772399218:991940),ComCcsds.comQueue.buffQueueDepth,33554433,['0']
2026-03-01T16:06:59.874486,(2(0)-1772399219:874486),GncDeployment.proximityDriver.Z_Distance,268455936,0.5
2026-03-01T16:06:59.874499,(2(0)-1772399219:874499),GncDeployment.proximityDriver.Signal_Strength,268455937,17377.220703125
2026-03-01T16:06:59.874502,(2(0)-1772399219:874502),GncDeployment.proximityDriver.X_Error,268455938,-13980.509765625
2026-03-01T16:06:59.874504,(2(0)-1772399219:874504),GncDeployment.proximityDriver.Y_Error,268455939,-24.940000534057617
