2026-03-01T14:56:29.869072,(2(0)-1772394989:869072),CdhCore.version.FrameworkVersion,16789504,v4.1.1
2026-03-01T14:56:29.869077,(2(0)-1772394989:869077),CdhCore.version.ProjectVersion,16789505,ef106fd-dirty
2026-03-01T14:56:30.871344,(2(0)-1772394990:871344),GncDeployment.rateGroup2.RgMaxTime,268443648,46 us
2026-03-01T14:56:30.871373,(2(0)-1772394990:871373),GncDeployment.systemResources.CPU_00,268509189,21.83 percent
2026-03-01T14:56:30.871390,(2(0)-1772394990:871390),ComCcsds.commsBufferManager.HiBuffs,33562626,1
2026-03-01T14:56:30.871441,(2(0)-1772394990:871441),ComCcsds.commsBufferManager.CurrBuffs,33562625,1
2026-03-01T14:56:30.871441,(2(0)-1772394990:871441),ComCcsds.commsBufferManager.TotalBuffs,33562624,50
2026-03-01T14:56:30.871442,(2(0)-1772394990:871442),ComCcsds.commsBufferManager.NoBuffs,33562627,0
2026-03-01T14:56:30.871442,(2(0)-1772394990:871442),ComCcsds.commsBufferManager.EmptyBuffs,33562628,0
2026-03-01T14:56:30.871443,(2(0)-1772394990:871443),DataProducts.dpBufferManager.HiBuffs,67121154,0
2026-03-01T14:56:30.871444,(2(0)-1772394990:871444),DataProducts.dpBufferManager.CurrBuffs,67121153,0
2026-03-01T14:56:30.871444,(2(0)-1772394990:871444),DataProducts.dpBufferManager.TotalBuffs,67121152,10
2026-03-01T14:56:30.871444,(2(0)-1772394990:871444),DataProducts.dpBufferManager.NoBuffs,67121155,0
2026-03-01T14:56:30.871445,(2(0)-1772394990:871445),DataProducts.dpBufferManager.EmptyBuffs,67121156,0
2026-03-01T14:56:30.871449,(2(0)-1772394990:871449),GncDeployment.systemResources.CPU_01,268509190,20.37 percent
2026-03-01T14:56:30.871453,(2(0)-1772394990:871453),GncDeployment.rateGroup3.RgMaxTime,268447744,158 us
2026-03-01T14:56:30.871464,(2(0)-1772394990:871464),GncDeployment.systemResources.CPU_02,268509191,17.23 percent
2026-03-01T14:56:30.871474,(2(0)-1772394990:871474),GncDeployment.systemResources.CPU_03,268509192,15.03 percent
2026-03-01T14:56:30.871475,(2(0)-1772394990:871475),DataProducts.dpMgr.NumSuccessfulAllocations,67112960,0
2026-03-01T14:56:30.871476,(2(0)-1772394990:871476),DataProducts.dpMgr.NumFailedAllocations,67112961,0
2026-03-01T14:56:30.871476,(2(0)-1772394990:871476),DataProducts.dpMgr.NumDataProducts,67112962,0
2026-03-01T14:56:30.871477,(2(0)-1772394990:871477),DataProducts.dpMgr.NumBytes,67112963,0
2026-03-01T14:56:30.871476,(2(0)-1772394990:871476),DataProducts.dpWriter.NumBuffersReceived,67117056,0
2026-03-01T14:56:30.871482,(2(0)-1772394990:871482),GncDeployment.systemResources.CPU_04,268509193,10.30 percent
2026-03-01T14:56:30.871488,(2(0)-1772394990:871488),DataProducts.dpWriter.NumBytesWritten,67117057,0
2026-03-01T14:56:30.871489,(2(0)-1772394990:871489),DataProducts.dpWriter.NumSuccessfulWrites,67117058,0
2026-03-01T14:56:30.871489,(2(0)-1772394990:871489),DataProducts.dpWriter.NumFailedWrites,67117059,0
2026-03-01T14:56:30.871489,(2(0)-1772394990:871489),GncDeployment.systemResources.CPU_05,268509194,8.23 percent
2026-03-01T14:56:30.871490,(2(0)-1772394990:871490),DataProducts.dpWriter.NumErrors,67117060,0
2026-03-01T14:56:30.871495,(2(0)-1772394990:871495),GncDeployment.systemResources.CPU_06,268509195,4.91 percent
2026-03-01T14:56:30.871500,(2(0)-1772394990:871500),GncDeployment.systemResources.CPU_07,268509196,3.71 percent
2026-03-01T14:56:30.871501,(2(0)-1772394990:871501),GncDeployment.systemResources.CPU,268509188,12.70 percent
2026-03-01T14:56:30.871505,(2(0)-1772394990:871505),GncDeployment.systemResources.MEMORY_TOTAL,268509184,4234720 KB
2026-03-01T14:56:30.871505,(2(0)-1772394990:871505),GncDeployment.systemResources.MEMORY_USED,268509185,4121232 KB
2026-03-01T14:56:30.871511,(2(0)-1772394990:871511),GncDeployment.systemResources.NON_VOLATILE_FREE,268509187,135999764 KB
2026-03-01T14:56:30.871511,(2(0)-1772394990:871511),GncDeployment.systemResources.NON_VOLATILE_TOTAL,268509186,239362496 KB
2026-03-01T14:56:30.871517,(2(0)-1772394990:871517),GncDeployment.rateGroup1.RgMaxTime,268439552,222 us
2026-03-01T14:56:30.871527,(2(0)-1772394990:871527),ComCcsds.comQueue.comQueueDepth,33554432,['2', '1']
2026-03-01T14:56:30.871528,(2(0)-1772394990:871528),ComCcsds.comQueue.buffQueueDepth,33554433,['0']
2026-03-01T14:56:32.874974,(2(0)-1772394992:874974),GncDeployment.systemResources.CPU_00,268509189,35.00 percent
2026-03-01T14:56:32.874985,(2(0)-1772394992:874985),GncDeployment.systemResources.CPU_01,268509190,31.00 percent
2026-03-01T14:56:32.874993,(2(0)-1772394992:874993),GncDeployment.systemResources.CPU_02,268509191,27.27 percent
2026-03-01T14:56:31.873432,(2(0)-1772394991:873432),GncDeployment.systemResources.CPU_03,268509192,17.00 percent
2026-03-01T14:56:31.873448,(2(0)-1772394991:873448),GncDeployment.systemResources.CPU_04,268509193,26.00 percent
2026-03-01T14:56:31.873464,(2(0)-1772394991:873464),GncDeployment.systemResources.CPU_05,268509194,21.21 percent
2026-03-01T14:56:31.873477,(2(0)-1772394991:873477),GncDeployment.systemResources.CPU_06,268509195,12.00 percent
2026-03-01T14:56:31.873490,(2(0)-1772394991:873490),GncDeployment.systemResources.CPU_07,268509196,7.00 percent
2026-03-01T14:56:31.873492,(2(0)-1772394991:873492),GncDeployment.systemResources.CPU,268509188,20.38 percent
2026-03-01T14:56:31.873501,(2(0)-1772394991:873501),GncDeployment.systemResources.MEMORY_TOTAL,268509184,4212048 KB
2026-03-01T14:56:31.873503,(2(0)-1772394991:873503),GncDeployment.systemResources.MEMORY_USED,268509185,4098304 KB
2026-03-01T14:56:31.873522,(2(0)-1772394991:873522),GncDeployment.systemResources.NON_VOLATILE_FREE,268509187,135999492 KB
2026-03-01T14:56:31.873523,(2(0)-1772394991:873523),GncDeployment.systemResources.NON_VOLATILE_TOTAL,268509186,239362496 KB
2026-03-01T14:56:31.873536,(2(0)-1772394991:873536),GncDeployment.rateGroup1.RgMaxTime,268439552,308 us
2026-03-01T14:56:31.873539,(2(0)-1772394991:873539),ComCcsds.comQueue.comQueueDepth,33554432,['0', '1']
2026-03-01T14:56:31.873543,(2(0)-1772394991:873543),ComCcsds.comQueue.buffQueueDepth,33554433,['0']
2026-03-01T14:56:33.880039,(2(0)-1772394993:880039),GncDeployment.systemResources.CPU_00,268509189,59.60 percent
2026-03-01T14:56:33.880050,(2(0)-1772394993:880050),GncDeployment.systemResources.CPU_01,268509190,55.10 percent
2026-03-01T14:56:33.880056,(2(0)-1772394993:880056),GncDeployment.systemResources.CPU_02,268509191,52.53 percent
2026-03-01T14:56:33.880062,(2(0)-1772394993:880062),GncDeployment.systemResources.CPU_03,268509192,51.49 percent
2026-03-01T14:56:33.880068,(2(0)-1772394993:880068),GncDeployment.systemResources.CPU_04,268509193,65.00 percent
2026-03-01T14:56:32.875016,(2(0)-1772394992:875016),GncDeployment.systemResources.CPU_05,268509194,28.71 percent
2026-03-01T14:56:32.875023,(2(0)-1772394992:875023),GncDeployment.systemResources.CPU_06,268509195,26.73 percent
2026-03-01T14:56:32.875031,(2(0)-1772394992:875031),GncDeployment.systemResources.CPU_07,268509196,17.00 percent
2026-03-01T14:56:32.875032,(2(0)-1772394992:875032),GncDeployment.systemResources.CPU,268509188,28.95 percent
2026-03-01T14:56:32.875036,(2(0)-1772394992:875036),GncDeployment.systemResources.MEMORY_TOTAL,268509184,4173264 KB
2026-03-01T14:56:32.875037,(2(0)-1772394992:875037),GncDeployment.systemResources.MEMORY_USED,268509185,4035616 KB
2026-03-01T14:56:32.875046,(2(0)-1772394992:875046),GncDeployment.systemResources.NON_VOLATILE_FREE,268509187,135999388 KB
2026-03-01T14:56:32.875047,(2(0)-1772394992:875047),GncDeployment.systemResources.NON_VOLATILE_TOTAL,268509186,239362496 KB
2026-03-01T14:56:32.875060,(2(0)-1772394992:875060),ComCcsds.comQueue.comQueueDepth,33554432,['0', '1']
2026-03-01T14:56:32.875061,(2(0)-1772394992:875061),ComCcsds.comQueue.buffQueueDepth,33554433,['0']
2026-03-01T14:56:34.881235,(2(0)-1772394994:881235),GncDeployment.rateGroup2.RgMaxTime,268443648,92 us
2026-03-01T14:56:34.881301,(2(0)-1772394994:881301),GncDeployment.systemResources.CPU_00,268509189,36.36 percent
2026-03-01T14:56:34.881342,(2(0)-1772394994:881342),GncDeployment.systemResources.CPU_01,268509190,32.00 percent
2026-03-01T14:56:34.881372,(2(0)-1772394994:881372),GncDeployment.systemResources.CPU_02,268509191,27.72 percent
2026-03-01T14:56:34.881404,(2(0)-1772394994:881404),GncDeployment.systemResources.CPU_03,268509192,27.27 percent
2026-03-01T14:56:34.881434,(2(0)-1772394994:881434),GncDeployment.systemResources.CPU_04,268509193,37.37 percent
2026-03-01T14:56:34.881463,(2(0)-1772394994:881463),GncDeployment.systemResources.CPU_05,268509194,37.00 percent
2026-03-01T14:56:34.881511,(2(0)-1772394994:881511),GncDeployment.systemResources.CPU_06,268509195,22.77 percent
2026-03-01T14:56:33.880305,(2(0)-1772394993:880305),GncDeployment.systemResources.CPU_07,268509196,50.51 percent
2026-03-01T14:56:33.880306,(2(0)-1772394993:880306),GncDeployment.systemResources.CPU,268509188,57.63 percent
2026-03-01T14:56:33.880310,(2(0)-1772394993:880310),GncDeployment.systemResources.MEMORY_TOTAL,268509184,4209584 KB
2026-03-01T14:56:33.880311,(2(0)-1772394993:880311),GncDeployment.systemResources.MEMORY_USED,268509185,4052480 KB
2026-03-01T14:56:33.880324,(2(0)-1772394993:880324),GncDeployment.systemResources.NON_VOLATILE_FREE,268509187,135997764 KB
2026-03-01T14:56:33.880324,(2(0)-1772394993:880324),GncDeployment.systemResources.NON_VOLATILE_TOTAL,268509186,239362496 KB
2026-03-01T14:56:33.880333,(2(0)-1772394993:880333),GncDeployment.rateGroup1.RgMaxTime,268439552,359 us
2026-03-01T14:56:33.880374,(2(0)-1772394993:880374),ComCcsds.comQueue.comQueueDepth,33554432,['0', '0']
2026-03-01T14:56:33.880378,(2(0)-1772394993:880378),ComCcsds.comQueue.buffQueueDepth,33554433,['0']
2026-03-01T14:56:34.881445,(2(0)-1772394994:881445),ComCcsds.commsBufferManager.HiBuffs,33562626,2
2026-03-01T14:56:34.881491,(2(0)-1772394994:881491),GncDeployment.rateGroup3.RgMaxTime,268447744,352 us
2026-03-01T14:56:34.881545,(2(0)-1772394994:881545),GncDeployment.systemResources.CPU_07,268509196,18.81 percent
2026-03-01T14:56:34.881640,(2(0)-1772394994:881640),GncDeployment.systemResources.CPU,268509188,29.91 percent
2026-03-01T14:56:34.881660,(2(0)-1772394994:881660),GncDeployment.systemResources.MEMORY_TOTAL,268509184,4247696 KB
2026-03-01T14:56:34.881664,(2(0)-1772394994:881664),GncDeployment.systemResources.MEMORY_USED,268509185,4112192 KB
2026-03-01T14:56:34.881691,(2(0)-1772394994:881691),GncDeployment.systemResources.NON_VOLATILE_FREE,268509187,135996528 KB
2026-03-01T14:56:34.881693,(2(0)-1772394994:881693),GncDeployment.systemResources.NON_VOLATILE_TOTAL,268509186,239362496 KB
2026-03-01T14:56:34.881712,(2(0)-1772394994:881712),GncDeployment.rateGroup1.RgMaxTime,268439552,574 us
2026-03-01T14:56:34.881776,(2(0)-1772394994:881776),ComCcsds.comQueue.comQueueDepth,33554432,['0', '1']
2026-03-01T14:56:34.881779,(2(0)-1772394994:881779),ComCcsds.comQueue.buffQueueDepth,33554433,['0']
2026-03-01T14:56:36.887037,(2(0)-1772394996:887037),GncDeployment.systemResources.CPU_00,268509189,26.00 percent
2026-03-01T14:56:35.884513,(2(0)-1772394995:884513),GncDeployment.systemResources.CPU_01,268509190,27.00 percent
2026-03-01T14:56:35.884525,(2(0)-1772394995:884525),GncDeployment.systemResources.CPU_02,268509191,20.00 percent
2026-03-01T14:56:35.884536,(2(0)-1772394995:884536),GncDeployment.systemResources.CPU_03,268509192,17.00 percent
2026-03-01T14:56:35.884550,(2(0)-1772394995:884550),GncDeployment.systemResources.CPU_04,268509193,31.31 percent
2026-03-01T14:56:35.884562,(2(0)-1772394995:884562),GncDeployment.systemResources.CPU_05,268509194,20.20 percent
2026-03-01T14:56:35.884573,(2(0)-1772394995:884573),GncDeployment.systemResources.CPU_06,268509195,12.00 percent
2026-03-01T14:56:35.884584,(2(0)-1772394995:884584),GncDeployment.systemResources.CPU_07,268509196,7.00 percent
2026-03-01T14:56:35.884585,(2(0)-1772394995:884585),GncDeployment.systemResources.CPU,268509188,20.35 percent
2026-03-01T14:56:35.884593,(2(0)-1772394995:884593),GncDeployment.systemResources.MEMORY_TOTAL,268509184,4252256 KB
2026-03-01T14:56:35.884594,(2(0)-1772394995:884594),GncDeployment.systemResources.MEMORY_USED,268509185,4119760 KB
2026-03-01T14:56:35.884610,(2(0)-1772394995:884610),GncDeployment.systemResources.NON_VOLATILE_FREE,268509187,135996528 KB
2026-03-01T14:56:35.884610,(2(0)-1772394995:884610),GncDeployment.systemResources.NON_VOLATILE_TOTAL,268509186,239362496 KB
2026-03-01T14:56:35.884632,(2(0)-1772394995:884632),ComCcsds.comQueue.comQueueDepth,33554432,['0', '1']
2026-03-01T14:56:35.884635,(2(0)-1772394995:884635),ComCcsds.comQueue.buffQueueDepth,33554433,['0']
2026-03-01T14:56:36.887068,(2(0)-1772394996:887068),GncDeployment.systemResources.CPU_01,268509190,25.25 percent
2026-03-01T14:56:36.887076,(2(0)-1772394996:887076),GncDeployment.systemResources.CPU_02,268509191,22.00 percent
2026-03-01T14:56:36.887103,(2(0)-1772394996:887103),GncDeployment.systemResources.CPU_03,268509192,15.15 percent
2026-03-01T14:56:36.887110,(2(0)-1772394996:887110),GncDeployment.systemResources.CPU_04,268509193,37.62 percent
2026-03-01T14:56:36.887129,(2(0)-1772394996:887129),GncDeployment.systemResources.CPU_05,268509194,33.00 percent
2026-03-01T14:56:36.887137,(2(0)-1772394996:887137),GncDeployment.systemResources.CPU_06,268509195,18.18 percent
2026-03-01T14:56:36.887143,(2(0)-1772394996:887143),GncDeployment.systemResources.CPU_07,268509196,10.10 percent
2026-03-01T14:56:36.887143,(2(0)-1772394996:887143),GncDeployment.systemResources.CPU,268509188,23.41 percent
2026-03-01T14:56:36.887148,(2(0)-1772394996:887148),GncDeployment.systemResources.MEMORY_TOTAL,268509184,4267072 KB
2026-03-01T14:56:36.887149,(2(0)-1772394996:887149),GncDeployment.systemResources.MEMORY_USED,268509185,4117664 KB
2026-03-01T14:56:36.887157,(2(0)-1772394996:887157),GncDeployment.systemResources.NON_VOLATILE_FREE,268509187,135996504 KB
2026-03-01T14:56:36.887158,(2(0)-1772394996:887158),GncDeployment.systemResources.NON_VOLATILE_TOTAL,268509186,239362496 KB
2026-03-01T14:56:36.887196,(2(0)-1772394996:887196),ComCcsds.comQueue.comQueueDepth,33554432,['0', '1']
2026-03-01T14:56:36.887197,(2(0)-1772394996:887197),ComCcsds.comQueue.buffQueueDepth,33554433,['0']
2026-03-01T14:56:38.897181,(2(0)-1772394998:897181),GncDeployment.systemResources.CPU_00,268509189,30.69 percent
2026-03-01T14:56:38.897205,(2(0)-1772394998:897205),GncDeployment.systemResources.CPU_01,268509190,27.00 percent
2026-03-01T14:56:38.897222,(2(0)-1772394998:897222),GncDeployment.systemResources.CPU_02,268509191,23.76 percent
2026-03-01T14:56:38.897243,(2(0)-1772394998:897243),GncDeployment.systemResources.CPU_03,268509192,21.21 percent
2026-03-01T14:56:38.897260,(2(0)-1772394998:897260),GncDeployment.systemResources.CPU_04,268509193,23.00 percent
2026-03-01T14:56:38.897276,(2(0)-1772394998:897276),GncDeployment.systemResources.CPU_05,268509194,15.00 percent
2026-03-01T14:56:37.892326,(2(0)-1772394997:892326),GncDeployment.systemResources.CPU_06,268509195,23.00 percent
2026-03-01T14:56:37.892336,(2(0)-1772394997:892336),GncDeployment.systemResources.CPU_07,268509196,22.77 percent
2026-03-01T14:56:37.892337,(2(0)-1772394997:892337),GncDeployment.systemResources.CPU,268509188,27.67 percent
2026-03-01T14:56:37.892344,(2(0)-1772394997:892344),GncDeployment.systemResources.MEMORY_TOTAL,268509184,4309328 KB
2026-03-01T14:56:37.892345,(2(0)-1772394997:892345),GncDeployment.systemResources.MEMORY_USED,268509185,4157712 KB
2026-03-01T14:56:37.892358,(2(0)-1772394997:892358),GncDeployment.systemResources.NON_VOLATILE_FREE,268509187,135996500 KB
2026-03-01T14:56:37.892359,(2(0)-1772394997:892359),GncDeployment.systemResources.NON_VOLATILE_TOTAL,268509186,239362496 KB
2026-03-01T14:56:37.892363,(2(0)-1772394997:892363),ComCcsds.comQueue.comQueueDepth,33554432,['0', '1']
2026-03-01T14:56:37.892365,(2(0)-1772394997:892365),ComCcsds.comQueue.buffQueueDepth,33554433,['0']
2026-03-01T14:56:38.897293,(2(0)-1772394998:897293),GncDeployment.systemResources.CPU_06,268509195,7.92 percent
2026-03-01T14:56:38.897391,(2(0)-1772394998:897391),GncDeployment.systemResources.CPU_07,268509196,5.00 percent
2026-03-01T14:56:38.897393,(2(0)-1772394998:897393),GncDeployment.systemResources.CPU,268509188,19.20 percent
2026-03-01T14:56:38.897407,(2(0)-1772394998:897407),GncDeployment.systemResources.MEMORY_TOTAL,268509184,4270160 KB
2026-03-01T14:56:38.897408,(2(0)-1772394998:897408),GncDeployment.systemResources.MEMORY_USED,268509185,4115920 KB
2026-03-01T14:56:38.897429,(2(0)-1772394998:897429),GncDeployment.systemResources.NON_VOLATILE_FREE,268509187,135996480 KB
2026-03-01T14:56:38.897431,(2(0)-1772394998:897431),GncDeployment.systemResources.NON_VOLATILE_TOTAL,268509186,239362496 KB
2026-03-01T14:56:38.897448,(2(0)-1772394998:897448),ComCcsds.comQueue.comQueueDepth,33554432,['0', '1']
2026-03-01T14:56:38.897451,(2(0)-1772394998:897451),ComCcsds.comQueue.buffQueueDepth,33554433,['0']
2026-03-01T14:56:39.902369,(2(0)-1772394999:902369),GncDeployment.systemResources.CPU_00,268509189,28.00 percent
2026-03-01T14:56:39.902407,(2(0)-1772394999:902407),GncDeployment.systemResources.CPU_01,268509190,24.75 percent
2026-03-01T14:56:39.902431,(2(0)-1772394999:902431),GncDeployment.systemResources.CPU_02,268509191,20.00 percent
2026-03-01T14:56:39.902458,(2(0)-1772394999:902458),GncDeployment.systemResources.CPU_03,268509192,19.00 percent
2026-03-01T14:56:39.902482,(2(0)-1772394999:902482),GncDeployment.systemResources.CPU_04,268509193,12.00 percent
2026-03-01T14:56:39.902506,(2(0)-1772394999:902506),GncDeployment.systemResources.CPU_05,268509194,7.00 percent
2026-03-01T14:56:39.902527,(2(0)-1772394999:902527),GncDeployment.systemResources.CPU_06,268509195,2.00 percent
2026-03-01T14:56:39.902549,(2(0)-1772394999:902549),GncDeployment.systemResources.CPU_07,268509196,2.94 percent
2026-03-01T14:56:39.902552,(2(0)-1772394999:902552),GncDeployment.systemResources.CPU,268509188,14.46 percent
2026-03-01T14:56:39.902571,(2(0)-1772394999:902571),GncDeployment.systemResources.MEMORY_TOTAL,268509184,4281808 KB
2026-03-01T14:56:39.902574,(2(0)-1772394999:902574),GncDeployment.systemResources.MEMORY_USED,268509185,4185184 KB
2026-03-01T14:56:39.902597,(2(0)-1772394999:902597),GncDeployment.systemResources.NON_VOLATILE_FREE,268509187,135996384 KB
2026-03-01T14:56:39.902598,(2(0)-1772394999:902598),GncDeployment.systemResources.NON_VOLATILE_TOTAL,268509186,239362496 KB
2026-03-01T14:56:39.902619,(2(0)-1772394999:902619),ComCcsds.comQueue.comQueueDepth,33554432,['0', '1']
2026-03-01T14:56:39.902622,(2(0)-1772394999:902622),ComCcsds.comQueue.buffQueueDepth,33554433,['0']
2026-03-01T14:56:40.902736,(2(0)-1772395000:902736),GncDeployment.systemResources.CPU_00,268509189,30.00 percent
2026-03-01T14:56:40.902760,(2(0)-1772395000:902760),GncDeployment.systemResources.CPU_01,268509190,30.30 percent
2026-03-01T14:56:40.902778,(2(0)-1772395000:902778),GncDeployment.systemResources.CPU_02,268509191,24.00 percent
2026-03-01T14:56:40.902798,(2(0)-1772395000:902798),GncDeployment.systemResources.CPU_03,268509192,19.00 percent
2026-03-01T14:56:40.902821,(2(0)-1772395000:902821),GncDeployment.systemResources.CPU_04,268509193,10.89 percent
2026-03-01T14:56:40.902840,(2(0)-1772395000:902840),GncDeployment.systemResources.CPU_05,268509194,5.00 percent
2026-03-01T14:56:40.902859,(2(0)-1772395000:902859),GncDeployment.systemResources.CPU_06,268509195,3.96 percent
2026-03-01T14:56:40.902875,(2(0)-1772395000:902875),GncDeployment.systemResources.CPU_07,268509196,1.01 percent
2026-03-01T14:56:40.902877,(2(0)-1772395000:902877),GncDeployment.systemResources.CPU,268509188,15.52 percent
2026-03-01T14:56:40.902895,(2(0)-1772395000:902895),GncDeployment.systemResources.MEMORY_TOTAL,268509184,4320544 KB
2026-03-01T14:56:40.902897,(2(0)-1772395000:902897),GncDeployment.systemResources.MEMORY_USED,268509185,4233600 KB
2026-03-01T14:56:40.902927,(2(0)-1772395000:902927),GncDeployment.systemResources.NON_VOLATILE_FREE,268509187,135996888 KB
2026-03-01T14:56:40.902928,(2(0)-1772395000:902928),GncDeployment.systemResources.NON_VOLATILE_TOTAL,268509186,239362496 KB
2026-03-01T14:56:40.902951,(2(0)-1772395000:902951),ComCcsds.comQueue.comQueueDepth,33554432,['0', '1']
2026-03-01T14:56:40.902954,(2(0)-1772395000:902954),ComCcsds.comQueue.buffQueueDepth,33554433,['0']
2026-03-01T14:56:41.904155,(2(0)-1772395001:904155),GncDeployment.systemResources.CPU_00,268509189,33.33 percent
2026-03-01T14:56:41.904172,(2(0)-1772395001:904172),GncDeployment.systemResources.CPU_01,268509190,26.26 percent
2026-03-01T14:56:41.904185,(2(0)-1772395001:904185),GncDeployment.systemResources.CPU_02,268509191,21.21 percent
2026-03-01T14:56:41.904198,(2(0)-1772395001:904198),GncDeployment.systemResources.CPU_03,268509192,17.00 percent
2026-03-01T14:56:41.904211,(2(0)-1772395001:904211),GncDeployment.systemResources.CPU_04,268509193,6.06 percent
2026-03-01T14:56:41.904230,(2(0)-1772395001:904230),GncDeployment.systemResources.CPU_05,268509194,9.90 percent
2026-03-01T14:56:41.904242,(2(0)-1772395001:904242),GncDeployment.systemResources.CPU_06,268509195,2.00 percent
2026-03-01T14:56:41.904255,(2(0)-1772395001:904255),GncDeployment.systemResources.CPU_07,268509196,1.00 percent
2026-03-01T14:56:41.904256,(2(0)-1772395001:904256),GncDeployment.systemResources.CPU,268509188,14.60 percent
2026-03-01T14:56:41.904264,(2(0)-1772395001:904264),GncDeployment.systemResources.MEMORY_TOTAL,268509184,4323024 KB
2026-03-01T14:56:41.904265,(2(0)-1772395001:904265),GncDeployment.systemResources.MEMORY_USED,268509185,4243552 KB
2026-03-01T14:56:41.904278,(2(0)-1772395001:904278),GncDeployment.systemResources.NON_VOLATILE_FREE,268509187,135996888 KB
2026-03-01T14:56:41.904279,(2(0)-1772395001:904279),GncDeployment.systemResources.NON_VOLATILE_TOTAL,268509186,239362496 KB
2026-03-01T14:56:41.904297,(2(0)-1772395001:904297),ComCcsds.comQueue.comQueueDepth,33554432,['0', '1']
2026-03-01T14:56:41.904302,(2(0)-1772395001:904302),ComCcsds.comQueue.buffQueueDepth,33554433,['0']
2026-03-01T14:56:42.909300,(2(0)-1772395002:909300),GncDeployment.systemResources.CPU_00,268509189,35.35 percent
2026-03-01T14:56:42.909339,(2(0)-1772395002:909339),GncDeployment.systemResources.CPU_01,268509190,35.00 percent
2026-03-01T14:56:42.909373,(2(0)-1772395002:909373),GncDeployment.systemResources.CPU_02,268509191,28.00 percent
2026-03-01T14:56:42.909406,(2(0)-1772395002:909406),GncDeployment.systemResources.CPU_03,268509192,22.00 percent
2026-03-01T14:56:42.909435,(2(0)-1772395002:909435),GncDeployment.systemResources.CPU_04,268509193,14.85 percent
2026-03-01T14:56:42.909465,(2(0)-1772395002:909465),GncDeployment.systemResources.CPU_05,268509194,8.00 percent
2026-03-01T14:56:42.909496,(2(0)-1772395002:909496),GncDeployment.systemResources.CPU_06,268509195,4.04 percent
2026-03-01T14:56:42.909531,(2(0)-1772395002:909531),GncDeployment.systemResources.CPU_07,268509196,2.97 percent
2026-03-01T14:56:42.909537,(2(0)-1772395002:909537),GncDeployment.systemResources.CPU,268509188,18.78 percent
2026-03-01T14:56:42.909561,(2(0)-1772395002:909561),GncDeployment.systemResources.MEMORY_TOTAL,268509184,4320304 KB
2026-03-01T14:56:42.909565,(2(0)-1772395002:909565),GncDeployment.systemResources.MEMORY_USED,268509185,4235504 KB
2026-03-01T14:56:42.909611,(2(0)-1772395002:909611),GncDeployment.systemResources.NON_VOLATILE_FREE,268509187,135996876 KB
2026-03-01T14:56:42.909614,(2(0)-1772395002:909614),GncDeployment.systemResources.NON_VOLATILE_TOTAL,268509186,239362496 KB
2026-03-01T14:56:42.909643,(2(0)-1772395002:909643),ComCcsds.comQueue.comQueueDepth,33554432,['0', '1']
2026-03-01T14:56:42.909649,(2(0)-1772395002:909649),ComCcsds.comQueue.buffQueueDepth,33554433,['0']
2026-03-01T14:56:43.914292,(2(0)-1772395003:914292),GncDeployment.systemResources.CPU_00,268509189,33.00 percent
2026-03-01T14:56:43.914317,(2(0)-1772395003:914317),GncDeployment.systemResources.CPU_01,268509190,30.00 percent
2026-03-01T14:56:43.914337,(2(0)-1772395003:914337),GncDeployment.systemResources.CPU_02,268509191,25.00 percent
2026-03-01T14:56:43.914355,(2(0)-1772395003:914355),GncDeployment.systemResources.CPU_03,268509192,23.00 percent
2026-03-01T14:56:43.914373,(2(0)-1772395003:914373),GncDeployment.systemResources.CPU_04,268509193,19.19 percent
2026-03-01T14:56:43.914389,(2(0)-1772395003:914389),GncDeployment.systemResources.CPU_05,268509194,14.00 percent
2026-03-01T14:56:43.914410,(2(0)-1772395003:914410),GncDeployment.systemResources.CPU_06,268509195,7.84 percent
2026-03-01T14:56:43.914433,(2(0)-1772395003:914433),GncDeployment.systemResources.CPU_07,268509196,2.00 percent
2026-03-01T14:56:43.914435,(2(0)-1772395003:914435),GncDeployment.systemResources.CPU,268509188,19.25 percent
2026-03-01T14:56:43.914453,(2(0)-1772395003:914453),GncDeployment.systemResources.MEMORY_TOTAL,268509184,4311360 KB
2026-03-01T14:56:43.914454,(2(0)-1772395003:914454),GncDeployment.systemResources.MEMORY_USED,268509185,4227904 KB
2026-03-01T14:56:43.914491,(2(0)-1772395003:914491),GncDeployment.systemResources.NON_VOLATILE_FREE,268509187,135997628 KB
2026-03-01T14:56:43.914492,(2(0)-1772395003:914492),GncDeployment.systemResources.NON_VOLATILE_TOTAL,268509186,239362496 KB
2026-03-01T14:56:43.914508,(2(0)-1772395003:914508),ComCcsds.comQueue.comQueueDepth,33554432,['0', '1']
2026-03-01T14:56:43.914511,(2(0)-1772395003:914511),ComCcsds.comQueue.buffQueueDepth,33554433,['0']
2026-03-01T14:56:44.915367,(2(0)-1772395004:915367),GncDeployment.systemResources.CPU_00,268509189,28.00 percent
2026-03-01T14:56:44.915394,(2(0)-1772395004:915394),GncDeployment.systemResources.CPU_01,268509190,25.25 percent
2026-03-01T14:56:44.915416,(2(0)-1772395004:915416),GncDeployment.systemResources.CPU_02,268509191,20.00 percent
2026-03-01T14:56:44.915438,(2(0)-1772395004:915438),GncDeployment.systemResources.CPU_03,268509192,15.00 percent
2026-03-01T14:56:44.915457,(2(0)-1772395004:915457),GncDeployment.systemResources.CPU_04,268509193,14.00 percent
2026-03-01T14:56:44.915476,(2(0)-1772395004:915476),GncDeployment.systemResources.CPU_05,268509194,12.87 percent
2026-03-01T14:56:44.915495,(2(0)-1772395004:915495),GncDeployment.systemResources.CPU_06,268509195,4.00 percent
2026-03-01T14:56:44.915518,(2(0)-1772395004:915518),GncDeployment.systemResources.CPU_07,268509196,1.98 percent
2026-03-01T14:56:44.915520,(2(0)-1772395004:915520),GncDeployment.systemResources.CPU,268509188,15.14 percent
2026-03-01T14:56:44.915539,(2(0)-1772395004:915539),GncDeployment.systemResources.MEMORY_TOTAL,268509184,4300240 KB
2026-03-01T14:56:44.915541,(2(0)-1772395004:915541),GncDeployment.systemResources.MEMORY_USED,268509185,4204720 KB
2026-03-01T14:56:44.915573,(2(0)-1772395004:915573),GncDeployment.systemResources.NON_VOLATILE_FREE,268509187,135997620 KB
2026-03-01T14:56:44.915575,(2(0)-1772395004:915575),GncDeployment.systemResources.NON_VOLATILE_TOTAL,268509186,239362496 KB
2026-03-01T14:56:44.915594,(2(0)-1772395004:915594),ComCcsds.comQueue.comQueueDepth,33554432,['0', '1']
2026-03-01T14:56:44.915598,(2(0)-1772395004:915598),ComCcsds.comQueue.buffQueueDepth,33554433,['0']
2026-03-01T14:56:46.920371,(2(0)-1772395006:920371),GncDeployment.systemResources.CPU_00,268509189,26.00 percent
2026-03-01T14:56:46.920397,(2(0)-1772395006:920397),GncDeployment.systemResources.CPU_01,268509190,21.78 percent
2026-03-01T14:56:46.920418,(2(0)-1772395006:920418),GncDeployment.systemResources.CPU_02,268509191,16.00 percent
2026-03-01T14:56:46.920438,(2(0)-1772395006:920438),GncDeployment.systemResources.CPU_03,268509192,14.85 percent
2026-03-01T14:56:45.916707,(2(0)-1772395005:916707),GncDeployment.systemResources.CPU_04,268509193,18.81 percent
2026-03-01T14:56:45.916724,(2(0)-1772395005:916724),GncDeployment.systemResources.CPU_05,268509194,11.00 percent
2026-03-01T14:56:45.916739,(2(0)-1772395005:916739),GncDeployment.systemResources.CPU_06,268509195,3.00 percent
2026-03-01T14:56:45.916820,(2(0)-1772395005:916820),GncDeployment.systemResources.CPU_07,268509196,1.00 percent
2026-03-01T14:56:45.916823,(2(0)-1772395005:916823),GncDeployment.systemResources.CPU,268509188,16.85 percent
2026-03-01T14:56:45.916836,(2(0)-1772395005:916836),GncDeployment.systemResources.MEMORY_TOTAL,268509184,4279584 KB
2026-03-01T14:56:45.916837,(2(0)-1772395005:916837),GncDeployment.systemResources.MEMORY_USED,268509185,4187568 KB
2026-03-01T14:56:45.916870,(2(0)-1772395005:916870),GncDeployment.systemResources.NON_VOLATILE_FREE,268509187,135997600 KB
2026-03-01T14:56:45.916871,(2(0)-1772395005:916871),GncDeployment.systemResources.NON_VOLATILE_TOTAL,268509186,239362496 KB
2026-03-01T14:56:45.916981,(2(0)-1772395005:916981),GncDeployment.rateGroup1.RgMaxTime,268439552,727 us
2026-03-01T14:56:45.917560,(2(0)-1772395005:917560),ComCcsds.comQueue.comQueueDepth,33554432,['0', '1']
2026-03-01T14:56:45.917562,(2(0)-1772395005:917562),ComCcsds.comQueue.buffQueueDepth,33554433,['0']
2026-03-01T14:56:46.920458,(2(0)-1772395006:920458),GncDeployment.systemResources.CPU_04,268509193,42.42 percent
2026-03-01T14:56:46.920477,(2(0)-1772395006:920477),GncDeployment.systemResources.CPU_05,268509194,12.12 percent
2026-03-01T14:56:46.920496,(2(0)-1772395006:920496),GncDeployment.systemResources.CPU_06,268509195,7.00 percent
2026-03-01T14:56:46.920515,(2(0)-1772395006:920515),GncDeployment.systemResources.CPU_07,268509196,3.03 percent
2026-03-01T14:56:46.920517,(2(0)-1772395006:920517),GncDeployment.systemResources.CPU,268509188,17.90 percent
2026-03-01T14:56:46.920530,(2(0)-1772395006:920530),GncDeployment.systemResources.MEMORY_TOTAL,268509184,4281936 KB
2026-03-01T14:56:46.920532,(2(0)-1772395006:920532),GncDeployment.systemResources.MEMORY_USED,268509185,4166128 KB
2026-03-01T14:56:46.920553,(2(0)-1772395006:920553),GncDeployment.systemResources.NON_VOLATILE_FREE,268509187,135997392 KB
2026-03-01T14:56:46.920555,(2(0)-1772395006:920555),GncDeployment.systemResources.NON_VOLATILE_TOTAL,268509186,239362496 KB
2026-03-01T14:56:46.920576,(2(0)-1772395006:920576),ComCcsds.comQueue.comQueueDepth,33554432,['0', '1']
2026-03-01T14:56:46.920579,(2(0)-1772395006:920579),ComCcsds.comQueue.buffQueueDepth,33554433,['0']
2026-03-01T14:56:48.926358,(2(0)-1772395008:926358),GncDeployment.systemResources.CPU_00,268509189,28.00 percent
2026-03-01T14:56:48.926383,(2(0)-1772395008:926383),GncDeployment.systemResources.CPU_01,268509190,25.25 percent
2026-03-01T14:56:47.924373,(2(0)-1772395007:924373),GncDeployment.systemResources.CPU_02,268509191,23.00 percent
2026-03-01T14:56:47.924398,(2(0)-1772395007:924398),GncDeployment.systemResources.CPU_03,268509192,19.19 percent
2026-03-01T14:56:47.924419,(2(0)-1772395007:924419),GncDeployment.systemResources.CPU_04,268509193,19.00 percent
2026-03-01T14:56:47.924438,(2(0)-1772395007:924438),GncDeployment.systemResources.CPU_05,268509194,29.70 percent
2026-03-01T14:56:47.924460,(2(0)-1772395007:924460),GncDeployment.systemResources.CPU_06,268509195,21.00 percent
2026-03-01T14:56:47.924484,(2(0)-1772395007:924484),GncDeployment.systemResources.CPU_07,268509196,4.95 percent
2026-03-01T14:56:47.924486,(2(0)-1772395007:924486),GncDeployment.systemResources.CPU,268509188,21.36 percent
2026-03-01T14:56:47.924502,(2(0)-1772395007:924502),GncDeployment.systemResources.MEMORY_TOTAL,268509184,4242432 KB
2026-03-01T14:56:47.924504,(2(0)-1772395007:924504),GncDeployment.systemResources.MEMORY_USED,268509185,4113824 KB
2026-03-01T14:56:47.924538,(2(0)-1772395007:924538),GncDeployment.systemResources.NON_VOLATILE_FREE,268509187,135997548 KB
2026-03-01T14:56:47.924539,(2(0)-1772395007:924539),GncDeployment.systemResources.NON_VOLATILE_TOTAL,268509186,239362496 KB
2026-03-01T14:56:47.924567,(2(0)-1772395007:924567),ComCcsds.comQueue.comQueueDepth,33554432,['0', '1']
2026-03-01T14:56:47.924570,(2(0)-1772395007:924570),ComCcsds.comQueue.buffQueueDepth,33554433,['0']
2026-03-01T14:56:48.926399,(2(0)-1772395008:926399),GncDeployment.systemResources.CPU_02,268509191,19.00 percent
2026-03-01T14:56:48.926436,(2(0)-1772395008:926436),GncDeployment.systemResources.CPU_03,268509192,19.00 percent
2026-03-01T14:56:48.926449,(2(0)-1772395008:926449),GncDeployment.systemResources.CPU_04,268509193,22.00 percent
2026-03-01T14:56:48.926462,(2(0)-1772395008:926462),GncDeployment.systemResources.CPU_05,268509194,12.12 percent
2026-03-01T14:56:48.926476,(2(0)-1772395008:926476),GncDeployment.systemResources.CPU_06,268509195,6.93 percent
2026-03-01T14:56:48.926492,(2(0)-1772395008:926492),GncDeployment.systemResources.CPU_07,268509196,3.00 percent
2026-03-01T14:56:48.926494,(2(0)-1772395008:926494),GncDeployment.systemResources.CPU,268509188,16.91 percent
2026-03-01T14:56:48.926506,(2(0)-1772395008:926506),GncDeployment.systemResources.MEMORY_TOTAL,268509184,4257552 KB
2026-03-01T14:56:48.926508,(2(0)-1772395008:926508),GncDeployment.systemResources.MEMORY_USED,268509185,4151312 KB
2026-03-01T14:56:48.926530,(2(0)-1772395008:926530),GncDeployment.systemResources.NON_VOLATILE_FREE,268509187,135997548 KB
2026-03-01T14:56:48.926531,(2(0)-1772395008:926531),GncDeployment.systemResources.NON_VOLATILE_TOTAL,268509186,239362496 KB
2026-03-01T14:56:48.926555,(2(0)-1772395008:926555),ComCcsds.comQueue.comQueueDepth,33554432,['0', '1']
2026-03-01T14:56:48.926557,(2(0)-1772395008:926557),ComCcsds.comQueue.buffQueueDepth,33554433,['0']
2026-03-01T14:56:49.931512,(2(0)-1772395009:931512),GncDeployment.systemResources.CPU_00,268509189,25.25 percent
2026-03-01T14:56:49.931574,(2(0)-1772395009:931574),GncDeployment.systemResources.CPU_01,268509190,27.72 percent
2026-03-01T14:56:49.931590,(2(0)-1772395009:931590),GncDeployment.systemResources.CPU_02,268509191,18.00 percent
2026-03-01T14:56:49.931606,(2(0)-1772395009:931606),GncDeployment.systemResources.CPU_03,268509192,19.00 percent
2026-03-01T14:56:49.931621,(2(0)-1772395009:931621),GncDeployment.systemResources.CPU_04,268509193,33.00 percent
2026-03-01T14:56:49.931646,(2(0)-1772395009:931646),GncDeployment.systemResources.CPU_05,268509194,27.00 percent
2026-03-01T14:56:49.931661,(2(0)-1772395009:931661),GncDeployment.systemResources.CPU_06,268509195,11.11 percent
2026-03-01T14:56:49.931676,(2(0)-1772395009:931676),GncDeployment.systemResources.CPU_07,268509196,7.00 percent
2026-03-01T14:56:49.931677,(2(0)-1772395009:931677),GncDeployment.systemResources.CPU,268509188,21.01 percent
2026-03-01T14:56:49.931687,(2(0)-1772395009:931687),GncDeployment.systemResources.MEMORY_TOTAL,268509184,4280976 KB
2026-03-01T14:56:49.931689,(2(0)-1772395009:931689),GncDeployment.systemResources.MEMORY_USED,268509185,4170576 KB
2026-03-01T14:56:49.931711,(2(0)-1772395009:931711),GncDeployment.systemResources.NON_VOLATILE_FREE,268509187,135997464 KB
2026-03-01T14:56:49.931712,(2(0)-1772395009:931712),GncDeployment.systemResources.NON_VOLATILE_TOTAL,268509186,239362496 KB
2026-03-01T14:56:49.931836,(2(0)-1772395009:931836),ComCcsds.comQueue.comQueueDepth,33554432,['0', '0']
2026-03-01T14:56:49.931839,(2(0)-1772395009:931839),ComCcsds.comQueue.buffQueueDepth,33554433,['0']
2026-03-01T14:56:50.933373,(2(0)-1772395010:933373),GncDeployment.systemResources.CPU_00,268509189,25.25 percent
2026-03-01T14:56:50.933397,(2(0)-1772395010:933397),GncDeployment.systemResources.CPU_01,268509190,21.21 percent
2026-03-01T14:56:50.933412,(2(0)-1772395010:933412),GncDeployment.systemResources.CPU_02,268509191,17.17 percent
2026-03-01T14:56:50.933429,(2(0)-1772395010:933429),GncDeployment.systemResources.CPU_03,268509192,14.85 percent
2026-03-01T14:56:50.933447,(2(0)-1772395010:933447),GncDeployment.systemResources.CPU_04,268509193,17.17 percent
2026-03-01T14:56:50.933463,(2(0)-1772395010:933463),GncDeployment.systemResources.CPU_05,268509194,10.00 percent
2026-03-01T14:56:50.933480,(2(0)-1772395010:933480),GncDeployment.systemResources.CPU_06,268509195,6.00 percent
2026-03-01T14:56:50.933497,(2(0)-1772395010:933497),GncDeployment.systemResources.CPU_07,268509196,1.98 percent
2026-03-01T14:56:50.933499,(2(0)-1772395010:933499),GncDeployment.systemResources.CPU,268509188,14.20 percent
2026-03-01T14:56:50.933514,(2(0)-1772395010:933514),GncDeployment.systemResources.MEMORY_TOTAL,268509184,4285408 KB
2026-03-01T14:56:50.933515,(2(0)-1772395010:933515),GncDeployment.systemResources.MEMORY_USED,268509185,4177232 KB
2026-03-01T14:56:50.933540,(2(0)-1772395010:933540),GncDeployment.systemResources.NON_VOLATILE_FREE,268509187,135997456 KB
2026-03-01T14:56:50.933542,(2(0)-1772395010:933542),GncDeployment.systemResources.NON_VOLATILE_TOTAL,268509186,239362496 KB
2026-03-01T14:56:50.933561,(2(0)-1772395010:933561),ComCcsds.comQueue.comQueueDepth,33554432,['0', '1']
2026-03-01T14:56:50.933562,(2(0)-1772395010:933562),ComCcsds.comQueue.buffQueueDepth,33554433,['0']
2026-03-01T14:56:52.936720,(2(0)-1772395012:936720),GncDeployment.systemResources.CPU_00,268509189,19.00 percent
2026-03-01T14:56:52.936755,(2(0)-1772395012:936755),GncDeployment.systemResources.CPU_01,268509190,18.00 percent
2026-03-01T14:56:52.936777,(2(0)-1772395012:936777),GncDeployment.systemResources.CPU_02,268509191,12.00 percent
2026-03-01T14:56:52.936797,(2(0)-1772395012:936797),GncDeployment.systemResources.CPU_03,268509192,12.87 percent
2026-03-01T14:56:52.936817,(2(0)-1772395012:936817),GncDeployment.systemResources.CPU_04,268509193,18.81 percent
2026-03-01T14:56:52.936837,(2(0)-1772395012:936837),GncDeployment.systemResources.CPU_05,268509194,13.13 percent
2026-03-01T14:56:52.936857,(2(0)-1772395012:936857),GncDeployment.systemResources.CPU_06,268509195,5.00 percent
2026-03-01T14:56:52.936877,(2(0)-1772395012:936877),GncDeployment.systemResources.CPU_07,268509196,3.00 percent
2026-03-01T14:56:52.936879,(2(0)-1772395012:936879),GncDeployment.systemResources.CPU,268509188,12.73 percent
2026-03-01T14:56:52.936894,(2(0)-1772395012:936894),GncDeployment.systemResources.MEMORY_TOTAL,268509184,4294848 KB
2026-03-01T14:56:52.936896,(2(0)-1772395012:936896),GncDeployment.systemResources.MEMORY_USED,268509185,4205712 KB
2026-03-01T14:56:51.933809,(2(0)-1772395011:933809),GncDeployment.systemResources.NON_VOLATILE_FREE,268509187,135997452 KB
2026-03-01T14:56:51.933810,(2(0)-1772395011:933810),GncDeployment.systemResources.NON_VOLATILE_TOTAL,268509186,239362496 KB
2026-03-01T14:56:51.933831,(2(0)-1772395011:933831),ComCcsds.comQueue.comQueueDepth,33554432,['0', '1']
2026-03-01T14:56:51.933835,(2(0)-1772395011:933835),ComCcsds.comQueue.buffQueueDepth,33554433,['0']
2026-03-01T14:56:52.936916,(2(0)-1772395012:936916),GncDeployment.systemResources.NON_VOLATILE_FREE,268509187,135997452 KB
2026-03-01T14:56:52.936918,(2(0)-1772395012:936918),GncDeployment.systemResources.NON_VOLATILE_TOTAL,268509186,239362496 KB
2026-03-01T14:56:52.936967,(2(0)-1772395012:936967),ComCcsds.comQueue.comQueueDepth,33554432,['0', '0']
2026-03-01T14:56:52.936971,(2(0)-1772395012:936971),ComCcsds.comQueue.buffQueueDepth,33554433,['0']
2026-03-01T14:56:54.942747,(2(0)-1772395014:942747),GncDeployment.systemResources.CPU_00,268509189,24.75 percent
2026-03-01T14:56:54.942774,(2(0)-1772395014:942774),GncDeployment.systemResources.CPU_01,268509190,27.00 percent
2026-03-01T14:56:54.942794,(2(0)-1772395014:942794),GncDeployment.systemResources.CPU_02,268509191,16.16 percent
2026-03-01T14:56:54.942815,(2(0)-1772395014:942815),GncDeployment.systemResources.CPU_03,268509192,12.12 percent
2026-03-01T14:56:54.942833,(2(0)-1772395014:942833),GncDeployment.systemResources.CPU_04,268509193,6.00 percent
2026-03-01T14:56:53.937890,(2(0)-1772395013:937890),GncDeployment.systemResources.CPU_05,268509194,4.00 percent
2026-03-01T14:56:53.937909,(2(0)-1772395013:937909),GncDeployment.systemResources.CPU_06,268509195,2.97 percent
2026-03-01T14:56:53.937925,(2(0)-1772395013:937925),GncDeployment.systemResources.CPU_07,268509196,1.00 percent
2026-03-01T14:56:53.937927,(2(0)-1772395013:937927),GncDeployment.systemResources.CPU,268509188,13.78 percent
2026-03-01T14:56:53.937943,(2(0)-1772395013:937943),GncDeployment.systemResources.MEMORY_TOTAL,268509184,4322336 KB
2026-03-01T14:56:53.937945,(2(0)-1772395013:937945),GncDeployment.systemResources.MEMORY_USED,268509185,4241280 KB
2026-03-01T14:56:53.937986,(2(0)-1772395013:937986),GncDeployment.systemResources.NON_VOLATILE_FREE,268509187,135997608 KB
2026-03-01T14:56:53.937987,(2(0)-1772395013:937987),GncDeployment.systemResources.NON_VOLATILE_TOTAL,268509186,239362496 KB
2026-03-01T14:56:53.938006,(2(0)-1772395013:938006),ComCcsds.comQueue.comQueueDepth,33554432,['0', '1']
2026-03-01T14:56:53.938009,(2(0)-1772395013:938009),ComCcsds.comQueue.buffQueueDepth,33554433,['0']
2026-03-01T14:56:54.942851,(2(0)-1772395014:942851),GncDeployment.systemResources.CPU_05,268509194,3.96 percent
2026-03-01T14:56:54.942900,(2(0)-1772395014:942900),GncDeployment.systemResources.CPU_06,268509195,1.00 percent
2026-03-01T14:56:54.942922,(2(0)-1772395014:942922),GncDeployment.systemResources.CPU_07,268509196,0.00 percent
2026-03-01T14:56:54.942926,(2(0)-1772395014:942926),GncDeployment.systemResources.CPU,268509188,11.37 percent
2026-03-01T14:56:54.942943,(2(0)-1772395014:942943),GncDeployment.systemResources.MEMORY_TOTAL,268509184,4324400 KB
2026-03-01T14:56:54.942946,(2(0)-1772395014:942946),GncDeployment.systemResources.MEMORY_USED,268509185,4235536 KB
2026-03-01T14:56:54.942974,(2(0)-1772395014:942974),GncDeployment.systemResources.NON_VOLATILE_FREE,268509187,136001664 KB
2026-03-01T14:56:54.942976,(2(0)-1772395014:942976),GncDeployment.systemResources.NON_VOLATILE_TOTAL,268509186,239362496 KB
2026-03-01T14:56:54.942996,(2(0)-1772395014:942996),ComCcsds.comQueue.comQueueDepth,33554432,['0', '1']
2026-03-01T14:56:54.942999,(2(0)-1772395014:942999),ComCcsds.comQueue.buffQueueDepth,33554433,['0']
2026-03-01T14:56:56.952806,(2(0)-1772395016:952806),GncDeployment.systemResources.CPU_00,268509189,31.00 percent
2026-03-01T14:56:56.952819,(2(0)-1772395016:952819),GncDeployment.systemResources.CPU_01,268509190,28.00 percent
2026-03-01T14:56:56.952832,(2(0)-1772395016:952832),GncDeployment.systemResources.CPU_02,268509191,24.00 percent
2026-03-01T14:56:56.952841,(2(0)-1772395016:952841),GncDeployment.systemResources.CPU_03,268509192,21.00 percent
2026-03-01T14:56:56.952851,(2(0)-1772395016:952851),GncDeployment.systemResources.CPU_04,268509193,20.00 percent
2026-03-01T14:56:56.952859,(2(0)-1772395016:952859),GncDeployment.systemResources.CPU_05,268509194,15.84 percent
2026-03-01T14:56:56.952870,(2(0)-1772395016:952870),GncDeployment.systemResources.CPU_06,268509195,10.00 percent
2026-03-01T14:56:56.952913,(2(0)-1772395016:952913),GncDeployment.systemResources.CPU_07,268509196,9.00 percent
2026-03-01T14:56:56.952914,(2(0)-1772395016:952914),GncDeployment.systemResources.CPU,268509188,19.86 percent
2026-03-01T14:56:56.952919,(2(0)-1772395016:952919),GncDeployment.systemResources.MEMORY_TOTAL,268509184,4294096 KB
2026-03-01T14:56:56.952920,(2(0)-1772395016:952920),GncDeployment.systemResources.MEMORY_USED,268509185,4231008 KB
2026-03-01T14:56:56.952934,(2(0)-1772395016:952934),GncDeployment.systemResources.NON_VOLATILE_FREE,268509187,136001592 KB
2026-03-01T14:56:56.952936,(2(0)-1772395016:952936),GncDeployment.systemResources.NON_VOLATILE_TOTAL,268509186,239362496 KB
2026-03-01T14:56:56.952969,(2(0)-1772395016:952969),ComCcsds.comQueue.comQueueDepth,33554432,['0', '0']
2026-03-01T14:56:56.952971,(2(0)-1772395016:952971),ComCcsds.comQueue.buffQueueDepth,33554433,['0']
2026-03-01T14:56:58.961565,(2(0)-1772395018:961565),GncDeployment.systemResources.CPU_00,268509189,23.00 percent
2026-03-01T14:56:58.961599,(2(0)-1772395018:961599),GncDeployment.systemResources.CPU_01,268509190,22.22 percent
2026-03-01T14:56:58.961629,(2(0)-1772395018:961629),GncDeployment.systemResources.CPU_02,268509191,18.00 percent
2026-03-01T14:56:57.957713,(2(0)-1772395017:957713),GncDeployment.systemResources.CPU_03,268509192,26.73 percent
2026-03-01T14:56:57.957744,(2(0)-1772395017:957744),GncDeployment.systemResources.CPU_04,268509193,28.71 percent
2026-03-01T14:56:57.957762,(2(0)-1772395017:957762),GncDeployment.systemResources.CPU_05,268509194,22.00 percent
2026-03-01T14:56:57.957779,(2(0)-1772395017:957779),GncDeployment.systemResources.CPU_06,268509195,11.88 percent
2026-03-01T14:56:57.957793,(2(0)-1772395017:957793),GncDeployment.systemResources.CPU_07,268509196,8.00 percent
2026-03-01T14:56:57.957795,(2(0)-1772395017:957795),GncDeployment.systemResources.CPU,268509188,23.20 percent
2026-03-01T14:56:57.957808,(2(0)-1772395017:957808),GncDeployment.systemResources.MEMORY_TOTAL,268509184,4273392 KB
2026-03-01T14:56:57.957810,(2(0)-1772395017:957810),GncDeployment.systemResources.MEMORY_USED,268509185,4203216 KB
2026-03-01T14:56:57.957849,(2(0)-1772395017:957849),GncDeployment.systemResources.NON_VOLATILE_FREE,268509187,136001508 KB
2026-03-01T14:56:57.957850,(2(0)-1772395017:957850),GncDeployment.systemResources.NON_VOLATILE_TOTAL,268509186,239362496 KB
2026-03-01T14:56:57.957886,(2(0)-1772395017:957886),ComCcsds.comQueue.comQueueDepth,33554432,['0', '1']
2026-03-01T14:56:57.957890,(2(0)-1772395017:957890),ComCcsds.comQueue.buffQueueDepth,33554433,['0']
2026-03-01T14:56:58.961658,(2(0)-1772395018:961658),GncDeployment.systemResources.CPU_03,268509192,13.00 percent
2026-03-01T14:56:58.961723,(2(0)-1772395018:961723),GncDeployment.systemResources.CPU_04,268509193,6.00 percent
2026-03-01T14:56:58.961748,(2(0)-1772395018:961748),GncDeployment.systemResources.CPU_05,268509194,2.97 percent
2026-03-01T14:56:58.961768,(2(0)-1772395018:961768),GncDeployment.systemResources.CPU_06,268509195,2.00 percent
2026-03-01T14:56:58.961787,(2(0)-1772395018:961787),GncDeployment.systemResources.CPU_07,268509196,0.99 percent
2026-03-01T14:56:58.961790,(2(0)-1772395018:961790),GncDeployment.systemResources.CPU,268509188,11.02 percent
2026-03-01T14:56:58.961810,(2(0)-1772395018:961810),GncDeployment.systemResources.MEMORY_TOTAL,268509184,4286160 KB
2026-03-01T14:56:58.961812,(2(0)-1772395018:961812),GncDeployment.systemResources.MEMORY_USED,268509185,4207584 KB
2026-03-01T14:56:58.961841,(2(0)-1772395018:961841),GncDeployment.systemResources.NON_VOLATILE_FREE,268509187,136001504 KB
2026-03-01T14:56:58.961843,(2(0)-1772395018:961843),GncDeployment.systemResources.NON_VOLATILE_TOTAL,268509186,239362496 KB
2026-03-01T14:56:58.961865,(2(0)-1772395018:961865),ComCcsds.comQueue.comQueueDepth,33554432,['0', '1']
2026-03-01T14:56:58.961869,(2(0)-1772395018:961869),ComCcsds.comQueue.buffQueueDepth,33554433,['0']
2026-03-01T14:56:59.964786,(2(0)-1772395019:964786),GncDeployment.systemResources.CPU_00,268509189,23.00 percent
2026-03-01T14:56:59.964796,(2(0)-1772395019:964796),GncDeployment.systemResources.CPU_01,268509190,21.78 percent
2026-03-01T14:56:59.964806,(2(0)-1772395019:964806),GncDeployment.systemResources.CPU_02,268509191,17.00 percent
2026-03-01T14:56:59.964814,(2(0)-1772395019:964814),GncDeployment.systemResources.CPU_03,268509192,11.00 percent
2026-03-01T14:56:59.964821,(2(0)-1772395019:964821),GncDeployment.systemResources.CPU_04,268509193,21.00 percent
2026-03-01T14:56:59.964828,(2(0)-1772395019:964828),GncDeployment.systemResources.CPU_05,268509194,12.12 percent
2026-03-01T14:56:59.964834,(2(0)-1772395019:964834),GncDeployment.systemResources.CPU_06,268509195,2.00 percent
2026-03-01T14:56:59.964841,(2(0)-1772395019:964841),GncDeployment.systemResources.CPU_07,268509196,1.00 percent
2026-03-01T14:56:59.964842,(2(0)-1772395019:964842),GncDeployment.systemResources.CPU,268509188,13.61 percent
2026-03-01T14:56:59.964847,(2(0)-1772395019:964847),GncDeployment.systemResources.MEMORY_TOTAL,268509184,4317504 KB
2026-03-01T14:56:59.964847,(2(0)-1772395019:964847),GncDeployment.systemResources.MEMORY_USED,268509185,4250816 KB
2026-03-01T14:56:59.964855,(2(0)-1772395019:964855),GncDeployment.systemResources.NON_VOLATILE_FREE,268509187,136001488 KB
2026-03-01T14:56:59.964855,(2(0)-1772395019:964855),GncDeployment.systemResources.NON_VOLATILE_TOTAL,268509186,239362496 KB
2026-03-01T14:56:59.964869,(2(0)-1772395019:964869),ComCcsds.comQueue.comQueueDepth,33554432,['0', '1']
2026-03-01T14:56:59.964871,(2(0)-1772395019:964871),ComCcsds.comQueue.buffQueueDepth,33554433,['0']
2026-03-01T14:57:00.969813,(2(0)-1772395020:969813),GncDeployment.systemResources.CPU_00,268509189,25.25 percent
2026-03-01T14:57:00.969831,(2(0)-1772395020:969831),GncDeployment.systemResources.CPU_01,268509190,25.00 percent
2026-03-01T14:57:00.969847,(2(0)-1772395020:969847),GncDeployment.systemResources.CPU_02,268509191,21.00 percent
2026-03-01T14:57:00.969861,(2(0)-1772395020:969861),GncDeployment.systemResources.CPU_03,268509192,18.00 percent
2026-03-01T14:57:00.969875,(2(0)-1772395020:969875),GncDeployment.systemResources.CPU_04,268509193,8.00 percent
2026-03-01T14:57:00.969888,(2(0)-1772395020:969888),GncDeployment.systemResources.CPU_05,268509194,5.94 percent
2026-03-01T14:57:00.969902,(2(0)-1772395020:969902),GncDeployment.systemResources.CPU_06,268509195,1.98 percent
2026-03-01T14:57:00.969915,(2(0)-1772395020:969915),GncDeployment.systemResources.CPU_07,268509196,2.00 percent
2026-03-01T14:57:00.969916,(2(0)-1772395020:969916),GncDeployment.systemResources.CPU,268509188,13.40 percent
2026-03-01T14:57:00.969925,(2(0)-1772395020:969925),GncDeployment.systemResources.MEMORY_TOTAL,268509184,4321824 KB
2026-03-01T14:57:00.969926,(2(0)-1772395020:969926),GncDeployment.systemResources.MEMORY_USED,268509185,4251008 KB
2026-03-01T14:57:00.969937,(2(0)-1772395020:969937),GncDeployment.systemResources.NON_VOLATILE_FREE,268509187,136001476 KB
2026-03-01T14:57:00.969938,(2(0)-1772395020:969938),GncDeployment.systemResources.NON_VOLATILE_TOTAL,268509186,239362496 KB
2026-03-01T14:57:00.969961,(2(0)-1772395020:969961),ComCcsds.comQueue.comQueueDepth,33554432,['0', '1']
2026-03-01T14:57:00.969965,(2(0)-1772395020:969965),ComCcsds.comQueue.buffQueueDepth,33554433,['0']
2026-03-01T14:57:02.975431,(2(0)-1772395022:975431),GncDeployment.systemResources.CPU_00,268509189,24.00 percent
2026-03-01T14:57:02.975452,(2(0)-1772395022:975452),GncDeployment.systemResources.CPU_01,268509190,26.00 percent
2026-03-01T14:57:01.970387,(2(0)-1772395021:970387),GncDeployment.systemResources.CPU_02,268509191,24.24 percent
2026-03-01T14:57:01.970403,(2(0)-1772395021:970403),GncDeployment.systemResources.CPU_03,268509192,21.00 percent
2026-03-01T14:57:01.970416,(2(0)-1772395021:970416),GncDeployment.systemResources.CPU_04,268509193,7.00 percent
2026-03-01T14:57:01.970430,(2(0)-1772395021:970430),GncDeployment.systemResources.CPU_05,268509194,5.00 percent
2026-03-01T14:57:01.970443,(2(0)-1772395021:970443),GncDeployment.systemResources.CPU_06,268509195,1.01 percent
2026-03-01T14:57:01.970457,(2(0)-1772395021:970457),GncDeployment.systemResources.CPU_07,268509196,1.96 percent
2026-03-01T14:57:01.970458,(2(0)-1772395021:970458),GncDeployment.systemResources.CPU,268509188,14.94 percent
2026-03-01T14:57:01.970469,(2(0)-1772395021:970469),GncDeployment.systemResources.MEMORY_TOTAL,268509184,4322288 KB
2026-03-01T14:57:01.970470,(2(0)-1772395021:970470),GncDeployment.systemResources.MEMORY_USED,268509185,4252208 KB
2026-03-01T14:57:01.970490,(2(0)-1772395021:970490),GncDeployment.systemResources.NON_VOLATILE_FREE,268509187,136000448 KB
2026-03-01T14:57:01.970490,(2(0)-1772395021:970490),GncDeployment.systemResources.NON_VOLATILE_TOTAL,268509186,239362496 KB
2026-03-01T14:57:01.970513,(2(0)-1772395021:970513),ComCcsds.comQueue.comQueueDepth,33554432,['0', '1']
2026-03-01T14:57:01.970516,(2(0)-1772395021:970516),ComCcsds.comQueue.buffQueueDepth,33554433,['0']
2026-03-01T14:57:02.975477,(2(0)-1772395022:975477),GncDeployment.systemResources.CPU_02,268509191,20.79 percent
2026-03-01T14:57:02.975493,(2(0)-1772395022:975493),GncDeployment.systemResources.CPU_03,268509192,22.22 percent
2026-03-01T14:57:02.975510,(2(0)-1772395022:975510),GncDeployment.systemResources.CPU_04,268509193,12.00 percent
2026-03-01T14:57:02.975525,(2(0)-1772395022:975525),GncDeployment.systemResources.CPU_05,268509194,9.90 percent
2026-03-01T14:57:02.975545,(2(0)-1772395022:975545),GncDeployment.systemResources.CPU_06,268509195,3.96 percent
2026-03-01T14:57:02.975561,(2(0)-1772395022:975561),GncDeployment.systemResources.CPU_07,268509196,0.00 percent
2026-03-01T14:57:02.975565,(2(0)-1772395022:975565),GncDeployment.systemResources.CPU,268509188,14.86 percent
2026-03-01T14:57:02.975579,(2(0)-1772395022:975579),GncDeployment.systemResources.MEMORY_TOTAL,268509184,4333248 KB
2026-03-01T14:57:02.975582,(2(0)-1772395022:975582),GncDeployment.systemResources.MEMORY_USED,268509185,4260544 KB
2026-03-01T14:57:02.975606,(2(0)-1772395022:975606),GncDeployment.systemResources.NON_VOLATILE_FREE,268509187,136000420 KB
2026-03-01T14:57:02.975607,(2(0)-1772395022:975607),GncDeployment.systemResources.NON_VOLATILE_TOTAL,268509186,239362496 KB
2026-03-01T14:57:02.975623,(2(0)-1772395022:975623),ComCcsds.comQueue.comQueueDepth,33554432,['0', '1']
2026-03-01T14:57:02.975626,(2(0)-1772395022:975626),ComCcsds.comQueue.buffQueueDepth,33554433,['0']
2026-03-01T14:57:03.980534,(2(0)-1772395023:980534),GncDeployment.systemResources.CPU_00,268509189,28.28 percent
2026-03-01T14:57:03.980561,(2(0)-1772395023:980561),GncDeployment.systemResources.CPU_01,268509190,24.24 percent
2026-03-01T14:57:03.980586,(2(0)-1772395023:980586),GncDeployment.systemResources.CPU_02,268509191,20.20 percent
2026-03-01T14:57:03.980606,(2(0)-1772395023:980606),GncDeployment.systemResources.CPU_03,268509192,19.80 percent
2026-03-01T14:57:03.980627,(2(0)-1772395023:980627),GncDeployment.systemResources.CPU_04,268509193,11.00 percent
2026-03-01T14:57:03.980653,(2(0)-1772395023:980653),GncDeployment.systemResources.CPU_05,268509194,6.00 percent
2026-03-01T14:57:03.980672,(2(0)-1772395023:980672),GncDeployment.systemResources.CPU_06,268509195,1.98 percent
2026-03-01T14:57:03.980691,(2(0)-1772395023:980691),GncDeployment.systemResources.CPU_07,268509196,1.96 percent
2026-03-01T14:57:03.980693,(2(0)-1772395023:980693),GncDeployment.systemResources.CPU,268509188,14.18 percent
2026-03-01T14:57:03.980708,(2(0)-1772395023:980708),GncDeployment.systemResources.MEMORY_TOTAL,268509184,4339808 KB
2026-03-01T14:57:03.980710,(2(0)-1772395023:980710),GncDeployment.systemResources.MEMORY_USED,268509185,4267168 KB
2026-03-01T14:57:03.980746,(2(0)-1772395023:980746),GncDeployment.systemResources.NON_VOLATILE_FREE,268509187,136000272 KB
2026-03-01T14:57:03.980747,(2(0)-1772395023:980747),GncDeployment.systemResources.NON_VOLATILE_TOTAL,268509186,239362496 KB
2026-03-01T14:57:03.980765,(2(0)-1772395023:980765),ComCcsds.comQueue.comQueueDepth,33554432,['0', '1']
2026-03-01T14:57:03.980769,(2(0)-1772395023:980769),ComCcsds.comQueue.buffQueueDepth,33554433,['0']
2026-03-01T14:57:04.982395,(2(0)-1772395024:982395),GncDeployment.systemResources.CPU_00,268509189,38.00 percent
2026-03-01T14:57:04.982463,(2(0)-1772395024:982463),GncDeployment.systemResources.CPU_01,268509190,36.63 percent
2026-03-01T14:57:04.982482,(2(0)-1772395024:982482),GncDeployment.systemResources.CPU_02,268509191,26.73 percent
2026-03-01T14:57:04.982501,(2(0)-1772395024:982501),GncDeployment.systemResources.CPU_03,268509192,28.00 percent
2026-03-01T14:57:04.982525,(2(0)-1772395024:982525),GncDeployment.systemResources.CPU_04,268509193,21.00 percent
2026-03-01T14:57:04.982547,(2(0)-1772395024:982547),GncDeployment.systemResources.CPU_05,268509194,14.14 percent
2026-03-01T14:57:04.982571,(2(0)-1772395024:982571),GncDeployment.systemResources.CPU_06,268509195,13.00 percent
2026-03-01T14:57:04.982589,(2(0)-1772395024:982589),GncDeployment.systemResources.CPU_07,268509196,10.00 percent
2026-03-01T14:57:04.982592,(2(0)-1772395024:982592),GncDeployment.systemResources.CPU,268509188,23.44 percent
2026-03-01T14:57:04.982606,(2(0)-1772395024:982606),GncDeployment.systemResources.MEMORY_TOTAL,268509184,4315568 KB
2026-03-01T14:57:04.982609,(2(0)-1772395024:982609),GncDeployment.systemResources.MEMORY_USED,268509185,4249648 KB
2026-03-01T14:57:04.982631,(2(0)-1772395024:982631),GncDeployment.systemResources.NON_VOLATILE_FREE,268509187,136000396 KB
2026-03-01T14:57:04.982633,(2(0)-1772395024:982633),GncDeployment.systemResources.NON_VOLATILE_TOTAL,268509186,239362496 KB
2026-03-01T14:57:04.982656,(2(0)-1772395024:982656),ComCcsds.comQueue.comQueueDepth,33554432,['0', '1']
2026-03-01T14:57:04.982659,(2(0)-1772395024:982659),ComCcsds.comQueue.buffQueueDepth,33554433,['0']
2026-03-01T14:57:06.990870,(2(0)-1772395026:990870),GncDeployment.systemResources.CPU_00,268509189,28.28 percent
2026-03-01T14:57:06.990892,(2(0)-1772395026:990892),GncDeployment.systemResources.CPU_01,268509190,27.00 percent
2026-03-01T14:57:05.987502,(2(0)-1772395025:987502),GncDeployment.systemResources.CPU_02,268509191,15.15 percent
2026-03-01T14:57:05.987528,(2(0)-1772395025:987528),GncDeployment.systemResources.CPU_03,268509192,12.12 percent
2026-03-01T14:57:05.987553,(2(0)-1772395025:987553),GncDeployment.systemResources.CPU_04,268509193,20.79 percent
2026-03-01T14:57:05.987572,(2(0)-1772395025:987572),GncDeployment.systemResources.CPU_05,268509194,14.00 percent
2026-03-01T14:57:05.987593,(2(0)-1772395025:987593),GncDeployment.systemResources.CPU_06,268509195,9.00 percent
2026-03-01T14:57:05.987612,(2(0)-1772395025:987612),GncDeployment.systemResources.CPU_07,268509196,5.00 percent
2026-03-01T14:57:05.987614,(2(0)-1772395025:987614),GncDeployment.systemResources.CPU,268509188,14.28 percent
2026-03-01T14:57:05.987632,(2(0)-1772395025:987632),GncDeployment.systemResources.MEMORY_TOTAL,268509184,4298928 KB
2026-03-01T14:57:05.987634,(2(0)-1772395025:987634),GncDeployment.systemResources.MEMORY_USED,268509185,4231344 KB
2026-03-01T14:57:05.987665,(2(0)-1772395025:987665),GncDeployment.systemResources.NON_VOLATILE_FREE,268509187,136000376 KB
2026-03-01T14:57:05.987667,(2(0)-1772395025:987667),GncDeployment.systemResources.NON_VOLATILE_TOTAL,268509186,239362496 KB
2026-03-01T14:57:05.987705,(2(0)-1772395025:987705),ComCcsds.comQueue.comQueueDepth,33554432,['0', '1']
2026-03-01T14:57:05.987709,(2(0)-1772395025:987709),ComCcsds.comQueue.buffQueueDepth,33554433,['0']
2026-03-01T14:57:06.990942,(2(0)-1772395026:990942),GncDeployment.systemResources.CPU_02,268509191,23.76 percent
2026-03-01T14:57:06.990960,(2(0)-1772395026:990960),GncDeployment.systemResources.CPU_03,268509192,19.00 percent
2026-03-01T14:57:06.990977,(2(0)-1772395026:990977),GncDeployment.systemResources.CPU_04,268509193,22.00 percent
2026-03-01T14:57:06.990994,(2(0)-1772395026:990994),GncDeployment.systemResources.CPU_05,268509194,18.63 percent
2026-03-01T14:57:06.991013,(2(0)-1772395026:991013),GncDeployment.systemResources.CPU_06,268509195,12.00 percent
2026-03-01T14:57:06.991032,(2(0)-1772395026:991032),GncDeployment.systemResources.CPU_07,268509196,9.00 percent
2026-03-01T14:57:06.991034,(2(0)-1772395026:991034),GncDeployment.systemResources.CPU,268509188,19.96 percent
2026-03-01T14:57:06.991044,(2(0)-1772395026:991044),GncDeployment.systemResources.MEMORY_TOTAL,268509184,4268592 KB
2026-03-01T14:57:06.991046,(2(0)-1772395026:991046),GncDeployment.systemResources.MEMORY_USED,268509185,4198704 KB
2026-03-01T14:57:06.991074,(2(0)-1772395026:991074),GncDeployment.systemResources.NON_VOLATILE_FREE,268509187,136000304 KB
2026-03-01T14:57:06.991075,(2(0)-1772395026:991075),GncDeployment.systemResources.NON_VOLATILE_TOTAL,268509186,239362496 KB
2026-03-01T14:57:06.991100,(2(0)-1772395026:991100),ComCcsds.comQueue.comQueueDepth,33554432,['0', '1']
2026-03-01T14:57:06.991102,(2(0)-1772395026:991102),ComCcsds.comQueue.buffQueueDepth,33554433,['0']
2026-03-01T14:57:07.991401,(2(0)-1772395027:991401),GncDeployment.systemResources.CPU_00,268509189,27.27 percent
2026-03-01T14:57:07.991426,(2(0)-1772395027:991426),GncDeployment.systemResources.CPU_01,268509190,25.25 percent
2026-03-01T14:57:07.991443,(2(0)-1772395027:991443),GncDeployment.systemResources.CPU_02,268509191,21.43 percent
2026-03-01T14:57:07.991464,(2(0)-1772395027:991464),GncDeployment.systemResources.CPU_03,268509192,17.00 percent
2026-03-01T14:57:07.991479,(2(0)-1772395027:991479),GncDeployment.systemResources.CPU_04,268509193,27.55 percent
2026-03-01T14:57:07.991494,(2(0)-1772395027:991494),GncDeployment.systemResources.CPU_05,268509194,13.27 percent
2026-03-01T14:57:07.991512,(2(0)-1772395027:991512),GncDeployment.systemResources.CPU_06,268509195,7.00 percent
2026-03-01T14:57:07.991527,(2(0)-1772395027:991527),GncDeployment.systemResources.CPU_07,268509196,3.00 percent
2026-03-01T14:57:07.991529,(2(0)-1772395027:991529),GncDeployment.systemResources.CPU,268509188,17.72 percent
2026-03-01T14:57:07.991543,(2(0)-1772395027:991543),GncDeployment.systemResources.MEMORY_TOTAL,268509184,4230864 KB
2026-03-01T14:57:07.991544,(2(0)-1772395027:991544),GncDeployment.systemResources.MEMORY_USED,268509185,4158640 KB
2026-03-01T14:57:07.991575,(2(0)-1772395027:991575),GncDeployment.systemResources.NON_VOLATILE_FREE,268509187,136000288 KB
2026-03-01T14:57:07.991576,(2(0)-1772395027:991576),GncDeployment.systemResources.NON_VOLATILE_TOTAL,268509186,239362496 KB
2026-03-01T14:57:07.991601,(2(0)-1772395027:991601),ComCcsds.comQueue.comQueueDepth,33554432,['0', '1']
2026-03-01T14:57:07.991604,(2(0)-1772395027:991604),ComCcsds.comQueue.buffQueueDepth,33554433,['0']
2026-03-01T14:57:08.993224,(2(0)-1772395028:993224),GncDeployment.systemResources.CPU_00,268509189,27.00 percent
2026-03-01T14:57:08.993253,(2(0)-1772395028:993253),GncDeployment.systemResources.CPU_01,268509190,23.23 percent
2026-03-01T14:57:08.993272,(2(0)-1772395028:993272),GncDeployment.systemResources.CPU_02,268509191,23.00 percent
2026-03-01T14:57:08.993305,(2(0)-1772395028:993305),GncDeployment.systemResources.CPU_03,268509192,19.19 percent
2026-03-01T14:57:08.993323,(2(0)-1772395028:993323),GncDeployment.systemResources.CPU_04,268509193,17.00 percent
2026-03-01T14:57:08.993341,(2(0)-1772395028:993341),GncDeployment.systemResources.CPU_05,268509194,10.00 percent
2026-03-01T14:57:08.993359,(2(0)-1772395028:993359),GncDeployment.systemResources.CPU_06,268509195,5.00 percent
2026-03-01T14:57:08.993376,(2(0)-1772395028:993376),GncDeployment.systemResources.CPU_07,268509196,3.00 percent
2026-03-01T14:57:08.993378,(2(0)-1772395028:993378),GncDeployment.systemResources.CPU,268509188,15.93 percent
2026-03-01T14:57:08.993391,(2(0)-1772395028:993391),GncDeployment.systemResources.MEMORY_TOTAL,268509184,4241280 KB
2026-03-01T14:57:08.993394,(2(0)-1772395028:993394),GncDeployment.systemResources.MEMORY_USED,268509185,4166048 KB
2026-03-01T14:57:08.993426,(2(0)-1772395028:993426),GncDeployment.systemResources.NON_VOLATILE_FREE,268509187,136000272 KB
2026-03-01T14:57:08.993428,(2(0)-1772395028:993428),GncDeployment.systemResources.NON_VOLATILE_TOTAL,268509186,239362496 KB
2026-03-01T14:57:08.993449,(2(0)-1772395028:993449),ComCcsds.comQueue.comQueueDepth,33554432,['0', '1']
2026-03-01T14:57:08.993453,(2(0)-1772395028:993453),ComCcsds.comQueue.buffQueueDepth,33554433,['0']
2026-03-01T14:57:09.997866,(2(0)-1772395029:997866),GncDeployment.systemResources.CPU_00,268509189,26.26 percent
2026-03-01T14:57:09.997904,(2(0)-1772395029:997904),GncDeployment.systemResources.CPU_01,268509190,28.71 percent
2026-03-01T14:57:09.997929,(2(0)-1772395029:997929),GncDeployment.systemResources.CPU_02,268509191,19.19 percent
2026-03-01T14:57:09.997957,(2(0)-1772395029:997957),GncDeployment.systemResources.CPU_03,268509192,20.00 percent
2026-03-01T14:57:09.997983,(2(0)-1772395029:997983),GncDeployment.systemResources.CPU_04,268509193,27.72 percent
2026-03-01T14:57:09.998009,(2(0)-1772395029:998009),GncDeployment.systemResources.CPU_05,268509194,21.78 percent
2026-03-01T14:57:09.998033,(2(0)-1772395029:998033),GncDeployment.systemResources.CPU_06,268509195,18.00 percent
2026-03-01T14:57:09.998058,(2(0)-1772395029:998058),GncDeployment.systemResources.CPU_07,268509196,12.00 percent
2026-03-01T14:57:09.998061,(2(0)-1772395029:998061),GncDeployment.systemResources.CPU,268509188,21.71 percent
2026-03-01T14:57:09.998078,(2(0)-1772395029:998078),GncDeployment.systemResources.MEMORY_TOTAL,268509184,4212080 KB
2026-03-01T14:57:09.998080,(2(0)-1772395029:998080),GncDeployment.systemResources.MEMORY_USED,268509185,4136128 KB
2026-03-01T14:57:09.998118,(2(0)-1772395029:998118),GncDeployment.systemResources.NON_VOLATILE_FREE,268509187,136000136 KB
2026-03-01T14:57:09.998120,(2(0)-1772395029:998120),GncDeployment.systemResources.NON_VOLATILE_TOTAL,268509186,239362496 KB
2026-03-01T14:57:09.998142,(2(0)-1772395029:998142),ComCcsds.comQueue.comQueueDepth,33554432,['0', '1']
2026-03-01T14:57:09.998147,(2(0)-1772395029:998147),ComCcsds.comQueue.buffQueueDepth,33554433,['0']
2026-03-01T14:57:11.002873,(2(0)-1772395031:2873),GncDeployment.systemResources.CPU_00,268509189,25.25 percent
2026-03-01T14:57:11.002941,(2(0)-1772395031:2941),GncDeployment.systemResources.CPU_01,268509190,23.47 percent
2026-03-01T14:57:11.002967,(2(0)-1772395031:2967),GncDeployment.systemResources.CPU_02,268509191,24.00 percent
2026-03-01T14:57:11.002987,(2(0)-1772395031:2987),GncDeployment.systemResources.CPU_03,268509192,20.00 percent
2026-03-01T14:57:11.003005,(2(0)-1772395031:3005),GncDeployment.systemResources.CPU_04,268509193,13.00 percent
2026-03-01T14:57:11.003025,(2(0)-1772395031:3025),GncDeployment.systemResources.CPU_05,268509194,8.00 percent
2026-03-01T14:57:11.003046,(2(0)-1772395031:3046),GncDeployment.systemResources.CPU_06,268509195,2.00 percent
2026-03-01T14:57:11.003067,(2(0)-1772395031:3067),GncDeployment.systemResources.CPU_07,268509196,2.97 percent
2026-03-01T14:57:11.003070,(2(0)-1772395031:3070),GncDeployment.systemResources.CPU,268509188,14.84 percent
2026-03-01T14:57:11.003091,(2(0)-1772395031:3091),GncDeployment.systemResources.MEMORY_TOTAL,268509184,4230784 KB
2026-03-01T14:57:11.003093,(2(0)-1772395031:3093),GncDeployment.systemResources.MEMORY_USED,268509185,4139200 KB
2026-03-01T14:57:11.003129,(2(0)-1772395031:3129),GncDeployment.systemResources.NON_VOLATILE_FREE,268509187,136000020 KB
2026-03-01T14:57:11.003130,(2(0)-1772395031:3130),GncDeployment.systemResources.NON_VOLATILE_TOTAL,268509186,239362496 KB
2026-03-01T14:57:11.003155,(2(0)-1772395031:3155),ComCcsds.comQueue.comQueueDepth,33554432,['0', '1']
2026-03-01T14:57:11.003158,(2(0)-1772395031:3158),ComCcsds.comQueue.buffQueueDepth,33554433,['0']
2026-03-01T14:57:12.007950,(2(0)-1772395032:7950),GncDeployment.systemResources.CPU_00,268509189,25.74 percent
2026-03-01T14:57:12.007991,(2(0)-1772395032:7991),GncDeployment.systemResources.CPU_01,268509190,24.75 percent
2026-03-01T14:57:12.008020,(2(0)-1772395032:8020),GncDeployment.systemResources.CPU_02,268509191,20.00 percent
2026-03-01T14:57:12.008052,(2(0)-1772395032:8052),GncDeployment.systemResources.CPU_03,268509192,19.80 percent
2026-03-01T14:57:12.008076,(2(0)-1772395032:8076),GncDeployment.systemResources.CPU_04,268509193,9.00 percent
2026-03-01T14:57:12.008110,(2(0)-1772395032:8110),GncDeployment.systemResources.CPU_05,268509194,4.00 percent
2026-03-01T14:57:12.008141,(2(0)-1772395032:8141),GncDeployment.systemResources.CPU_06,268509195,3.96 percent
2026-03-01T14:57:12.008178,(2(0)-1772395032:8178),GncDeployment.systemResources.CPU_07,268509196,0.99 percent
2026-03-01T14:57:12.008181,(2(0)-1772395032:8181),GncDeployment.systemResources.CPU,268509188,13.53 percent
2026-03-01T14:57:12.008207,(2(0)-1772395032:8207),GncDeployment.systemResources.MEMORY_TOTAL,268509184,4243968 KB
2026-03-01T14:57:12.008209,(2(0)-1772395032:8209),GncDeployment.systemResources.MEMORY_USED,268509185,4150832 KB
2026-03-01T14:57:12.008233,(2(0)-1772395032:8233),GncDeployment.systemResources.NON_VOLATILE_FREE,268509187,136000156 KB
2026-03-01T14:57:12.008235,(2(0)-1772395032:8235),GncDeployment.systemResources.NON_VOLATILE_TOTAL,268509186,239362496 KB
2026-03-01T14:57:12.008257,(2(0)-1772395032:8257),ComCcsds.comQueue.comQueueDepth,33554432,['0', '1']
2026-03-01T14:57:12.008262,(2(0)-1772395032:8262),ComCcsds.comQueue.buffQueueDepth,33554433,['0']
2026-03-01T14:57:13.012916,(2(0)-1772395033:12916),GncDeployment.systemResources.CPU_00,268509189,26.00 percent
2026-03-01T14:57:13.012966,(2(0)-1772395033:12966),GncDeployment.systemResources.CPU_01,268509190,24.00 percent
2026-03-01T14:57:13.012990,(2(0)-1772395033:12990),GncDeployment.systemResources.CPU_02,268509191,20.00 percent
2026-03-01T14:57:13.013009,(2(0)-1772395033:13009),GncDeployment.systemResources.CPU_03,268509192,19.19 percent
2026-03-01T14:57:13.013024,(2(0)-1772395033:13024),GncDeployment.systemResources.CPU_04,268509193,16.00 percent
2026-03-01T14:57:13.013042,(2(0)-1772395033:13042),GncDeployment.systemResources.CPU_05,268509194,7.92 percent
2026-03-01T14:57:13.013057,(2(0)-1772395033:13057),GncDeployment.systemResources.CPU_06,268509195,4.04 percent
2026-03-01T14:57:13.013081,(2(0)-1772395033:13081),GncDeployment.systemResources.CPU_07,268509196,2.00 percent
2026-03-01T14:57:13.013083,(2(0)-1772395033:13083),GncDeployment.systemResources.CPU,268509188,14.89 percent
2026-03-01T14:57:13.013102,(2(0)-1772395033:13102),GncDeployment.systemResources.MEMORY_TOTAL,268509184,4229664 KB
2026-03-01T14:57:13.013103,(2(0)-1772395033:13103),GncDeployment.systemResources.MEMORY_USED,268509185,4148304 KB
2026-03-01T14:57:13.013142,(2(0)-1772395033:13142),GncDeployment.systemResources.NON_VOLATILE_FREE,268509187,135999920 KB
2026-03-01T14:57:13.013144,(2(0)-1772395033:13144),GncDeployment.systemResources.NON_VOLATILE_TOTAL,268509186,239362496 KB
2026-03-01T14:57:13.013168,(2(0)-1772395033:13168),ComCcsds.comQueue.comQueueDepth,33554432,['0', '1']
2026-03-01T14:57:13.013171,(2(0)-1772395033:13171),ComCcsds.comQueue.buffQueueDepth,33554433,['0']
2026-03-01T14:57:14.013157,(2(0)-1772395034:13157),GncDeployment.systemResources.CPU_00,268509189,27.27 percent
2026-03-01T14:57:14.013190,(2(0)-1772395034:13190),GncDeployment.systemResources.CPU_01,268509190,30.30 percent
2026-03-01T14:57:14.013225,(2(0)-1772395034:13225),GncDeployment.systemResources.CPU_02,268509191,24.24 percent
2026-03-01T14:57:14.013257,(2(0)-1772395034:13257),GncDeployment.systemResources.CPU_03,268509192,21.00 percent
2026-03-01T14:57:14.013286,(2(0)-1772395034:13286),GncDeployment.systemResources.CPU_04,268509193,11.00 percent
2026-03-01T14:57:14.013314,(2(0)-1772395034:13314),GncDeployment.systemResources.CPU_05,268509194,8.08 percent
2026-03-01T14:57:14.013345,(2(0)-1772395034:13345),GncDeployment.systemResources.CPU_06,268509195,3.96 percent
2026-03-01T14:57:14.013376,(2(0)-1772395034:13376),GncDeployment.systemResources.CPU_07,268509196,2.00 percent
2026-03-01T14:57:14.013379,(2(0)-1772395034:13379),GncDeployment.systemResources.CPU,268509188,15.98 percent
2026-03-01T14:57:14.013404,(2(0)-1772395034:13404),GncDeployment.systemResources.MEMORY_TOTAL,268509184,4233968 KB
2026-03-01T14:57:14.013407,(2(0)-1772395034:13407),GncDeployment.systemResources.MEMORY_USED,268509185,4133952 KB
2026-03-01T14:57:14.013440,(2(0)-1772395034:13440),GncDeployment.systemResources.NON_VOLATILE_FREE,268509187,135999972 KB
2026-03-01T14:57:14.013441,(2(0)-1772395034:13441),GncDeployment.systemResources.NON_VOLATILE_TOTAL,268509186,239362496 KB
2026-03-01T14:57:14.013467,(2(0)-1772395034:13467),ComCcsds.comQueue.comQueueDepth,33554432,['0', '1']
2026-03-01T14:57:14.013471,(2(0)-1772395034:13471),ComCcsds.comQueue.buffQueueDepth,33554433,['0']
2026-03-01T14:57:16.023312,(2(0)-1772395036:23312),GncDeployment.systemResources.CPU_00,268509189,27.00 percent
2026-03-01T14:57:15.018211,(2(0)-1772395035:18211),GncDeployment.systemResources.CPU_01,268509190,25.74 percent
2026-03-01T14:57:15.018236,(2(0)-1772395035:18236),GncDeployment.systemResources.CPU_02,268509191,19.00 percent
2026-03-01T14:57:15.018261,(2(0)-1772395035:18261),GncDeployment.systemResources.CPU_03,268509192,19.80 percent
2026-03-01T14:57:15.018288,(2(0)-1772395035:18288),GncDeployment.systemResources.CPU_04,268509193,11.00 percent
2026-03-01T14:57:15.018317,(2(0)-1772395035:18317),GncDeployment.systemResources.CPU_05,268509194,6.93 percent
2026-03-01T14:57:15.018340,(2(0)-1772395035:18340),GncDeployment.systemResources.CPU_06,268509195,2.97 percent
2026-03-01T14:57:15.018359,(2(0)-1772395035:18359),GncDeployment.systemResources.CPU_07,268509196,1.01 percent
2026-03-01T14:57:15.018363,(2(0)-1772395035:18363),GncDeployment.systemResources.CPU,268509188,14.18 percent
2026-03-01T14:57:15.018384,(2(0)-1772395035:18384),GncDeployment.systemResources.MEMORY_TOTAL,268509184,4249712 KB
2026-03-01T14:57:15.018386,(2(0)-1772395035:18386),GncDeployment.systemResources.MEMORY_USED,268509185,4126016 KB
2026-03-01T14:57:15.018429,(2(0)-1772395035:18429),GncDeployment.systemResources.NON_VOLATILE_FREE,268509187,135999900 KB
2026-03-01T14:57:15.018432,(2(0)-1772395035:18432),GncDeployment.systemResources.NON_VOLATILE_TOTAL,268509186,239362496 KB
2026-03-01T14:57:15.018455,(2(0)-1772395035:18455),ComCcsds.comQueue.comQueueDepth,33554432,['0', '1']
2026-03-01T14:57:15.018459,(2(0)-1772395035:18459),ComCcsds.comQueue.buffQueueDepth,33554433,['0']
2026-03-01T14:57:16.023349,(2(0)-1772395036:23349),GncDeployment.systemResources.CPU_01,268509190,27.27 percent
2026-03-01T14:57:16.023407,(2(0)-1772395036:23407),GncDeployment.systemResources.CPU_02,268509191,21.78 percent
2026-03-01T14:57:16.023431,(2(0)-1772395036:23431),GncDeployment.systemResources.CPU_03,268509192,15.15 percent
2026-03-01T14:57:16.023451,(2(0)-1772395036:23451),GncDeployment.systemResources.CPU_04,268509193,7.92 percent
2026-03-01T14:57:16.023475,(2(0)-1772395036:23475),GncDeployment.systemResources.CPU_05,268509194,3.00 percent
2026-03-01T14:57:16.023492,(2(0)-1772395036:23492),GncDeployment.systemResources.CPU_06,268509195,1.01 percent
2026-03-01T14:57:16.023508,(2(0)-1772395036:23508),GncDeployment.systemResources.CPU_07,268509196,2.94 percent
2026-03-01T14:57:16.023510,(2(0)-1772395036:23510),GncDeployment.systemResources.CPU,268509188,13.26 percent
2026-03-01T14:57:16.023522,(2(0)-1772395036:23522),GncDeployment.systemResources.MEMORY_TOTAL,268509184,4252848 KB
2026-03-01T14:57:16.023524,(2(0)-1772395036:23524),GncDeployment.systemResources.MEMORY_USED,268509185,4133808 KB
2026-03-01T14:57:16.023548,(2(0)-1772395036:23548),GncDeployment.systemResources.NON_VOLATILE_FREE,268509187,135999836 KB
2026-03-01T14:57:16.023549,(2(0)-1772395036:23549),GncDeployment.systemResources.NON_VOLATILE_TOTAL,268509186,239362496 KB
2026-03-01T14:57:16.023571,(2(0)-1772395036:23571),ComCcsds.comQueue.comQueueDepth,33554432,['0', '1']
2026-03-01T14:57:16.023573,(2(0)-1772395036:23573),ComCcsds.comQueue.buffQueueDepth,33554433,['0']
2026-03-01T14:57:17.028314,(2(0)-1772395037:28314),GncDeployment.systemResources.CPU_00,268509189,37.37 percent
2026-03-01T14:57:17.028349,(2(0)-1772395037:28349),GncDeployment.systemResources.CPU_01,268509190,37.00 percent
2026-03-01T14:57:17.028371,(2(0)-1772395037:28371),GncDeployment.systemResources.CPU_02,268509191,32.32 percent
2026-03-01T14:57:17.028393,(2(0)-1772395037:28393),GncDeployment.systemResources.CPU_03,268509192,29.00 percent
2026-03-01T14:57:17.028413,(2(0)-1772395037:28413),GncDeployment.systemResources.CPU_04,268509193,5.00 percent
2026-03-01T14:57:17.028432,(2(0)-1772395037:28432),GncDeployment.systemResources.CPU_05,268509194,3.96 percent
2026-03-01T14:57:17.028455,(2(0)-1772395037:28455),GncDeployment.systemResources.CPU_06,268509195,2.94 percent
2026-03-01T14:57:17.028474,(2(0)-1772395037:28474),GncDeployment.systemResources.CPU_07,268509196,6.00 percent
2026-03-01T14:57:17.028477,(2(0)-1772395037:28477),GncDeployment.systemResources.CPU,268509188,19.20 percent
2026-03-01T14:57:17.028495,(2(0)-1772395037:28495),GncDeployment.systemResources.MEMORY_TOTAL,268509184,4265728 KB
2026-03-01T14:57:17.028497,(2(0)-1772395037:28497),GncDeployment.systemResources.MEMORY_USED,268509185,4174864 KB
2026-03-01T14:57:17.028525,(2(0)-1772395037:28525),GncDeployment.systemResources.NON_VOLATILE_FREE,268509187,135999896 KB
2026-03-01T14:57:17.028527,(2(0)-1772395037:28527),GncDeployment.systemResources.NON_VOLATILE_TOTAL,268509186,239362496 KB
2026-03-01T14:57:17.028544,(2(0)-1772395037:28544),ComCcsds.comQueue.comQueueDepth,33554432,['0', '1']
2026-03-01T14:57:17.028547,(2(0)-1772395037:28547),ComCcsds.comQueue.buffQueueDepth,33554433,['0']
2026-03-01T14:57:18.032442,(2(0)-1772395038:32442),GncDeployment.systemResources.CPU_00,268509189,21.00 percent
2026-03-01T14:57:18.032475,(2(0)-1772395038:32475),GncDeployment.systemResources.CPU_01,268509190,21.00 percent
2026-03-01T14:57:18.032500,(2(0)-1772395038:32500),GncDeployment.systemResources.CPU_02,268509191,19.80 percent
2026-03-01T14:57:18.032524,(2(0)-1772395038:32524),GncDeployment.systemResources.CPU_03,268509192,12.00 percent
2026-03-01T14:57:18.032557,(2(0)-1772395038:32557),GncDeployment.systemResources.CPU_04,268509193,13.00 percent
2026-03-01T14:57:18.032585,(2(0)-1772395038:32585),GncDeployment.systemResources.CPU_05,268509194,8.00 percent
2026-03-01T14:57:18.032606,(2(0)-1772395038:32606),GncDeployment.systemResources.CPU_06,268509195,4.00 percent
2026-03-01T14:57:18.032628,(2(0)-1772395038:32628),GncDeployment.systemResources.CPU_07,268509196,2.00 percent
2026-03-01T14:57:18.032630,(2(0)-1772395038:32630),GncDeployment.systemResources.CPU,268509188,12.60 percent
2026-03-01T14:57:18.032647,(2(0)-1772395038:32647),GncDeployment.systemResources.MEMORY_TOTAL,268509184,4278768 KB
2026-03-01T14:57:18.032649,(2(0)-1772395038:32649),GncDeployment.systemResources.MEMORY_USED,268509185,4191616 KB
2026-03-01T14:57:18.032685,(2(0)-1772395038:32685),GncDeployment.systemResources.NON_VOLATILE_FREE,268509187,135999732 KB
2026-03-01T14:57:18.032686,(2(0)-1772395038:32686),GncDeployment.systemResources.NON_VOLATILE_TOTAL,268509186,239362496 KB
2026-03-01T14:57:18.032730,(2(0)-1772395038:32730),ComCcsds.comQueue.comQueueDepth,33554432,['0', '1']
2026-03-01T14:57:18.032734,(2(0)-1772395038:32734),ComCcsds.comQueue.buffQueueDepth,33554433,['0']
2026-03-01T14:57:19.036457,(2(0)-1772395039:36457),GncDeployment.systemResources.CPU_00,268509189,30.30 percent
2026-03-01T14:57:19.036480,(2(0)-1772395039:36480),GncDeployment.systemResources.CPU_01,268509190,29.00 percent
2026-03-01T14:57:19.036498,(2(0)-1772395039:36498),GncDeployment.systemResources.CPU_02,268509191,23.00 percent
2026-03-01T14:57:19.036515,(2(0)-1772395039:36515),GncDeployment.systemResources.CPU_03,268509192,23.00 percent
2026-03-01T14:57:19.036534,(2(0)-1772395039:36534),GncDeployment.systemResources.CPU_04,268509193,6.93 percent
2026-03-01T14:57:19.036550,(2(0)-1772395039:36550),GncDeployment.systemResources.CPU_05,268509194,3.00 percent
2026-03-01T14:57:19.036569,(2(0)-1772395039:36569),GncDeployment.systemResources.CPU_06,268509195,1.00 percent
2026-03-01T14:57:19.036585,(2(0)-1772395039:36585),GncDeployment.systemResources.CPU_07,268509196,0.99 percent
2026-03-01T14:57:19.036587,(2(0)-1772395039:36587),GncDeployment.systemResources.CPU,268509188,14.65 percent
2026-03-01T14:57:19.036597,(2(0)-1772395039:36597),GncDeployment.systemResources.MEMORY_TOTAL,268509184,4278144 KB
2026-03-01T14:57:19.036599,(2(0)-1772395039:36599),GncDeployment.systemResources.MEMORY_USED,268509185,4196176 KB
2026-03-01T14:57:19.036620,(2(0)-1772395039:36620),GncDeployment.systemResources.NON_VOLATILE_FREE,268509187,135999732 KB
2026-03-01T14:57:19.036621,(2(0)-1772395039:36621),GncDeployment.systemResources.NON_VOLATILE_TOTAL,268509186,239362496 KB
2026-03-01T14:57:19.036640,(2(0)-1772395039:36640),ComCcsds.comQueue.comQueueDepth,33554432,['0', '1']
2026-03-01T14:57:19.036643,(2(0)-1772395039:36643),ComCcsds.comQueue.buffQueueDepth,33554433,['0']
2026-03-01T14:57:20.041547,(2(0)-1772395040:41547),GncDeployment.systemResources.CPU_00,268509189,24.00 percent
2026-03-01T14:57:20.041582,(2(0)-1772395040:41582),GncDeployment.systemResources.CPU_01,268509190,19.19 percent
2026-03-01T14:57:20.041612,(2(0)-1772395040:41612),GncDeployment.systemResources.CPU_02,268509191,19.19 percent
2026-03-01T14:57:20.041640,(2(0)-1772395040:41640),GncDeployment.systemResources.CPU_03,268509192,14.14 percent
2026-03-01T14:57:20.041662,(2(0)-1772395040:41662),GncDeployment.systemResources.CPU_04,268509193,12.12 percent
2026-03-01T14:57:20.041687,(2(0)-1772395040:41687),GncDeployment.systemResources.CPU_05,268509194,7.92 percent
2026-03-01T14:57:20.041714,(2(0)-1772395040:41714),GncDeployment.systemResources.CPU_06,268509195,3.00 percent
2026-03-01T14:57:20.041745,(2(0)-1772395040:41745),GncDeployment.systemResources.CPU_07,268509196,2.00 percent
2026-03-01T14:57:20.041748,(2(0)-1772395040:41748),GncDeployment.systemResources.CPU,268509188,12.70 percent
2026-03-01T14:57:20.041768,(2(0)-1772395040:41768),GncDeployment.systemResources.MEMORY_TOTAL,268509184,4285936 KB
2026-03-01T14:57:20.041771,(2(0)-1772395040:41771),GncDeployment.systemResources.MEMORY_USED,268509185,4208144 KB
2026-03-01T14:57:20.041802,(2(0)-1772395040:41802),GncDeployment.systemResources.NON_VOLATILE_FREE,268509187,136000080 KB
2026-03-01T14:57:20.041804,(2(0)-1772395040:41804),GncDeployment.systemResources.NON_VOLATILE_TOTAL,268509186,239362496 KB
2026-03-01T14:57:20.041826,(2(0)-1772395040:41826),ComCcsds.comQueue.comQueueDepth,33554432,['0', '1']
2026-03-01T14:57:20.041830,(2(0)-1772395040:41830),ComCcsds.comQueue.buffQueueDepth,33554433,['0']
2026-03-01T14:57:21.044323,(2(0)-1772395041:44323),GncDeployment.systemResources.CPU_00,268509189,25.00 percent
2026-03-01T14:57:21.044372,(2(0)-1772395041:44372),GncDeployment.systemResources.CPU_01,268509190,22.00 percent
2026-03-01T14:57:21.044404,(2(0)-1772395041:44404),GncDeployment.systemResources.CPU_02,268509191,19.00 percent
2026-03-01T14:57:21.044424,(2(0)-1772395041:44424),GncDeployment.systemResources.CPU_03,268509192,18.81 percent
2026-03-01T14:57:21.044445,(2(0)-1772395041:44445),GncDeployment.systemResources.CPU_04,268509193,17.82 percent
2026-03-01T14:57:21.044469,(2(0)-1772395041:44469),GncDeployment.systemResources.CPU_05,268509194,8.00 percent
2026-03-01T14:57:21.044491,(2(0)-1772395041:44491),GncDeployment.systemResources.CPU_06,268509195,3.00 percent
2026-03-01T14:57:21.044507,(2(0)-1772395041:44507),GncDeployment.systemResources.CPU_07,268509196,1.98 percent
2026-03-01T14:57:21.044510,(2(0)-1772395041:44510),GncDeployment.systemResources.CPU,268509188,14.45 percent
2026-03-01T14:57:21.044525,(2(0)-1772395041:44525),GncDeployment.systemResources.MEMORY_TOTAL,268509184,4286880 KB
2026-03-01T14:57:21.044528,(2(0)-1772395041:44528),GncDeployment.systemResources.MEMORY_USED,268509185,4211424 KB
2026-03-01T14:57:21.044565,(2(0)-1772395041:44565),GncDeployment.systemResources.NON_VOLATILE_FREE,268509187,136000068 KB
2026-03-01T14:57:21.044567,(2(0)-1772395041:44567),GncDeployment.systemResources.NON_VOLATILE_TOTAL,268509186,239362496 KB
2026-03-01T14:57:21.044584,(2(0)-1772395041:44584),ComCcsds.comQueue.comQueueDepth,33554432,['0', '1']
2026-03-01T14:57:21.044588,(2(0)-1772395041:44588),ComCcsds.comQueue.buffQueueDepth,33554433,['0']
2026-03-01T14:57:22.047898,(2(0)-1772395042:47898),GncDeployment.systemResources.CPU_00,268509189,26.00 percent
2026-03-01T14:57:22.047928,(2(0)-1772395042:47928),GncDeployment.systemResources.CPU_01,268509190,20.00 percent
2026-03-01T14:57:22.048027,(2(0)-1772395042:48027),GncDeployment.systemResources.CPU_02,268509191,19.00 percent
2026-03-01T14:57:22.048054,(2(0)-1772395042:48054),GncDeployment.systemResources.CPU_03,268509192,13.13 percent
2026-03-01T14:57:22.048080,(2(0)-1772395042:48080),GncDeployment.systemResources.CPU_04,268509193,13.00 percent
2026-03-01T14:57:22.048103,(2(0)-1772395042:48103),GncDeployment.systemResources.CPU_05,268509194,8.00 percent
2026-03-01T14:57:22.048119,(2(0)-1772395042:48119),GncDeployment.systemResources.CPU_06,268509195,5.94 percent
2026-03-01T14:57:22.048136,(2(0)-1772395042:48136),GncDeployment.systemResources.CPU_07,268509196,2.97 percent
2026-03-01T14:57:22.048137,(2(0)-1772395042:48137),GncDeployment.systemResources.CPU,268509188,13.51 percent
2026-03-01T14:57:22.048152,(2(0)-1772395042:48152),GncDeployment.systemResources.MEMORY_TOTAL,268509184,4287008 KB
2026-03-01T14:57:22.048154,(2(0)-1772395042:48154),GncDeployment.systemResources.MEMORY_USED,268509185,4194016 KB
2026-03-01T14:57:22.048206,(2(0)-1772395042:48206),GncDeployment.systemResources.NON_VOLATILE_FREE,268509187,135999892 KB
2026-03-01T14:57:22.048208,(2(0)-1772395042:48208),GncDeployment.systemResources.NON_VOLATILE_TOTAL,268509186,239362496 KB
2026-03-01T14:57:22.048265,(2(0)-1772395042:48265),ComCcsds.comQueue.comQueueDepth,33554432,['0', '0']
2026-03-01T14:57:22.048267,(2(0)-1772395042:48267),ComCcsds.comQueue.buffQueueDepth,33554433,['0']
2026-03-01T14:57:23.052964,(2(0)-1772395043:52964),GncDeployment.systemResources.CPU_00,268509189,25.25 percent
2026-03-01T14:57:23.053027,(2(0)-1772395043:53027),GncDeployment.systemResources.CPU_01,268509190,24.24 percent
2026-03-01T14:57:23.053046,(2(0)-1772395043:53046),GncDeployment.systemResources.CPU_02,268509191,19.00 percent
2026-03-01T14:57:23.053064,(2(0)-1772395043:53064),GncDeployment.systemResources.CPU_03,268509192,18.81 percent
2026-03-01T14:57:23.053079,(2(0)-1772395043:53079),GncDeployment.systemResources.CPU_04,268509193,15.00 percent
2026-03-01T14:57:23.053098,(2(0)-1772395043:53098),GncDeployment.systemResources.CPU_05,268509194,8.00 percent
2026-03-01T14:57:23.053114,(2(0)-1772395043:53114),GncDeployment.systemResources.CPU_06,268509195,5.94 percent
2026-03-01T14:57:23.053130,(2(0)-1772395043:53130),GncDeployment.systemResources.CPU_07,268509196,3.03 percent
2026-03-01T14:57:23.053133,(2(0)-1772395043:53133),GncDeployment.systemResources.CPU,268509188,14.91 percent
2026-03-01T14:57:23.053145,(2(0)-1772395043:53145),GncDeployment.systemResources.MEMORY_TOTAL,268509184,4263968 KB
2026-03-01T14:57:23.053147,(2(0)-1772395043:53147),GncDeployment.systemResources.MEMORY_USED,268509185,4193824 KB
2026-03-01T14:57:23.053178,(2(0)-1772395043:53178),GncDeployment.systemResources.NON_VOLATILE_FREE,268509187,135999632 KB
2026-03-01T14:57:23.053179,(2(0)-1772395043:53179),GncDeployment.systemResources.NON_VOLATILE_TOTAL,268509186,239362496 KB
2026-03-01T14:57:23.053195,(2(0)-1772395043:53195),ComCcsds.comQueue.comQueueDepth,33554432,['0', '1']
2026-03-01T14:57:23.053197,(2(0)-1772395043:53197),ComCcsds.comQueue.buffQueueDepth,33554433,['0']
2026-03-01T14:57:25.053793,(2(0)-1772395045:53793),GncDeployment.systemResources.CPU_00,268509189,30.30 percent
2026-03-01T14:57:25.053823,(2(0)-1772395045:53823),GncDeployment.systemResources.CPU_01,268509190,28.57 percent
2026-03-01T14:57:25.053851,(2(0)-1772395045:53851),GncDeployment.systemResources.CPU_02,268509191,28.28 percent
2026-03-01T14:57:25.053934,(2(0)-1772395045:53934),GncDeployment.systemResources.CPU_03,268509192,23.23 percent
2026-03-01T14:57:25.053962,(2(0)-1772395045:53962),GncDeployment.systemResources.CPU_04,268509193,3.96 percent
2026-03-01T14:57:25.053986,(2(0)-1772395045:53986),GncDeployment.systemResources.CPU_05,268509194,2.97 percent
2026-03-01T14:57:25.054006,(2(0)-1772395045:54006),GncDeployment.systemResources.CPU_06,268509195,1.00 percent
2026-03-01T14:57:25.054026,(2(0)-1772395045:54026),GncDeployment.systemResources.CPU_07,268509196,1.98 percent
2026-03-01T14:57:25.054029,(2(0)-1772395045:54029),GncDeployment.systemResources.CPU,268509188,15.04 percent
2026-03-01T14:57:25.054043,(2(0)-1772395045:54043),GncDeployment.systemResources.MEMORY_TOTAL,268509184,4241888 KB
2026-03-01T14:57:25.054045,(2(0)-1772395045:54045),GncDeployment.systemResources.MEMORY_USED,268509185,4165312 KB
2026-03-01T14:57:25.054068,(2(0)-1772395045:54068),GncDeployment.systemResources.NON_VOLATILE_FREE,268509187,135999632 KB
2026-03-01T14:57:25.054069,(2(0)-1772395045:54069),GncDeployment.systemResources.NON_VOLATILE_TOTAL,268509186,239362496 KB
2026-03-01T14:57:25.054134,(2(0)-1772395045:54134),ComCcsds.comQueue.comQueueDepth,33554432,['0', '0']
2026-03-01T14:57:25.054142,(2(0)-1772395045:54142),ComCcsds.comQueue.buffQueueDepth,33554433,['0']
2026-03-01T14:57:27.061478,(2(0)-1772395047:61478),GncDeployment.systemResources.CPU_00,268509189,31.31 percent
2026-03-01T14:57:27.061505,(2(0)-1772395047:61505),GncDeployment.systemResources.CPU_01,268509190,29.29 percent
2026-03-01T14:57:27.061526,(2(0)-1772395047:61526),GncDeployment.systemResources.CPU_02,268509191,25.00 percent
2026-03-01T14:57:26.057727,(2(0)-1772395046:57727),GncDeployment.systemResources.CPU_03,268509192,25.25 percent
2026-03-01T14:57:26.057751,(2(0)-1772395046:57751),GncDeployment.systemResources.CPU_04,268509193,3.00 percent
2026-03-01T14:57:26.057772,(2(0)-1772395046:57772),GncDeployment.systemResources.CPU_05,268509194,0.00 percent
2026-03-01T14:57:26.057794,(2(0)-1772395046:57794),GncDeployment.systemResources.CPU_06,268509195,0.00 percent
2026-03-01T14:57:26.057814,(2(0)-1772395046:57814),GncDeployment.systemResources.CPU_07,268509196,0.00 percent
2026-03-01T14:57:26.057816,(2(0)-1772395046:57816),GncDeployment.systemResources.CPU,268509188,14.79 percent
2026-03-01T14:57:26.057831,(2(0)-1772395046:57831),GncDeployment.systemResources.MEMORY_TOTAL,268509184,4242576 KB
2026-03-01T14:57:26.057833,(2(0)-1772395046:57833),GncDeployment.systemResources.MEMORY_USED,268509185,4169120 KB
2026-03-01T14:57:26.057873,(2(0)-1772395046:57873),GncDeployment.systemResources.NON_VOLATILE_FREE,268509187,135999632 KB
2026-03-01T14:57:26.057875,(2(0)-1772395046:57875),GncDeployment.systemResources.NON_VOLATILE_TOTAL,268509186,239362496 KB
2026-03-01T14:57:26.057919,(2(0)-1772395046:57919),ComCcsds.comQueue.comQueueDepth,33554432,['0', '1']
2026-03-01T14:57:26.057922,(2(0)-1772395046:57922),ComCcsds.comQueue.buffQueueDepth,33554433,['0']
2026-03-01T14:57:27.061549,(2(0)-1772395047:61549),GncDeployment.systemResources.CPU_03,268509192,21.00 percent
2026-03-01T14:57:27.061574,(2(0)-1772395047:61574),GncDeployment.systemResources.CPU_04,268509193,7.92 percent
2026-03-01T14:57:27.061596,(2(0)-1772395047:61596),GncDeployment.systemResources.CPU_05,268509194,3.96 percent
2026-03-01T14:57:27.061613,(2(0)-1772395047:61613),GncDeployment.systemResources.CPU_06,268509195,3.96 percent
2026-03-01T14:57:27.061631,(2(0)-1772395047:61631),GncDeployment.systemResources.CPU_07,268509196,2.97 percent
2026-03-01T14:57:27.061635,(2(0)-1772395047:61635),GncDeployment.systemResources.CPU,268509188,15.68 percent
2026-03-01T14:57:27.061649,(2(0)-1772395047:61649),GncDeployment.systemResources.MEMORY_TOTAL,268509184,4242784 KB
2026-03-01T14:57:27.061651,(2(0)-1772395047:61651),GncDeployment.systemResources.MEMORY_USED,268509185,4179856 KB
2026-03-01T14:57:27.061683,(2(0)-1772395047:61683),GncDeployment.systemResources.NON_VOLATILE_FREE,268509187,135999628 KB
2026-03-01T14:57:27.061685,(2(0)-1772395047:61685),GncDeployment.systemResources.NON_VOLATILE_TOTAL,268509186,239362496 KB
2026-03-01T14:57:27.061702,(2(0)-1772395047:61702),ComCcsds.comQueue.comQueueDepth,33554432,['0', '1']
2026-03-01T14:57:27.061705,(2(0)-1772395047:61705),ComCcsds.comQueue.buffQueueDepth,33554433,['0']
2026-03-01T14:57:29.064424,(2(0)-1772395049:64424),GncDeployment.rateGroup2.RgMaxTime,268443648,119 us
2026-03-01T14:57:29.064461,(2(0)-1772395049:64461),GncDeployment.systemResources.CPU_00,268509189,23.23 percent
2026-03-01T14:57:28.062496,(2(0)-1772395048:62496),GncDeployment.systemResources.CPU_01,268509190,30.30 percent
2026-03-01T14:57:28.062521,(2(0)-1772395048:62521),GncDeployment.systemResources.CPU_02,268509191,25.00 percent
2026-03-01T14:57:28.062543,(2(0)-1772395048:62543),GncDeployment.systemResources.CPU_03,268509192,23.76 percent
2026-03-01T14:57:28.062566,(2(0)-1772395048:62566),GncDeployment.systemResources.CPU_04,268509193,15.15 percent
2026-03-01T14:57:28.062586,(2(0)-1772395048:62586),GncDeployment.systemResources.CPU_05,268509194,6.00 percent
2026-03-01T14:57:28.062607,(2(0)-1772395048:62607),GncDeployment.systemResources.CPU_06,268509195,4.00 percent
2026-03-01T14:57:28.062629,(2(0)-1772395048:62629),GncDeployment.systemResources.CPU_07,268509196,1.01 percent
2026-03-01T14:57:28.062632,(2(0)-1772395048:62632),GncDeployment.systemResources.CPU,268509188,17.03 percent
2026-03-01T14:57:28.062647,(2(0)-1772395048:62647),GncDeployment.systemResources.MEMORY_TOTAL,268509184,4239088 KB
2026-03-01T14:57:28.062650,(2(0)-1772395048:62650),GncDeployment.systemResources.MEMORY_USED,268509185,4171120 KB
2026-03-01T14:57:28.062682,(2(0)-1772395048:62682),GncDeployment.systemResources.NON_VOLATILE_FREE,268509187,135999432 KB
2026-03-01T14:57:28.062684,(2(0)-1772395048:62684),GncDeployment.systemResources.NON_VOLATILE_TOTAL,268509186,239362496 KB
2026-03-01T14:57:28.062712,(2(0)-1772395048:62712),ComCcsds.comQueue.comQueueDepth,33554432,['0', '1']
2026-03-01T14:57:28.062715,(2(0)-1772395048:62715),ComCcsds.comQueue.buffQueueDepth,33554433,['0']
2026-03-01T14:57:29.064483,(2(0)-1772395049:64483),GncDeployment.systemResources.CPU_01,268509190,22.00 percent
2026-03-01T14:57:29.064533,(2(0)-1772395049:64533),GncDeployment.systemResources.CPU_02,268509191,18.00 percent
2026-03-01T14:57:29.064552,(2(0)-1772395049:64552),GncDeployment.systemResources.CPU_03,268509192,18.18 percent
2026-03-01T14:57:29.064571,(2(0)-1772395049:64571),GncDeployment.systemResources.CPU_04,268509193,16.00 percent
2026-03-01T14:57:29.064588,(2(0)-1772395049:64588),GncDeployment.systemResources.CPU_05,268509194,7.00 percent
2026-03-01T14:57:29.064605,(2(0)-1772395049:64605),GncDeployment.systemResources.CPU_06,268509195,4.00 percent
2026-03-01T14:57:29.064628,(2(0)-1772395049:64628),GncDeployment.systemResources.CPU_07,268509196,2.97 percent
2026-03-01T14:57:29.064630,(2(0)-1772395049:64630),GncDeployment.systemResources.CPU,268509188,13.92 percent
2026-03-01T14:57:29.064643,(2(0)-1772395049:64643),GncDeployment.systemResources.MEMORY_TOTAL,268509184,4238832 KB
2026-03-01T14:57:29.064646,(2(0)-1772395049:64646),GncDeployment.systemResources.MEMORY_USED,268509185,4172992 KB
2026-03-01T14:57:29.064680,(2(0)-1772395049:64680),GncDeployment.systemResources.NON_VOLATILE_FREE,268509187,135999432 KB
2026-03-01T14:57:29.064681,(2(0)-1772395049:64681),GncDeployment.systemResources.NON_VOLATILE_TOTAL,268509186,239362496 KB
2026-03-01T14:57:29.064824,(2(0)-1772395049:64824),ComCcsds.comQueue.comQueueDepth,33554432,['0', '1']
2026-03-01T14:57:29.064826,(2(0)-1772395049:64826),ComCcsds.comQueue.buffQueueDepth,33554433,['0']
2026-03-01T14:57:31.067575,(2(0)-1772395051:67575),GncDeployment.systemResources.CPU_00,268509189,34.34 percent
2026-03-01T14:57:31.067587,(2(0)-1772395051:67587),GncDeployment.systemResources.CPU_01,268509190,30.30 percent
2026-03-01T14:57:31.067597,(2(0)-1772395051:67597),GncDeployment.systemResources.CPU_02,268509191,31.31 percent
2026-03-01T14:57:31.067606,(2(0)-1772395051:67606),GncDeployment.systemResources.CPU_03,268509192,24.24 percent
2026-03-01T14:57:30.066188,(2(0)-1772395050:66188),GncDeployment.systemResources.CPU_04,268509193,15.15 percent
2026-03-01T14:57:30.066304,(2(0)-1772395050:66304),GncDeployment.systemResources.CPU_05,268509194,6.00 percent
2026-03-01T14:57:30.066336,(2(0)-1772395050:66336),GncDeployment.systemResources.CPU_06,268509195,1.01 percent
2026-03-01T14:57:30.066364,(2(0)-1772395050:66364),GncDeployment.systemResources.CPU_07,268509196,1.00 percent
2026-03-01T14:57:30.066366,(2(0)-1772395050:66366),GncDeployment.systemResources.CPU,268509188,14.04 percent
2026-03-01T14:57:30.066382,(2(0)-1772395050:66382),GncDeployment.systemResources.MEMORY_TOTAL,268509184,4250992 KB
2026-03-01T14:57:30.066385,(2(0)-1772395050:66385),GncDeployment.systemResources.MEMORY_USED,268509185,4186688 KB
2026-03-01T14:57:30.066421,(2(0)-1772395050:66421),GncDeployment.systemResources.NON_VOLATILE_FREE,268509187,135999452 KB
2026-03-01T14:57:30.066423,(2(0)-1772395050:66423),GncDeployment.systemResources.NON_VOLATILE_TOTAL,268509186,239362496 KB
2026-03-01T14:57:30.066457,(2(0)-1772395050:66457),ComCcsds.comQueue.comQueueDepth,33554432,['0', '1']
2026-03-01T14:57:30.066461,(2(0)-1772395050:66461),ComCcsds.comQueue.buffQueueDepth,33554433,['0']
2026-03-01T14:57:31.067615,(2(0)-1772395051:67615),GncDeployment.systemResources.CPU_04,268509193,20.00 percent
2026-03-01T14:57:31.067678,(2(0)-1772395051:67678),GncDeployment.systemResources.CPU_05,268509194,13.13 percent
2026-03-01T14:57:31.067687,(2(0)-1772395051:67687),GncDeployment.systemResources.CPU_06,268509195,9.00 percent
2026-03-01T14:57:31.067694,(2(0)-1772395051:67694),GncDeployment.systemResources.CPU_07,268509196,8.00 percent
2026-03-01T14:57:31.067695,(2(0)-1772395051:67695),GncDeployment.systemResources.CPU,268509188,21.29 percent
2026-03-01T14:57:31.067703,(2(0)-1772395051:67703),GncDeployment.systemResources.MEMORY_TOTAL,268509184,4257456 KB
2026-03-01T14:57:31.067704,(2(0)-1772395051:67704),GncDeployment.systemResources.MEMORY_USED,268509185,4195696 KB
2026-03-01T14:57:31.067718,(2(0)-1772395051:67718),GncDeployment.systemResources.NON_VOLATILE_FREE,268509187,135999364 KB
2026-03-01T14:57:31.067719,(2(0)-1772395051:67719),GncDeployment.systemResources.NON_VOLATILE_TOTAL,268509186,239362496 KB
2026-03-01T14:57:31.067752,(2(0)-1772395051:67752),ComCcsds.comQueue.comQueueDepth,33554432,['0', '1']
2026-03-01T14:57:31.067754,(2(0)-1772395051:67754),ComCcsds.comQueue.buffQueueDepth,33554433,['0']
2026-03-01T14:57:32.071471,(2(0)-1772395052:71471),GncDeployment.systemResources.CPU_00,268509189,31.00 percent
2026-03-01T14:57:32.071506,(2(0)-1772395052:71506),GncDeployment.systemResources.CPU_01,268509190,30.00 percent
2026-03-01T14:57:32.071535,(2(0)-1772395052:71535),GncDeployment.systemResources.CPU_02,268509191,25.74 percent
2026-03-01T14:57:32.071563,(2(0)-1772395052:71563),GncDeployment.systemResources.CPU_03,268509192,22.00 percent
2026-03-01T14:57:32.071586,(2(0)-1772395052:71586),GncDeployment.systemResources.CPU_04,268509193,15.84 percent
2026-03-01T14:57:32.071616,(2(0)-1772395052:71616),GncDeployment.systemResources.CPU_05,268509194,10.00 percent
2026-03-01T14:57:32.071640,(2(0)-1772395052:71640),GncDeployment.systemResources.CPU_06,268509195,4.95 percent
2026-03-01T14:57:32.071666,(2(0)-1772395052:71666),GncDeployment.systemResources.CPU_07,268509196,3.00 percent
2026-03-01T14:57:32.071669,(2(0)-1772395052:71669),GncDeployment.systemResources.CPU,268509188,17.82 percent
2026-03-01T14:57:32.071690,(2(0)-1772395052:71690),GncDeployment.systemResources.MEMORY_TOTAL,268509184,4261568 KB
2026-03-01T14:57:32.071692,(2(0)-1772395052:71692),GncDeployment.systemResources.MEMORY_USED,268509185,4200480 KB
2026-03-01T14:57:32.071735,(2(0)-1772395052:71735),GncDeployment.systemResources.NON_VOLATILE_FREE,268509187,135999908 KB
2026-03-01T14:57:32.071737,(2(0)-1772395052:71737),GncDeployment.systemResources.NON_VOLATILE_TOTAL,268509186,239362496 KB
2026-03-01T14:57:32.071759,(2(0)-1772395052:71759),ComCcsds.comQueue.comQueueDepth,33554432,['0', '1']
2026-03-01T14:57:32.071763,(2(0)-1772395052:71763),ComCcsds.comQueue.buffQueueDepth,33554433,['0']
2026-03-01T14:57:33.073438,(2(0)-1772395053:73438),GncDeployment.systemResources.CPU_00,268509189,22.00 percent
2026-03-01T14:57:33.073478,(2(0)-1772395053:73478),GncDeployment.systemResources.CPU_01,268509190,23.00 percent
2026-03-01T14:57:33.073502,(2(0)-1772395053:73502),GncDeployment.systemResources.CPU_02,268509191,18.18 percent
2026-03-01T14:57:33.073529,(2(0)-1772395053:73529),GncDeployment.systemResources.CPU_03,268509192,18.00 percent
2026-03-01T14:57:33.073556,(2(0)-1772395053:73556),GncDeployment.systemResources.CPU_04,268509193,10.10 percent
2026-03-01T14:57:33.073581,(2(0)-1772395053:73581),GncDeployment.systemResources.CPU_05,268509194,9.90 percent
2026-03-01T14:57:33.073608,(2(0)-1772395053:73608),GncDeployment.systemResources.CPU_06,268509195,7.92 percent
2026-03-01T14:57:33.073635,(2(0)-1772395053:73635),GncDeployment.systemResources.CPU_07,268509196,7.00 percent
2026-03-01T14:57:33.073639,(2(0)-1772395053:73639),GncDeployment.systemResources.CPU,268509188,14.51 percent
2026-03-01T14:57:33.073658,(2(0)-1772395053:73658),GncDeployment.systemResources.MEMORY_TOTAL,268509184,4285200 KB
2026-03-01T14:57:33.073662,(2(0)-1772395053:73662),GncDeployment.systemResources.MEMORY_USED,268509185,4222608 KB
2026-03-01T14:57:33.073697,(2(0)-1772395053:73697),GncDeployment.systemResources.NON_VOLATILE_FREE,268509187,135999896 KB
2026-03-01T14:57:33.073698,(2(0)-1772395053:73698),GncDeployment.systemResources.NON_VOLATILE_TOTAL,268509186,239362496 KB
2026-03-01T14:57:33.073718,(2(0)-1772395053:73718),ComCcsds.comQueue.comQueueDepth,33554432,['0', '1']
2026-03-01T14:57:33.073722,(2(0)-1772395053:73722),ComCcsds.comQueue.buffQueueDepth,33554433,['0']
2026-03-01T14:57:33.073418,(2(0)-1772395053:73418),GncDeployment.rateGroup2.RgMaxTime,268443648,145 us
2026-03-01T14:57:34.078384,(2(0)-1772395054:78384),GncDeployment.systemResources.CPU_00,268509189,28.00 percent
2026-03-01T14:57:34.078404,(2(0)-1772395054:78404),GncDeployment.systemResources.CPU_01,268509190,24.24 percent
2026-03-01T14:57:34.078422,(2(0)-1772395054:78422),GncDeployment.systemResources.CPU_02,268509191,24.75 percent
2026-03-01T14:57:34.078437,(2(0)-1772395054:78437),GncDeployment.systemResources.CPU_03,268509192,20.00 percent
2026-03-01T14:57:34.078453,(2(0)-1772395054:78453),GncDeployment.systemResources.CPU_04,268509193,9.90 percent
2026-03-01T14:57:34.078467,(2(0)-1772395054:78467),GncDeployment.systemResources.CPU_05,268509194,1.01 percent
2026-03-01T14:57:34.078480,(2(0)-1772395054:78480),GncDeployment.systemResources.CPU_06,268509195,1.01 percent
2026-03-01T14:57:34.078493,(2(0)-1772395054:78493),GncDeployment.systemResources.CPU_07,268509196,1.96 percent
2026-03-01T14:57:34.078494,(2(0)-1772395054:78494),GncDeployment.systemResources.CPU,268509188,13.86 percent
2026-03-01T14:57:34.078504,(2(0)-1772395054:78504),GncDeployment.systemResources.MEMORY_TOTAL,268509184,4289344 KB
2026-03-01T14:57:34.078506,(2(0)-1772395054:78506),GncDeployment.systemResources.MEMORY_USED,268509185,4210496 KB
2026-03-01T14:57:34.078524,(2(0)-1772395054:78524),GncDeployment.systemResources.NON_VOLATILE_FREE,268509187,135999892 KB
2026-03-01T14:57:34.078525,(2(0)-1772395054:78525),GncDeployment.systemResources.NON_VOLATILE_TOTAL,268509186,239362496 KB
2026-03-01T14:57:34.078565,(2(0)-1772395054:78565),ComCcsds.comQueue.comQueueDepth,33554432,['0', '1']
2026-03-01T14:57:34.078571,(2(0)-1772395054:78571),ComCcsds.comQueue.buffQueueDepth,33554433,['0']
